SCHOOL_NAME,PUBLIC,GRADES,GRADE_TYPE,ACCREDITED,ADDRESS,CITY,STATE,ZIPCODE,OPI_SC,DISTRICT_NAME,LE_NUMBER,County_Cod,County_Nam,District_N,DIST_TYPE,SDLEA,Acres,AreaSqMi,CO,COUNTY,LE,DISTRICT,FY87,FY88,FY89,FY90,FY91,FY92,FY93,FY94,FY95,FY96,FY97,FY98,FY99,FY00,FY01,FY02,FY03,FY04,FY05,FY06,FY07,FY08,FY09,FY10,FY11,FY12,FY13,FY14,FY15,FY16,FY17,FY18,FY19,FY20,FY2021,FY2022,FY2023,FY2024,FY2025,enroll_2005,enroll_2015,enroll_2025,pct_change_20yr,pct_change_10yr,pct_change_5yr,ncessch,match_score,ccd_enroll_1990,ccd_enroll_1991,ccd_enroll_1992,ccd_enroll_1993,ccd_enroll_1994,ccd_enroll_1995,ccd_enroll_1996,ccd_enroll_1997,ccd_enroll_1998,ccd_enroll_1999,ccd_enroll_2000,ccd_enroll_2001,ccd_enroll_2002,ccd_enroll_2003,ccd_enroll_2004,ccd_enroll_2005,ccd_enroll_2006,ccd_enroll_2007,ccd_enroll_2008,ccd_enroll_2009,ccd_enroll_2010,ccd_enroll_2011,ccd_enroll_2012,ccd_enroll_2013,ccd_enroll_2014,ccd_enroll_2015,ccd_enroll_2016,ccd_enroll_2017,ccd_enroll_2018,ccd_enroll_2019,ccd_enroll_2020,ccd_enroll_2021,ccd_enroll_2022,ccd_enroll_2023,longitude,latitude
Saco High School,PUBLIC,HS,High School,YES,321 Highway 243,Saco,MT,59261,0873,SACO HIGH SCHOOL,0657,36,Phillips,12B,Secondary,23400,434657.0834,679.1516929,36,Phillips,0657,SACO H S,39.0,41.0,36.0,31.0,36.0,36.0,37.0,44.0,55.0,51.0,50.0,45.0,45.0,46.0,40.0,38.0,31.0,33.0,32.0,36.0,34.0,34.0,32.0,36.0,34.0,34.0,30.0,25.0,20.0,17.0,16.0,15.0,16.0,13.0,16,15,10,14,15,32.0,20.0,15,-53.125,-25.0,-6.25,302340000683,100.0,33.0,38.0,42.0,56.0,50.0,48.0,44.0,43.0,44.0,38.0,36.0,27.0,34.0,30.0,32.0,34.0,30.0,28.0,33.0,33.0,30.0,24.0,17.0,15.0,15.0,13.0,12.0,18.0,17.0,13.0,16.0,15.0,10.0,14.0,759336.2264999971,470072.3552000001
Simms High School,PUBLIC,HS,High School,YES,123 Walker Street,Simms,MT,59477,0174,SIMMS HIGH SCHOOL,0118,07,Cascade,F,Secondary,24330,223472.684595,349.17606973,07,Cascade,0118,SUN RIVER VALLEY H S (SIMMS),188.0,170.0,159.0,155.0,164.0,155.0,149.0,162.0,174.0,173.0,185.0,176.0,176.0,191.0,183.0,187.0,163.0,157.0,140.0,140.0,131.0,125.0,123.0,121.0,118.0,119.0,114.0,110.0,107.0,104.0,100.0,95.0,94.0,100.0,119,112,101,101,91,140.0,107.0,91,-35.0,-14.953271028037381,-23.52941176470588,302433000704,100.0,141.0,150.0,161.0,177.0,167.0,180.0,170.0,167.0,186.0,180.0,180.0,161.0,153.0,139.0,121.0,123.0,108.0,113.0,115.0,106.0,114.0,105.0,99.0,103.0,98.0,89.0,90.0,101.0,99.0,100.0,119.0,112.0,101.0,101.0,417166.9997999966,363034.7060999982
Beaverhead Co High School,PUBLIC,HS,High School,YES,104 North Pacific Street,Dillon,MT,59725,0023,BEAVERHEAD COUNTY HIGH SCHOOL,0006,01,Beaverhead,CO,Secondary,03090,2526973.67055,3948.39636075,01,Beaverhead,0006,BEAVERHEAD CO HS,406.0,395.0,409.0,390.0,412.0,406.0,441.0,473.0,489.0,510.0,553.0,540.0,584.0,570.0,529.0,492.0,440.0,425.0,434.0,431.0,424.0,407.0,391.0,369.0,361.0,368.0,357.0,366.0,359.0,358.0,351.0,344.0,301.0,326.0,323,325,339,336,339,434.0,359.0,339,-21.889400921658986,-5.571030640668524,4.953560371517028,300309000041,100.0,415.0,421.0,461.0,472.0,497.0,534.0,519.0,569.0,540.0,516.0,480.0,426.0,412.0,418.0,414.0,392.0,375.0,372.0,336.0,344.0,363.0,336.0,355.0,349.0,343.0,332.0,326.0,310.0,307.0,326.0,323.0,325.0,339.0,336.0,353984.77899999917,112367.80550000072
Superior High School,PUBLIC,HS,High School,YES,410 Arizona Avenue,Superior,MT,59872,0768,SUPERIOR K-12 SCHOOLS,0579,31,Mineral,3,Unified,25470,301601.778389,471.25277879,31,Mineral,0579,SUPERIOR K-12 SCHOOLS,126.0,120.0,107.0,125.0,121.0,128.0,130.0,137.0,139.0,148.0,163.0,485.0,448.0,422.0,392.0,379.0,392.0,408.0,397.0,401.0,391.0,392.0,385.0,373.0,348.0,327.0,310.0,306.0,318.0,302.0,290.0,284.0,276.0,317.0,333,352,325,333,308,397.0,318.0,308,-22.418136020151135,-3.1446540880503147,-7.5075075075075075,302547000729,100.0,124.0,131.0,132.0,132.0,138.0,156.0,178.0,154.0,151.0,127.0,118.0,136.0,133.0,141.0,132.0,124.0,119.0,138.0,143.0,135.0,110.0,110.0,109.0,100.0,86.0,76.0,75.0,73.0,71.0,89.0,105.0,110.0,112.0,103.0,192829.7248999998,340534.3376000002
Manhattan H S,PUBLIC,HS,High School,YES,416 North Broadway Street,Manhattan,MT,59741,0465,MANHATTAN HIGH SCHOOL,0348,16,Gallatin,3,Secondary,17640,275631.754138,430.6746159,16,Gallatin,0348,MANHATTAN H S,170.0,155.0,147.0,127.0,141.0,156.0,175.0,199.0,205.0,208.0,218.0,212.0,213.0,218.0,225.0,220.0,218.0,210.0,221.0,220.0,218.0,216.0,229.0,217.0,213.0,207.0,199.0,197.0,204.0,209.0,227.0,263.0,267.0,259.0,249,260,239,241,241,221.0,204.0,241,9.049773755656108,18.137254901960784,-3.2128514056224895,301764000548,100.0,159.0,179.0,191.0,199.0,204.0,215.0,207.0,211.0,209.0,217.0,214.0,208.0,204.0,214.0,219.0,205.0,208.0,223.0,203.0,196.0,201.0,183.0,190.0,200.0,204.0,220.0,239.0,256.0,271.0,259.0,249.0,260.0,239.0,241.0,457967.6643999964,180785.89970000088
Huntley Project High Schl,PUBLIC,HS,High School,YES,2436 North 15th Road,Worden,MT,59088,1298,HUNTLEY PROJECT K-12 SCHOOLS,0983,56,Yellowstone,24,Unified,14700,484664.490513,757.28826652,56,Yellowstone,0983,HUNTLEY PROJ K-12 SCHOOLS,226.0,191.0,201.0,177.0,195.0,185.0,184.0,212.0,232.0,783.0,791.0,784.0,749.0,743.0,767.0,773.0,776.0,785.0,786.0,775.0,755.0,768.0,769.0,751.0,745.0,752.0,788.0,804.0,806.0,813.0,824.0,834.0,784.0,760.0,724,749,770,773,751,786.0,806.0,751,-4.4529262086514,-6.823821339950372,3.7292817679558015,301470000452,100.0,180.0,177.0,204.0,226.0,241.0,263.0,249.0,234.0,249.0,255.0,259.0,262.0,259.0,274.0,269.0,247.0,253.0,230.0,227.0,240.0,228.0,232.0,240.0,258.0,247.0,262.0,261.0,259.0,251.0,235.0,228.0,215.0,230.0,218.0,703437.4909999967,191010.1651000008
Laurel High School,PUBLIC,HS,High School,YES,203 East 8th Street,Laurel,MT,59044,1284,LAUREL HIGH SCHOOL,0971,56,Yellowstone,7,Secondary,16230,100725.977501,157.38433987,56,Yellowstone,0971,LAUREL H S,543.0,537.0,543.0,514.0,534.0,543.0,570.0,612.0,646.0,652.0,634.0,664.0,677.0,638.0,648.0,607.0,595.0,604.0,568.0,581.0,603.0,596.0,626.0,653.0,637.0,638.0,649.0,654.0,669.0,674.0,678.0,673.0,628.0,642.0,646,625,617,608,575,568.0,669.0,575,1.232394366197183,-14.050822122571002,-10.990712074303406,301623000501,100.0,564.0,570.0,594.0,631.0,640.0,620.0,642.0,656.0,623.0,630.0,586.0,587.0,596.0,552.0,551.0,585.0,582.0,613.0,631.0,616.0,616.0,631.0,609.0,649.0,662.0,661.0,652.0,635.0,642.0,641.0,646.0,629.0,619.0,609.0,656861.8207999989,158849.6801000014
St Ignatius High School,PUBLIC,HS,High School,YES,76 3rd Avenue,St Ignatius,MT,59865,0643,ST IGNATIUS K-12 SCHOOLS,0481,24,Lake,28,Unified,06110,118692.663639,185.45728696,24,Lake,0481,ST IGNATIUS K-12 SCHOOLS,153.0,161.0,143.0,158.0,165.0,167.0,589.0,635.0,606.0,650.0,616.0,623.0,603.0,601.0,594.0,573.0,562.0,550.0,540.0,540.0,522.0,517.0,498.0,496.0,530.0,513.0,515.0,497.0,498.0,487.0,503.0,510.0,503.0,483.0,478,480,480,461,450,540.0,498.0,450,-16.666666666666664,-9.63855421686747,-5.857740585774058,300611000175,100.0,152.0,158.0,176.0,159.0,165.0,163.0,168.0,161.0,171.0,170.0,175.0,180.0,181.0,186.0,179.0,166.0,151.0,147.0,148.0,155.0,153.0,150.0,126.0,128.0,122.0,139.0,139.0,138.0,138.0,128.0,129.0,136.0,141.0,135.0,253308.3505000025,351155.0489999987
Stanford High School,PUBLIC,HS,High School,YES,104 4th Avenue South,Stanford,MT,59479,0618,STANFORD K-12 SCHOOLS,0464,23,Judith Basin,12,Unified,24990,531982.250102,831.22226589,23,Judith Basin,0464,STANFORD K-12 SCHOOLS,50.0,51.0,55.0,55.0,57.0,61.0,58.0,185.0,181.0,190.0,189.0,178.0,177.0,167.0,169.0,169.0,162.0,145.0,143.0,139.0,133.0,132.0,128.0,131.0,125.0,120.0,110.0,99.0,97.0,92.0,102.0,127.0,133.0,117.0,115,99,105,103,101,143.0,97.0,101,-29.37062937062937,4.123711340206185,-12.173913043478262,302499000717,100.0,58.0,53.0,62.0,53.0,63.0,63.0,56.0,62.0,60.0,61.0,65.0,58.0,52.0,58.0,50.0,52.0,53.0,47.0,47.0,43.0,36.0,31.0,24.0,22.0,19.0,22.0,28.0,37.0,35.0,27.0,25.0,25.0,30.0,33.0,545537.503700003,322349.64939999953
Westby High School,PUBLIC,HS,High School,YES,101 5th Avenue East,Westby,MT,59275,1062,WESTBY K-12 SCHOOLS,0819,46,Sheridan,3,Unified,27730,183621.708474,286.90891953,46,Sheridan,0819,WESTBY K-12 SCHOOLS,51.0,43.0,39.0,36.0,39.0,38.0,35.0,32.0,32.0,34.0,37.0,40.0,33.0,80.0,73.0,65.0,63.0,50.0,47.0,51.0,53.0,55.0,60.0,57.0,62.0,66.0,69.0,69.0,68.0,66.0,74.0,68.0,55.0,62.0,52,46,47,48,55,47.0,68.0,55,17.02127659574468,-19.11764705882353,5.769230769230769,302773000771,100.0,36.0,30.0,30.0,31.0,32.0,36.0,38.0,31.0,33.0,33.0,24.0,22.0,16.0,9.0,11.0,14.0,16.0,17.0,13.0,18.0,22.0,25.0,24.0,25.0,24.0,20.0,23.0,19.0,17.0,24.0,19.0,24.0,24.0,19.0,999475.7336999997,526977.2892999984
MT Sch For Deaf & Blnd HS,PUBLIC,HS,High School,YES,3911 Central Avenue,Great Falls,MT,59405,9371,GREAT FALLS HIGH SCHOOL,0099,07,Cascade,A,Secondary,13050,254649.143486,397.88928675,07,Cascade,0099,GREAT FALLS H S,3649.0,3488.0,3358.0,3340.0,3279.0,3247.0,3321.0,3597.0,3729.0,3790.0,3919.0,4009.0,3975.0,4020.0,3973.0,3837.0,3874.0,3758.0,3676.0,3703.0,3668.0,3699.0,3623.0,3549.0,3420.0,3311.0,3205.0,3110.0,3091.0,3062.0,3054.0,3025.0,2806.0,2967.0,2981,3110,3087,3064,2945,3676.0,3091.0,2945,-19.88574537540805,-4.723390488515044,-1.207648440120765,300010000114,100.0,,,,30.0,28.0,31.0,30.0,30.0,24.0,33.0,36.0,35.0,26.0,33.0,29.0,38.0,33.0,17.0,20.0,15.0,12.0,14.0,10.0,7.0,13.0,12.0,13.0,15.0,18.0,14.0,14.0,11.0,15.0,13.0,469044.3077000007,363197.311999999
Belgrade High School,PUBLIC,HS,High School,YES,303 North Hoffman Street,Belgrade,MT,59714,0491,BELGRADE HIGH SCHOOL,0369,16,Gallatin,44,Secondary,03330,154604.407009,241.56938598,16,Gallatin,0369,BELGRADE H S,387.0,401.0,402.0,380.0,396.0,407.0,426.0,487.0,527.0,565.0,596.0,643.0,682.0,721.0,719.0,727.0,722.0,741.0,760.0,802.0,817.0,840.0,873.0,852.0,855.0,904.0,866.0,874.0,877.0,877.0,868.0,882.0,919.0,1002.0,987,1036,993,986,944,760.0,877.0,944,24.210526315789473,7.639680729760548,-4.356636271529888,300333000046,100.0,401.0,428.0,469.0,496.0,531.0,566.0,613.0,661.0,703.0,693.0,708.0,705.0,725.0,744.0,781.0,802.0,813.0,861.0,828.0,830.0,887.0,834.0,849.0,854.0,857.0,826.0,860.0,900.0,965.0,1001.0,987.0,1036.0,994.0,994.0,469553.1371999979,171650.09200000018
Belfry High School,PUBLIC,HS,High School,YES,200 Wisconsin Street,Belfry,MT,59008,0103,BELFRY K-12 SCHOOLS,0076,05,Carbon,3,Unified,03270,138706.338356,216.72865371,05,Carbon,0076,BELFRY K-12 SCHOOLS,42.0,45.0,55.0,56.0,59.0,57.0,49.0,127.0,124.0,124.0,130.0,135.0,134.0,127.0,123.0,124.0,121.0,112.0,110.0,105.0,100.0,90.0,84.0,76.0,67.0,54.0,43.0,37.0,41.0,55.0,49.0,63.0,62.0,56.0,67,61,64,57,51,110.0,41.0,51,-53.63636363636364,24.390243902439025,-23.88059701492537,300327000043,100.0,52.0,41.0,40.0,46.0,48.0,53.0,55.0,52.0,48.0,44.0,53.0,56.0,53.0,46.0,38.0,47.0,31.0,34.0,27.0,17.0,14.0,9.0,9.0,8.0,13.0,12.0,18.0,15.0,20.0,18.0,21.0,16.0,17.0,14.0,638903.8394000009,99365.64400000125
Terry High School,PUBLIC,HS,High School,YES,215 Park Street East,Terry,MT,59349,0958,TERRY K-12 SCHOOLS,0726,40,Prairie,5,Unified,25950,1113693.86673,1740.14666699,40,Prairie,0726,TERRY K-12 SCHOOLS,112.0,119.0,107.0,109.0,111.0,102.0,90.0,263.0,251.0,259.0,258.0,238.0,237.0,218.0,186.0,187.0,186.0,181.0,177.0,173.0,163.0,153.0,141.0,137.0,148.0,155.0,156.0,149.0,158.0,174.0,166.0,159.0,133.0,134.0,138,139,147,153,161,177.0,158.0,161,-9.03954802259887,1.89873417721519,16.666666666666664,302595000736,100.0,94.0,82.0,89.0,74.0,87.0,98.0,91.0,93.0,81.0,71.0,69.0,68.0,59.0,65.0,61.0,53.0,40.0,35.0,37.0,42.0,51.0,54.0,47.0,42.0,42.0,45.0,36.0,45.0,37.0,29.0,25.0,29.0,33.0,40.0,919738.2317000031,290949.2435999997
White Sulphur Springs HS,PUBLIC,HS,High School,YES,405 Central Avenue South,White Sulphur Springs,MT,59645,0759,WHITE SULPHUR SPRINGS K-12,0570,30,Meagher,8,Unified,28770,1530938.14974,2392.09085928,30,Meagher,0570,WHT SULPHUR SPGS K12,114.0,98.0,102.0,110.0,110.0,109.0,104.0,99.0,97.0,101.0,108.0,110.0,115.0,102.0,100.0,85.0,79.0,83.0,80.0,83.0,90.0,86.0,87.0,84.0,82.0,80.0,77.0,71.0,66.0,220.0,224.0,238.0,219.0,212.0,193,194,186,180,164,80.0,66.0,164,105.0,148.4848484848485,-15.025906735751295,302877000803,100.0,105.0,93.0,96.0,92.0,95.0,96.0,108.0,111.0,97.0,95.0,82.0,78.0,81.0,78.0,79.0,86.0,83.0,85.0,78.0,76.0,79.0,69.0,61.0,61.0,61.0,60.0,61.0,62.0,70.0,71.0,71.0,67.0,56.0,59.0,492396.56440000236,255930.09369999915
East Helena High School,PUBLIC,HS,High School,YES,2760 Valley Drive,East Helena,MT,59635,1861,EAST HELENA K-12,1240,25,Lewis & Clark,9,Unified,00655,130839.808818,204.43720131,25,Lewis and Clark,1240,EAST HELENA K-12,0.0,0.0,0.0,0.0,0.0,0.0,0.0,0.0,0.0,0.0,0.0,0.0,0.0,0.0,0.0,0.0,0.0,0.0,0.0,0.0,0.0,0.0,0.0,0.0,0.0,0.0,0.0,0.0,0.0,0.0,0.0,0.0,1263.0,1387.0,1518,1751,1964,1914,1921,0.0,0.0,1921,,,26.54808959156785,300065501126,100.0,,,,,,,,,,,,,,,,,,,,,,,,,,,,,,123.0,260.0,428.0,580.0,582.0,415036.7747000009,264432.79619999975
Augusta High School,PUBLIC,HS,High School,YES,410 Broadway Street,Augusta,MT,59410,0677,AUGUSTA HIGH SCHOOL,0503,25,Lewis & Clark,45,Secondary,02450,807820.036286,1262.21880686,25,Lewis and Clark,0503,AUGUSTA H S,40.0,51.0,38.0,28.0,35.0,32.0,34.0,48.0,47.0,51.0,51.0,49.0,50.0,57.0,50.0,46.0,42.0,39.0,40.0,39.0,44.0,41.0,41.0,39.0,40.0,42.0,39.0,36.0,31.0,28.0,30.0,28.0,31.0,20.0,22,21,24,29,33,40.0,31.0,33,-17.5,6.451612903225806,50.0,300245000025,100.0,31.0,36.0,46.0,44.0,49.0,49.0,48.0,47.0,57.0,48.0,43.0,39.0,37.0,38.0,37.0,42.0,38.0,37.0,36.0,38.0,40.0,34.0,28.0,26.0,25.0,28.0,26.0,36.0,30.0,20.0,22.0,21.0,24.0,29.0,381786.2502000034,364227.3942999989
Lockwood High School,PUBLIC,HS,High School,YES,1932 United States Highway 87 East,Lockwood,MT,59101,1862,LOCKWOOD K-12,1241,56,Yellowstone,26,Unified,00656,30268.8932595,47.29514572,56,Yellowstone,1241,LOCKWOOD K-12,0.0,0.0,0.0,0.0,0.0,0.0,0.0,0.0,0.0,0.0,0.0,0.0,0.0,0.0,0.0,0.0,0.0,0.0,0.0,0.0,0.0,0.0,0.0,0.0,0.0,0.0,0.0,0.0,0.0,0.0,0.0,0.0,0.0,1268.0,1342,1541,1726,1683,1550,0.0,0.0,1550,,,15.499254843517138,300065601125,100.0,,,,,,,,,,,,,,,,,,,,,,,,,,,,,,100.0,222.0,399.0,546.0,556.0,682877.758100003,172341.58069999889
Gallatin High School,PUBLIC,HS,High School,YES,4450 Annie Street,Bozeman,MT,59718,1864,BOZEMAN HIGH SCHOOL,0351,16,Gallatin,7,Secondary,04590,502775.722492,785.5870665,16,Gallatin,0351,BOZEMAN H S,1361.0,1330.0,1276.0,1266.0,1281.0,1278.0,1309.0,1394.0,1491.0,1618.0,1668.0,1701.0,1773.0,1843.0,1890.0,1926.0,1924.0,1920.0,1894.0,2005.0,2022.0,1999.0,1987.0,1948.0,1911.0,1872.0,1884.0,1936.0,2005.0,2016.0,2160.0,2242.0,2154.0,2260.0,2389,2498,2624,2736,2781,1894.0,2005.0,2781,46.83210137275607,38.70324189526185,16.408539137714527,300459001128,100.0,,,,,,,,,,,,,,,,,,,,,,,,,,,,,,,926.0,1274.0,1351.0,1479.0,475360.51829999685,161503.5161000006
Power High School,PUBLIC,HS,High School,YES,402 Teton Avenue,Power,MT,59468,1159,POWER HIGH SCHOOL,0895,50,Teton,30,Secondary,21540,123355.588538,192.74310712,50,Teton,0895,POWER H S,44.0,39.0,37.0,34.0,41.0,39.0,49.0,62.0,66.0,62.0,66.0,70.0,63.0,71.0,70.0,61.0,61.0,53.0,53.0,56.0,57.0,64.0,60.0,58.0,61.0,56.0,57.0,58.0,59.0,53.0,46.0,38.0,37.0,33.0,31,38,37,35,39,53.0,59.0,39,-26.41509433962264,-33.89830508474576,25.806451612903224,302154000644,100.0,43.0,51.0,59.0,64.0,60.0,63.0,64.0,59.0,67.0,66.0,59.0,59.0,51.0,50.0,54.0,55.0,62.0,56.0,47.0,59.0,53.0,51.0,54.0,57.0,40.0,32.0,35.0,34.0,37.0,33.0,31.0,38.0,37.0,35.0,435919.0468999967,387481.70369999856
Nashua High School,PUBLIC,HS,High School,YES,222 Mabel Street,Nashua,MT,59248,1219,NASHUA K-12 SCHOOLS,0937,53,Valley,13E,Unified,19170,283259.398633,442.59281042,53,Valley,0937,NASHUA K-12 SCHOOLS,80.0,72.0,75.0,71.0,76.0,72.0,67.0,74.0,212.0,197.0,211.0,200.0,189.0,167.0,160.0,149.0,129.0,136.0,153.0,157.0,152.0,151.0,141.0,136.0,147.0,142.0,146.0,136.0,135.0,131.0,126.0,118.0,106.0,99.0,110,109,109,101,96,153.0,135.0,96,-37.254901960784316,-28.888888888888886,-12.727272727272727,301917000594,100.0,66.0,65.0,72.0,63.0,65.0,81.0,79.0,83.0,71.0,73.0,64.0,46.0,50.0,50.0,50.0,49.0,43.0,44.0,40.0,56.0,37.0,33.0,34.0,37.0,37.0,39.0,28.0,30.0,30.0,31.0,33.0,29.0,34.0,31.0,833982.9465999976,436477.3929999992
Flathead Pace Academy,PUBLIC,HS,High School,YES,644 4th Avenue West,Kalispell,MT,59901,3018,FLATHEAD HIGH SCHOOL,0311,15,Flathead,5,Secondary,15420,806780.101608,1260.59390893,15,Flathead,0311,FLATHEAD H S,2066.0,2035.0,1973.0,1916.0,2002.0,1933.0,1957.0,2114.0,2159.0,2230.0,2359.0,2446.0,2489.0,2552.0,2483.0,2481.0,2500.0,2503.0,2556.0,2529.0,2539.0,2583.0,2611.0,2674.0,2729.0,2781.0,2831.0,2868.0,2862.0,2889.0,2898.0,2929.0,2702.0,2844.0,2952,3027,3095,3104,2966,2556.0,2862.0,2966,16.040688575899846,3.6338225017470296,0.47425474254742545,,55.172413793103445,,,,,,,,,,,,,,,,,,,,,,,,,,,,,,,,,,,242196.75720000267,448964.61400000006
Kalispell Rising Wolf Charter,PUBLIC,HS,High School,YES,375 Wolfpack Way,Kalispell,MT,59901,3019,FLATHEAD HIGH SCHOOL,0311,15,Flathead,5,Secondary,15420,806780.101608,1260.59390893,15,Flathead,0311,FLATHEAD H S,2066.0,2035.0,1973.0,1916.0,2002.0,1933.0,1957.0,2114.0,2159.0,2230.0,2359.0,2446.0,2489.0,2552.0,2483.0,2481.0,2500.0,2503.0,2556.0,2529.0,2539.0,2583.0,2611.0,2674.0,2729.0,2781.0,2831.0,2868.0,2862.0,2889.0,2898.0,2929.0,2702.0,2844.0,2952,3027,3095,3104,2966,2556.0,2862.0,2966,16.040688575899846,3.6338225017470296,0.47425474254742545,,22.22222222222222,,,,,,,,,,,,,,,,,,,,,,,,,,,,,,,,,,,240503.54980000108,454336.3847000003
Bridger Charter School,PUBLIC,HS,High School,YES,205 North 11th Avenue,Bozeman,MT,59715,3027,BOZEMAN HIGH SCHOOL,0351,16,Gallatin,7,Secondary,04590,502775.722492,785.5870665,16,Gallatin,0351,BOZEMAN H S,1361.0,1330.0,1276.0,1266.0,1281.0,1278.0,1309.0,1394.0,1491.0,1618.0,1668.0,1701.0,1773.0,1843.0,1890.0,1926.0,1924.0,1920.0,1894.0,2005.0,2022.0,1999.0,1987.0,1948.0,1911.0,1872.0,1884.0,1936.0,2005.0,2016.0,2160.0,2242.0,2154.0,2260.0,2389,2498,2624,2736,2781,1894.0,2005.0,2781,46.83210137275607,38.70324189526185,16.408539137714527,,27.27272727272727,,,,,,,,,,,,,,,,,,,,,,,,,,,,,,,,,,,479023.52329999954,160155.57140000165
Three Forks High School,PUBLIC,HS,High School,YES,210 East Neal Street,Three Forks,MT,59752,0483,THREE FORKS HIGH SCHOOL,0361,16,Gallatin,J-24,Secondary,26190,168392.196462,263.11280701,16,Gallatin,0361,THREE FORKS H S,143.0,126.0,129.0,118.0,130.0,118.0,120.0,105.0,119.0,133.0,133.0,125.0,145.0,153.0,156.0,176.0,156.0,169.0,181.0,185.0,195.0,203.0,197.0,218.0,215.0,212.0,207.0,194.0,184.0,173.0,172.0,186.0,201.0,226.0,226,255,278,255,250,181.0,184.0,250,38.12154696132597,35.869565217391305,10.619469026548673,302619000741,100.0,113.0,120.0,102.0,113.0,123.0,132.0,124.0,138.0,151.0,151.0,171.0,153.0,163.0,174.0,179.0,189.0,199.0,184.0,211.0,212.0,195.0,204.0,171.0,164.0,168.0,167.0,177.0,195.0,200.0,226.0,226.0,255.0,278.0,255.0,441121.8025000021,185034.0373999998
Bridger High School,PUBLIC,HS,High School,YES,429 West Park Avenue,Bridger,MT,59014,0086,BRIDGER K-12 SCHOOLS,0059,05,Carbon,2,Unified,04800,435365.822791,680.2590982,05,Carbon,0059,BRIDGER K-12 SCHOOLS,97.0,78.0,77.0,78.0,77.0,76.0,74.0,228.0,232.0,212.0,227.0,235.0,240.0,243.0,231.0,221.0,201.0,208.0,191.0,197.0,177.0,192.0,199.0,219.0,213.0,211.0,212.0,223.0,227.0,220.0,215.0,209.0,187.0,200.0,182,180,199,209,190,191.0,227.0,190,-0.5235602094240838,-16.299559471365637,4.395604395604396,300480000118,100.0,69.0,79.0,79.0,82.0,69.0,80.0,83.0,85.0,90.0,74.0,70.0,72.0,63.0,65.0,72.0,64.0,65.0,64.0,59.0,57.0,55.0,62.0,69.0,66.0,61.0,59.0,58.0,60.0,57.0,58.0,52.0,52.0,56.0,55.0,645517.3443000019,116569.95659999922
Fairview High School,PUBLIC,HS,High School,YES,713 South Western Avenue,Fairview,MT,59221,0987,FAIRVIEW HIGH SCHOOL,0751,42,Richland,3,Secondary,10530,380757.008969,594.93282659,42,Richland,0751,FAIRVIEW H S,190.0,168.0,159.0,155.0,164.0,164.0,156.0,155.0,143.0,140.0,137.0,129.0,128.0,124.0,108.0,114.0,114.0,105.0,108.0,106.0,105.0,125.0,113.0,113.0,112.0,108.0,109.0,104.0,102.0,107.0,109.0,116.0,118.0,124.0,117,120,116,104,92,108.0,102.0,92,-14.814814814814813,-9.803921568627452,-21.367521367521366,301029000284,100.0,158.0,145.0,149.0,136.0,134.0,133.0,125.0,124.0,120.0,105.0,109.0,112.0,102.0,105.0,101.0,99.0,123.0,109.0,101.0,107.0,104.0,103.0,96.0,96.0,101.0,107.0,114.0,119.0,117.0,124.0,117.0,120.0,116.0,104.0,1007425.5190000013,414194.95059999824
Colstrip High School,PUBLIC,HS,High School,YES,5000 Pine Butte Drive,Colstrip,MT,59347,1040,COLSTRIP HIGH SCHOOL,0797,44,Rosebud,19,Secondary,07080,399383.239728,624.03631216,44,Rosebud,0797,COLSTRIP H S,457.0,430.0,428.0,459.0,459.0,462.0,450.0,505.0,467.0,432.0,423.0,396.0,374.0,339.0,315.0,313.0,301.0,303.0,282.0,278.0,263.0,247.0,251.0,247.0,239.0,229.0,216.0,216.0,210.0,211.0,211.0,207.0,155.0,166.0,152,146,151,157,155,282.0,210.0,155,-45.0354609929078,-26.190476190476193,1.9736842105263157,300708000194,100.0,453.0,430.0,487.0,458.0,421.0,406.0,384.0,359.0,328.0,302.0,308.0,293.0,297.0,270.0,246.0,252.0,231.0,243.0,241.0,212.0,215.0,201.0,211.0,198.0,202.0,204.0,192.0,183.0,163.0,166.0,152.0,147.0,151.0,157.0,822187.1947000027,189046.37310000136
Mount Ascension Learning Ac HS,PUBLIC,HS,High School,YES,1325 Poplar Street,Helena,MT,59601,3025,HELENA HIGH SCHOOL,0488,25,Lewis & Clark,1,Secondary,13830,879532.821526,1374.27003381,25,Lewis and Clark,0488,HELENA H S,2750.0,2720.0,2580.0,2462.0,2505.0,2425.0,2425.0,2595.0,2851.0,3033.0,3077.0,3001.0,3159.0,3185.0,3233.0,3296.0,3208.0,3146.0,3184.0,3148.0,3134.0,3104.0,3071.0,3048.0,3076.0,3111.0,3082.0,3079.0,3045.0,3004.0,2979.0,2963.0,2789.0,2704.0,2620,2461,2502,2440,2369,3184.0,3045.0,2369,-25.59673366834171,-22.20032840722496,-9.580152671755725,,24.24242424242424,,,,,,,,,,,,,,,,,,,,,,,,,,,,,,,,,,,407243.55619999766,264725.00349999964
Helena P.A.L.,PUBLIC,HS,High School,YES,815 Front Street,Helena,MT,59601,3026,HELENA HIGH SCHOOL,0488,25,Lewis & Clark,1,Secondary,13830,879532.821526,1374.27003381,25,Lewis and Clark,0488,HELENA H S,2750.0,2720.0,2580.0,2462.0,2505.0,2425.0,2425.0,2595.0,2851.0,3033.0,3077.0,3001.0,3159.0,3185.0,3233.0,3296.0,3208.0,3146.0,3184.0,3148.0,3134.0,3104.0,3071.0,3048.0,3076.0,3111.0,3082.0,3079.0,3045.0,3004.0,2979.0,2963.0,2789.0,2704.0,2620,2461,2502,2440,2369,3184.0,3045.0,2369,-25.59673366834171,-22.20032840722496,-9.580152671755725,,66.66666666666667,,,,,,,,,,,,,,,,,,,,,,,,,,,,,,,,,,,405837.3020000011,263751.19579999894
227 Academy- HS,PUBLIC,HS,High School,YES,2760 Valley Drive,East Helena,MT,59635,3029,EAST HELENA K-12,1240,25,Lewis & Clark,9,Unified,00655,130839.808818,204.43720131,25,Lewis and Clark,1240,EAST HELENA K-12,0.0,0.0,0.0,0.0,0.0,0.0,0.0,0.0,0.0,0.0,0.0,0.0,0.0,0.0,0.0,0.0,0.0,0.0,0.0,0.0,0.0,0.0,0.0,0.0,0.0,0.0,0.0,0.0,0.0,0.0,0.0,0.0,1263.0,1387.0,1518,1751,1964,1914,1921,0.0,0.0,1921,,,26.54808959156785,,18.181818181818176,,,,,,,,,,,,,,,,,,,,,,,,,,,,,,,,,,,415036.7747000009,264432.79619999975
Bronc Fast Track,PUBLIC,HS,High School,YES,17620 Frontage Road,Frenchtown,MT,59834,3017,FRENCHTOWN K-12 SCHOOLS,0599,32,Missoula,40,Unified,11520,218640.456739,341.6257137,32,Missoula,0599,FRENCHTOWN H S,221.0,221.0,196.0,231.0,220.0,243.0,266.0,940.0,997.0,1031.0,1057.0,1036.0,1057.0,1098.0,1126.0,1166.0,1212.0,1199.0,1171.0,1208.0,1243.0,1273.0,1288.0,1294.0,1285.0,1263.0,1234.0,1214.0,1247.0,1254.0,1307.0,1335.0,1319.0,1345.0,1359,1473,1452,1369,1306,1171.0,1247.0,1306,11.52860802732707,4.731355252606255,-3.899926416482708,,30.76923076923077,,,,,,,,,,,,,,,,,,,,,,,,,,,,,,,,,,,239953.32859999686,318874.1229000017
Rise Charter & Distance HS,PUBLIC,HS,High School,YES,1045 Main Street,Corvallis,MT,59828,3012,CORVALLIS K-12 SCHOOLS,0731,41,Ravalli,1,Unified,07410,156057.710343,243.84017244,41,Ravalli,0731,CORVALLIS K-12 SCHOOLS,289.0,279.0,260.0,253.0,258.0,259.0,957.0,1068.0,1101.0,1121.0,1222.0,1288.0,1299.0,1278.0,1315.0,1306.0,1304.0,1353.0,1363.0,1364.0,1401.0,1399.0,1440.0,1421.0,1402.0,1372.0,1357.0,1334.0,1315.0,1307.0,1360.0,1384.0,1357.0,1430.0,1256,1311,1331,1402,1486,1363.0,1315.0,1486,9.024211298606016,13.00380228136882,18.312101910828023,,33.333333333333336,,,,,,,,,,,,,,,,,,,,,,,,,,,,,,,,,,,244913.21850000322,240119.40549999848
Wibaux High School,PUBLIC,HS,High School,YES,121 F Street North,Wibaux,MT,59353,1239,WIBAUX K-12 SCHOOLS,0964,55,Wibaux,6,Unified,28020,569077.637539,889.18380877,55,Wibaux,0964,WIBAUX K-12 SCHOOLS,101.0,78.0,75.0,75.0,79.0,74.0,77.0,238.0,233.0,253.0,234.0,230.0,240.0,227.0,215.0,203.0,192.0,187.0,165.0,171.0,163.0,161.0,156.0,158.0,151.0,148.0,147.0,170.0,171.0,176.0,169.0,166.0,132.0,154.0,154,156,151,148,139,165.0,171.0,139,-15.757575757575756,-18.71345029239766,-9.740259740259742,302802000783,100.0,69.0,81.0,79.0,78.0,76.0,71.0,76.0,82.0,86.0,81.0,81.0,70.0,70.0,62.0,58.0,56.0,54.0,53.0,47.0,45.0,44.0,49.0,51.0,57.0,61.0,48.0,53.0,40.0,37.0,38.0,43.0,38.0,32.0,37.0,1002920.3994999975,318165.35909999907
Billings West High School,PUBLIC,HS,High School,YES,2201 St Johns Avenue,Billings,MT,59102,1251,BILLINGS HIGH SCHOOL,0966,56,Yellowstone,2,Secondary,03900,443282.58003,692.62903139,56,Yellowstone,0966,BILLINGS H S,5257.0,5014.0,4749.0,4431.0,4579.0,4503.0,4613.0,4873.0,5219.0,5257.0,5342.0,5406.0,5418.0,5532.0,5625.0,5630.0,5698.0,5749.0,5724.0,5736.0,5722.0,5707.0,5652.0,5552.0,5423.0,5312.0,5278.0,5341.0,5291.0,5364.0,5467.0,5624.0,5294.0,5477.0,5550,5653,5592,5475,5430,5724.0,5291.0,5430,-5.136268343815513,2.627102627102627,-2.1621621621621623,300390000091,100.0,1633.0,1669.0,1708.0,1756.0,1821.0,1839.0,1850.0,1897.0,1982.0,1989.0,1997.0,2057.0,2095.0,2115.0,2133.0,2143.0,2078.0,2016.0,1996.0,1956.0,1906.0,1958.0,1973.0,1883.0,1864.0,1843.0,1813.0,1815.0,1880.0,1973.0,2098.0,2180.0,2269.0,2210.0,672159.7537999973,169555.56080000103
CSD HS Rise Pathway Academy,PUBLIC,HS,High School,YES,1045 Main Street,Corvallis,MT,59828,3015,CORVALLIS K-12 SCHOOLS,0731,41,Ravalli,1,Unified,07410,156057.710343,243.84017244,41,Ravalli,0731,CORVALLIS K-12 SCHOOLS,289.0,279.0,260.0,253.0,258.0,259.0,957.0,1068.0,1101.0,1121.0,1222.0,1288.0,1299.0,1278.0,1315.0,1306.0,1304.0,1353.0,1363.0,1364.0,1401.0,1399.0,1440.0,1421.0,1402.0,1372.0,1357.0,1334.0,1315.0,1307.0,1360.0,1384.0,1357.0,1430.0,1256,1311,1331,1402,1486,1363.0,1315.0,1486,9.024211298606016,13.00380228136882,18.312101910828023,,24.24242424242424,,,,,,,,,,,,,,,,,,,,,,,,,,,,,,,,,,,244913.21850000322,240119.40549999848
Bitterroot Polytech HS,PUBLIC,HS,High School,YES,327 Fairgrounds Road,Hamilton,MT,59840,3021,HAMILTON K-12 SCHOOLS,0735,41,Ravalli,3,Unified,13260,176776.517864,276.2133092,41,Ravalli,0735,HAMILTON K-12 SCHOOLS,466.0,465.0,426.0,430.0,422.0,423.0,1330.0,1407.0,1503.0,1506.0,1574.0,1605.0,1594.0,1579.0,1592.0,1604.0,1609.0,1626.0,1635.0,1616.0,1601.0,1631.0,1657.0,1664.0,1636.0,1655.0,1667.0,1647.0,1615.0,1598.0,1585.0,1569.0,1504.0,1486.0,1503,1588,1665,1653,1565,1635.0,1615.0,1565,-4.281345565749235,-3.0959752321981426,4.125083166999334,,22.22222222222222,,,,,,,,,,,,,,,,,,,,,,,,,,,,,,,,,,,242500.52870000154,233299.06830000132
Havre High School,PUBLIC,HS,High School,YES,900 18th Street,Havre,MT,59501,1450,HAVRE HIGH SCHOOL,0428,21,Hill,A,Secondary,13590,815795.574874,1274.68058591,21,Hill,0428,HAVRE H S,729.0,706.0,697.0,716.0,712.0,742.0,789.0,797.0,836.0,833.0,852.0,856.0,828.0,802.0,789.0,742.0,706.0,719.0,704.0,707.0,727.0,707.0,684.0,648.0,608.0,589.0,581.0,572.0,570.0,560.0,594.0,570.0,487.0,504.0,534,520,531,515,516,704.0,570.0,516,-26.704545454545453,-9.473684210526317,-3.3707865168539324,301359000411,100.0,765.0,780.0,774.0,802.0,810.0,830.0,831.0,796.0,780.0,761.0,733.0,689.0,704.0,684.0,672.0,705.0,672.0,609.0,605.0,569.0,561.0,570.0,555.0,558.0,538.0,583.0,550.0,539.0,508.0,504.0,534.0,520.0,531.0,515.0,587320.8704999983,476139.6020000018
Billings Multilingual Academy,PUBLIC,HS,High School,YES,415 North 30th Street,Billings,MT,59101,3004,BILLINGS HIGH SCHOOL,0966,56,Yellowstone,2,Secondary,03900,443282.58003,692.62903139,56,Yellowstone,0966,BILLINGS H S,5257.0,5014.0,4749.0,4431.0,4579.0,4503.0,4613.0,4873.0,5219.0,5257.0,5342.0,5406.0,5418.0,5532.0,5625.0,5630.0,5698.0,5749.0,5724.0,5736.0,5722.0,5707.0,5652.0,5552.0,5423.0,5312.0,5278.0,5341.0,5291.0,5364.0,5467.0,5624.0,5294.0,5477.0,5550,5653,5592,5475,5430,5724.0,5291.0,5430,-5.136268343815513,2.627102627102627,-2.1621621621621623,,47.61904761904761,,,,,,,,,,,,,,,,,,,,,,,,,,,,,,,,,,,676886.8797999993,170963.7291000001
Billings Early College School,PUBLIC,HS,High School,YES,1044 Cook Avenue,Billings,MT,59102,3005,BILLINGS HIGH SCHOOL,0966,56,Yellowstone,2,Secondary,03900,443282.58003,692.62903139,56,Yellowstone,0966,BILLINGS H S,5257.0,5014.0,4749.0,4431.0,4579.0,4503.0,4613.0,4873.0,5219.0,5257.0,5342.0,5406.0,5418.0,5532.0,5625.0,5630.0,5698.0,5749.0,5724.0,5736.0,5722.0,5707.0,5652.0,5552.0,5423.0,5312.0,5278.0,5341.0,5291.0,5364.0,5467.0,5624.0,5294.0,5477.0,5550,5653,5592,5475,5430,5724.0,5291.0,5430,-5.136268343815513,2.627102627102627,-2.1621621621621623,,57.14285714285714,,,,,,,,,,,,,,,,,,,,,,,,,,,,,,,,,,,674428.3724000007,169589.747299999
Billings Opportunity School,PUBLIC,HS,High School,YES,1044 Cook Avenue,Billings,MT,59102,3006,BILLINGS HIGH SCHOOL,0966,56,Yellowstone,2,Secondary,03900,443282.58003,692.62903139,56,Yellowstone,0966,BILLINGS H S,5257.0,5014.0,4749.0,4431.0,4579.0,4503.0,4613.0,4873.0,5219.0,5257.0,5342.0,5406.0,5418.0,5532.0,5625.0,5630.0,5698.0,5749.0,5724.0,5736.0,5722.0,5707.0,5652.0,5552.0,5423.0,5312.0,5278.0,5341.0,5291.0,5364.0,5467.0,5624.0,5294.0,5477.0,5550,5653,5592,5475,5430,5724.0,5291.0,5430,-5.136268343815513,2.627102627102627,-2.1621621621621623,,60.60606060606061,,,,,,,,,,,,,,,,,,,,,,,,,,,,,,,,,,,674428.3724000007,169589.747299999
Missoula Connect Academy HS,PUBLIC,HS,High School,YES,909 South Avenue West,Missoula,MT,59801,3008,MISSOULA HIGH SCHOOL,0584,32,Missoula,1,Secondary,18540,1322127.18712,2065.82373014,32,Missoula,0584,MISSOULA H S,3690.0,3506.0,3432.0,3322.0,3336.0,3271.0,3360.0,3572.0,3754.0,3832.0,3886.0,4010.0,4048.0,4049.0,4065.0,4133.0,4224.0,4119.0,4051.0,4087.0,4041.0,4024.0,3973.0,3900.0,3805.0,3741.0,3737.0,3701.0,3670.0,3643.0,3727.0,3756.0,3604.0,3625.0,3717,3828,3954,4012,3934,4051.0,3670.0,3934,-2.8881757590718338,7.193460490463215,5.83804143126177,,31.25,,,,,,,,,,,,,,,,,,,,,,,,,,,,,,,,,,,256258.25310000032,298562.76099999994
Big Sky High School,PUBLIC,HS,High School,YES,3100 South Avenue West,Missoula,MT,59804,1592,MISSOULA HIGH SCHOOL,0584,32,Missoula,1,Secondary,18540,1322127.18712,2065.82373014,32,Missoula,0584,MISSOULA H S,3690.0,3506.0,3432.0,3322.0,3336.0,3271.0,3360.0,3572.0,3754.0,3832.0,3886.0,4010.0,4048.0,4049.0,4065.0,4133.0,4224.0,4119.0,4051.0,4087.0,4041.0,4024.0,3973.0,3900.0,3805.0,3741.0,3737.0,3701.0,3670.0,3643.0,3727.0,3756.0,3604.0,3625.0,3717,3828,3954,4012,3934,4051.0,3670.0,3934,-2.8881757590718338,7.193460490463215,5.83804143126177,301854000824,100.0,1103.0,1158.0,1179.0,1253.0,1309.0,1306.0,1329.0,1307.0,1313.0,1306.0,1315.0,1371.0,1403.0,1374.0,1438.0,1349.0,1292.0,1226.0,1093.0,1061.0,1038.0,1043.0,1010.0,1060.0,1060.0,1075.0,1138.0,1112.0,1116.0,1100.0,1137.0,1157.0,1186.0,1227.0,252871.8716999963,298988.7991999984
Belt High School,PUBLIC,HS,High School,YES,1 Church Street,Belt,MT,59412,0169,BELT HIGH SCHOOL,0113,07,Cascade,D,Secondary,03450,435810.47084,680.95386078,07,Cascade,0113,BELT H S,113.0,105.0,96.0,96.0,100.0,91.0,91.0,101.0,125.0,136.0,130.0,143.0,131.0,132.0,128.0,111.0,99.0,103.0,110.0,106.0,111.0,113.0,124.0,118.0,115.0,108.0,98.0,99.0,96.0,93.0,89.0,90.0,77.0,81.0,81,83,91,98,92,110.0,96.0,92,-16.363636363636363,-4.166666666666666,13.580246913580247,300345000048,100.0,84.0,91.0,98.0,110.0,131.0,124.0,142.0,129.0,129.0,124.0,106.0,96.0,98.0,106.0,99.0,110.0,108.0,117.0,112.0,101.0,98.0,85.0,94.0,92.0,83.0,83.0,86.0,75.0,77.0,81.0,81.0,83.0,91.0,98.0,492251.47389999777,349834.99340000004
Libby High School,PUBLIC,HS,High School,YES,150 Education Way,Libby,MT,59923,0705,LIBBY K-12 SCHOOLS,0522,27,Lincoln,4,Unified,16530,762830.152816,1191.92211393,27,Lincoln,0522,LIBBY K-12 SCHOOLS,733.0,709.0,607.0,639.0,633.0,612.0,2068.0,2120.0,2145.0,2161.0,2098.0,2072.0,1968.0,1937.0,1909.0,1845.0,1738.0,1681.0,1506.0,1545.0,1441.0,1452.0,1402.0,1369.0,1316.0,1278.0,1262.0,1221.0,1190.0,1181.0,1183.0,1208.0,1122.0,1195.0,1195,1175,1173,1140,1097,1506.0,1190.0,1097,-27.158034528552456,-7.815126050420168,-8.200836820083682,301653000518,100.0,607.0,609.0,605.0,599.0,649.0,635.0,674.0,660.0,626.0,649.0,647.0,618.0,638.0,574.0,568.0,532.0,565.0,517.0,503.0,467.0,426.0,398.0,335.0,348.0,354.0,358.0,367.0,359.0,322.0,333.0,347.0,340.0,356.0,339.0,150983.14289999753,477930.9419
Glacier High School,PUBLIC,HS,High School,YES,375 Wolfpack Way,Kalispell,MT,59901,1835,FLATHEAD HIGH SCHOOL,0311,15,Flathead,5,Secondary,15420,806780.101608,1260.59390893,15,Flathead,0311,FLATHEAD H S,2066.0,2035.0,1973.0,1916.0,2002.0,1933.0,1957.0,2114.0,2159.0,2230.0,2359.0,2446.0,2489.0,2552.0,2483.0,2481.0,2500.0,2503.0,2556.0,2529.0,2539.0,2583.0,2611.0,2674.0,2729.0,2781.0,2831.0,2868.0,2862.0,2889.0,2898.0,2929.0,2702.0,2844.0,2952,3027,3095,3104,2966,2556.0,2862.0,2966,16.040688575899846,3.6338225017470296,0.47425474254742545,301542000358,100.0,,,,,,,,,,,,,,,,,,907.0,1191.0,1252.0,1264.0,1268.0,1273.0,1266.0,1294.0,1343.0,1345.0,1367.0,1341.0,1328.0,1345.0,1430.0,1475.0,1477.0,240503.54980000108,454336.3847000003
Anaconda Sr High School,PUBLIC,HS,High School,YES,519 Main Street,Anaconda,MT,59711,0326,ANACONDA HIGH SCHOOL,0237,12,Deer Lodge,10,Secondary,02030,428864.536107,670.10083775,12,Deer Lodge,0237,ANACONDA H S,610.0,582.0,559.0,535.0,563.0,541.0,539.0,530.0,559.0,541.0,594.0,593.0,590.0,589.0,507.0,492.0,486.0,488.0,507.0,497.0,498.0,486.0,464.0,432.0,398.0,377.0,365.0,357.0,342.0,331.0,338.0,333.0,306.0,313.0,310,293,281,298,305,507.0,342.0,305,-39.8422090729783,-10.818713450292398,-1.6129032258064515,300203000015,100.0,522.0,527.0,527.0,539.0,524.0,566.0,573.0,578.0,570.0,500.0,481.0,484.0,476.0,504.0,479.0,479.0,457.0,421.0,385.0,361.0,354.0,355.0,339.0,314.0,321.0,330.0,327.0,321.0,311.0,313.0,309.0,293.0,281.0,298.0,333286.5297999978,214333.25499999896
Columbus High School,PUBLIC,HS,High School,YES,433 North 3rd Street,Columbus,MT,59019,1112,COLUMBUS HIGH SCHOOL,0849,48,Stillwater,6,Secondary,07200,221564.701654,346.19484638,48,Stillwater,0849,COLUMBUS H S,146.0,147.0,156.0,142.0,152.0,140.0,143.0,164.0,173.0,176.0,192.0,192.0,201.0,207.0,222.0,225.0,214.0,199.0,208.0,204.0,244.0,239.0,240.0,236.0,231.0,223.0,222.0,222.0,217.0,212.0,212.0,225.0,226.0,213.0,214,233,244,240,227,208.0,217.0,227,9.134615384615383,4.6082949308755765,6.074766355140187,300720000205,100.0,137.0,148.0,158.0,165.0,172.0,186.0,185.0,192.0,196.0,213.0,217.0,208.0,183.0,197.0,195.0,220.0,233.0,229.0,221.0,219.0,202.0,216.0,217.0,208.0,194.0,208.0,198.0,218.0,230.0,213.0,214.0,234.0,244.0,240.0,619064.6335999966,154849.35929999873
Noxon High School,PUBLIC,HS,High School,YES,300 Noxon Avenue,Noxon,MT,59853,1055,NOXON HIGH SCHOOL,0812,45,Sanders,10,Secondary,19500,362719.638547,566.7494353,45,Sanders,0812,NOXON H S,98.0,94.0,96.0,95.0,99.0,102.0,108.0,111.0,126.0,125.0,135.0,132.0,120.0,120.0,109.0,120.0,124.0,123.0,125.0,120.0,115.0,103.0,91.0,85.0,83.0,82.0,77.0,73.0,85.0,82.0,82.0,78.0,71.0,67.0,55,68,67,69,56,125.0,85.0,56,-55.2,-34.11764705882353,1.8181818181818181,301950000600,100.0,94.0,104.0,97.0,122.0,118.0,134.0,128.0,117.0,117.0,106.0,116.0,122.0,117.0,121.0,105.0,106.0,87.0,65.0,83.0,81.0,77.0,67.0,72.0,83.0,78.0,74.0,72.0,65.0,71.0,67.0,55.0,68.0,67.0,69.0,132259.56920000166,434702.0595000014
Lincoln Co High School,PUBLIC,HS,High School,YES,312 9th Street,Eureka,MT,59917,0711,LINCOLN COUNTY HIGH SCHOOL,0528,27,Lincoln,CO,Secondary,16770,707690.08795,1105.76576257,27,Lincoln,0528,LINCOLN CO H S,260.0,253.0,266.0,270.0,269.0,276.0,289.0,305.0,333.0,316.0,346.0,336.0,346.0,352.0,336.0,344.0,376.0,385.0,404.0,404.0,398.0,381.0,355.0,365.0,350.0,347.0,336.0,323.0,315.0,301.0,293.0,296.0,262.0,276.0,285,293,306,305,273,404.0,315.0,273,-32.42574257425743,-13.333333333333334,-4.2105263157894735,301677000521,100.0,278.0,291.0,295.0,326.0,302.0,339.0,326.0,336.0,341.0,324.0,331.0,363.0,368.0,393.0,390.0,374.0,343.0,314.0,351.0,340.0,313.0,319.0,306.0,287.0,280.0,275.0,285.0,291.0,264.0,275.0,285.0,293.0,306.0,305.0,193213.18789999932,529669.738499999
Plenty Coups High School,PUBLIC,HS,High School,YES,1 High School Lane,Pryor,MT,59066,1553,PLENTY COUPS HIGH SCHOOL,1214,02,Big Horn,3,Secondary,13360,341730.596461,533.95405704,02,Big Horn,1214,PLENTY COUPS HS,62.0,53.0,52.0,43.0,41.0,43.0,42.0,61.0,82.0,71.0,55.0,65.0,69.0,78.0,80.0,79.0,84.0,82.0,71.0,79.0,74.0,81.0,74.0,71.0,58.0,51.0,45.0,49.0,53.0,50.0,49.0,49.0,66.0,58.0,70,75,58,51,64,71.0,53.0,64,-9.859154929577464,20.754716981132077,-8.571428571428571,301336000398,100.0,41.0,47.0,60.0,78.0,71.0,51.0,60.0,70.0,75.0,74.0,81.0,86.0,76.0,64.0,79.0,65.0,77.0,65.0,55.0,38.0,46.0,41.0,49.0,51.0,43.0,42.0,45.0,61.0,60.0,57.0,70.0,75.0,58.0,51.0,675420.8478000015,131155.66259999946
Box Elder High School,PUBLIC,HS,High School,YES,410 Main Street East,Box Elder,MT,59521,0571,BOX ELDER HIGH SCHOOL,0426,21,Hill,G,Secondary,04500,128385.207294,200.60188642,21,Hill,0426,BOX ELDER H S,74.0,72.0,60.0,63.0,65.0,56.0,51.0,63.0,53.0,56.0,55.0,74.0,94.0,100.0,92.0,89.0,84.0,93.0,103.0,97.0,108.0,97.0,97.0,90.0,90.0,87.0,96.0,89.0,106.0,110.0,119.0,129.0,102.0,97.0,105,113,108,98,86,103.0,106.0,86,-16.50485436893204,-18.867924528301888,-18.095238095238095,300450000104,100.0,49.0,51.0,60.0,55.0,56.0,52.0,75.0,92.0,98.0,95.0,89.0,83.0,92.0,101.0,87.0,108.0,85.0,95.0,88.0,87.0,79.0,98.0,85.0,101.0,107.0,113.0,129.0,101.0,105.0,97.0,105.0,113.0,108.0,100.0,562226.9015000015,452011.2122000009
Granite High School,PUBLIC,HS,High School,YES,5 Schnepel Street,Philipsburg,MT,59858,0565,PHILIPSBURG K-12 SCHOOL,0416,20,Granite,1,Unified,12840,741459.555267,1158.53055526,20,Granite,0416,PHILIPSBURG K-12 SCHOOLS,98.0,98.0,97.0,85.0,93.0,86.0,80.0,72.0,282.0,279.0,271.0,308.0,284.0,256.0,252.0,230.0,219.0,215.0,214.0,212.0,202.0,196.0,186.0,181.0,184.0,184.0,189.0,195.0,184.0,185.0,176.0,171.0,171.0,162.0,171,179,181,181,180,214.0,184.0,180,-15.887850467289718,-2.1739130434782608,5.263157894736842,301284000349,100.0,82.0,75.0,70.0,87.0,93.0,92.0,101.0,89.0,65.0,89.0,82.0,84.0,75.0,72.0,70.0,71.0,65.0,63.0,55.0,45.0,55.0,63.0,70.0,63.0,61.0,58.0,47.0,44.0,59.0,60.0,54.0,68.0,62.0,55.0,307938.22850000113,238080.53539999947
Dawson High School,PUBLIC,HS,High School,YES,900 North Merrill Avenue,Glendive,MT,59330,0284,DAWSON HIGH SCHOOL,0207,11,Dawson,1,Secondary,08340,1054138.46192,1647.09134696,11,Dawson,0207,DAWSON CO H S,590.0,567.0,540.0,519.0,535.0,531.0,516.0,544.0,538.0,549.0,558.0,570.0,569.0,532.0,527.0,490.0,475.0,472.0,448.0,457.0,447.0,438.0,426.0,406.0,388.0,365.0,346.0,334.0,338.0,372.0,402.0,386.0,346.0,334.0,334,341,343,336,318,448.0,338.0,318,-29.017857142857146,-5.9171597633136095,-4.790419161676647,300834000240,100.0,510.0,508.0,530.0,519.0,535.0,540.0,553.0,551.0,519.0,510.0,477.0,462.0,462.0,435.0,438.0,427.0,412.0,420.0,378.0,361.0,335.0,311.0,319.0,327.0,363.0,389.0,375.0,361.0,351.0,333.0,334.0,341.0,343.0,336.0,963333.0834999979,329190.934799999
Centerville High School,PUBLIC,HS,High School,YES,693 Stockett Road,Stockett,MT,59480,0161,CENTERVILLE HIGH SCHOOL,0105,07,Cascade,C,Secondary,25140,220154.939478,343.99209298,07,Cascade,0105,CENTERVILLE H S,87.0,98.0,86.0,91.0,93.0,100.0,93.0,112.0,108.0,101.0,110.0,108.0,112.0,104.0,101.0,94.0,98.0,98.0,93.0,97.0,95.0,94.0,92.0,89.0,93.0,94.0,91.0,88.0,85.0,81.0,77.0,76.0,60.0,66.0,53,63,69,76,73,93.0,85.0,73,-21.50537634408602,-14.117647058823529,37.735849056603776,302514000722,100.0,94.0,93.0,111.0,102.0,97.0,107.0,102.0,108.0,100.0,98.0,90.0,94.0,93.0,92.0,94.0,91.0,89.0,86.0,84.0,88.0,91.0,81.0,78.0,82.0,71.0,68.0,74.0,58.0,62.0,66.0,53.0,63.0,69.0,76.0,476155.07329999655,350065.5689999983
Highwood High School,PUBLIC,HS,High School,YES,160 West Street South,Highwood,MT,59450,0205,HIGHWOOD K-12,0146,08,Chouteau,4,Unified,14070,232911.024475,363.92347579,08,Chouteau,0146,HIGHWOOD H S,36.0,33.0,37.0,39.0,40.0,44.0,48.0,51.0,40.0,43.0,38.0,41.0,48.0,46.0,46.0,43.0,39.0,46.0,40.0,45.0,48.0,46.0,46.0,41.0,38.0,34.0,32.0,98.0,94.0,96.0,99.0,96.0,100.0,103.0,117,116,117,108,102,40.0,94.0,102,155.0,8.51063829787234,-12.82051282051282,301407000437,100.0,45.0,43.0,50.0,38.0,42.0,36.0,39.0,47.0,45.0,44.0,41.0,38.0,44.0,40.0,43.0,45.0,43.0,43.0,33.0,32.0,29.0,27.0,31.0,26.0,29.0,18.0,21.0,19.0,20.0,28.0,29.0,35.0,39.0,32.0,502501.0727000013,371292.78660000116
Winifred High School,PUBLIC,HS,High School,YES,507 Main Street,Winifred,MT,59489,0392,WINIFRED K-12 SCHOOLS,0291,14,Fergus,115,Unified,28380,529882.223213,827.94097388,14,Fergus,0291,WINIFRED K-12 SCHOOLS,31.0,26.0,36.0,41.0,40.0,44.0,42.0,161.0,162.0,176.0,170.0,176.0,158.0,161.0,156.0,133.0,121.0,111.0,108.0,112.0,103.0,103.0,99.0,91.0,93.0,81.0,86.0,97.0,100.0,103.0,109.0,108.0,107.0,110.0,111,133,155,166,145,108.0,100.0,145,34.25925925925926,45.0,30.630630630630627,302838000790,100.0,42.0,38.0,45.0,52.0,55.0,59.0,61.0,57.0,59.0,64.0,54.0,49.0,47.0,43.0,54.0,42.0,44.0,41.0,30.0,27.0,21.0,22.0,29.0,31.0,27.0,34.0,34.0,37.0,38.0,36.0,35.0,42.0,44.0,45.0,608921.0587000027,367668.26139999926
Arlee High School,PUBLIC,HS,High School,YES,72220 Fyant Street,Arlee,MT,59821,0629,ARLEE HIGH SCHOOL,0475,24,Lake,JT&8,Secondary,02250,175576.756563,274.33868216,24,Lake,0475,ARLEE H S,128.0,139.0,148.0,138.0,141.0,144.0,145.0,138.0,125.0,135.0,121.0,136.0,109.0,122.0,130.0,138.0,140.0,153.0,139.0,144.0,136.0,130.0,133.0,132.0,132.0,133.0,137.0,133.0,129.0,120.0,127.0,138.0,122.0,110.0,115,138,145,140,135,139.0,129.0,135,-2.877697841726619,4.651162790697675,17.391304347826086,300225000020,100.0,140.0,135.0,132.0,124.0,133.0,118.0,134.0,111.0,99.0,129.0,134.0,134.0,147.0,135.0,137.0,128.0,115.0,127.0,130.0,126.0,130.0,132.0,129.0,113.0,110.0,120.0,132.0,122.0,124.0,110.0,115.0,140.0,145.0,140.0,252946.9755000025,334010.67599999905
Hardin High School,PUBLIC,HS,High School,YES,702 North Terry Avenue,Hardin,MT,59034,0037,HARDIN HIGH SCHOOL,1189,02,Big Horn,1,Secondary,13340,1907105.12735,2979.85176187,02,Big Horn,1189,HARDIN H S,420.0,430.0,432.0,378.0,401.0,373.0,382.0,393.0,420.0,423.0,440.0,444.0,416.0,441.0,458.0,442.0,459.0,474.0,491.0,532.0,507.0,512.0,499.0,493.0,481.0,471.0,458.0,449.0,441.0,445.0,467.0,497.0,516.0,509.0,512,526,512,540,514,491.0,441.0,514,4.684317718940937,16.55328798185941,0.390625,301334000397,100.0,370.0,381.0,396.0,408.0,414.0,435.0,437.0,403.0,417.0,449.0,428.0,453.0,474.0,485.0,521.0,485.0,506.0,481.0,479.0,464.0,453.0,452.0,448.0,427.0,443.0,462.0,486.0,508.0,546.0,509.0,512.0,529.0,512.0,540.0,746617.6055999994,166858.3823999986
Broadview High School,PUBLIC,HS,High School,YES,13935 1st Street,Broadview,MT,59015,1293,BROADVIEW K-12,0979,56,Yellowstone,21-J,Unified,,272928.060906,426.45009522,56,Yellowstone,0979,BROADVIEW K-12,38.0,42.0,44.0,47.0,48.0,46.0,41.0,38.0,39.0,38.0,41.0,53.0,60.0,55.0,57.0,52.0,44.0,48.0,49.0,48.0,56.0,60.0,59.0,60.0,59.0,62.0,56.0,54.0,56.0,51.0,49.0,46.0,38.0,41.0,38,43,56,57,48,49.0,56.0,48,-2.0408163265306123,-14.285714285714285,26.31578947368421,300492000122,100.0,40.0,40.0,36.0,38.0,37.0,38.0,52.0,57.0,53.0,55.0,52.0,42.0,46.0,47.0,44.0,54.0,59.0,56.0,59.0,56.0,59.0,46.0,50.0,53.0,40.0,46.0,45.0,42.0,40.0,41.0,38.0,43.0,56.0,57.0,648091.4943000004,206076.24639999866
Willow Creek High School,PUBLIC,HS,High School,YES,407 Main Street,Willow Creek,MT,59760,0477,WILLOW CREEK HIGH SCHOOL,0355,16,Gallatin,15,Secondary,28170,58392.315831,91.2379935,16,Gallatin,0355,WILLOW CREEK HS,29.0,22.0,20.0,14.0,18.0,13.0,16.0,21.0,25.0,19.0,17.0,23.0,26.0,24.0,19.0,22.0,22.0,17.0,21.0,29.0,25.0,26.0,23.0,20.0,16.0,15.0,16.0,19.0,17.0,15.0,12.0,9.0,9.0,11.0,8,11,9,7,7,21.0,17.0,7,-66.66666666666666,-58.82352941176471,-12.5,302817000786,100.0,11.0,18.0,22.0,24.0,20.0,15.0,22.0,25.0,23.0,17.0,21.0,21.0,16.0,20.0,28.0,26.0,23.0,18.0,15.0,14.0,14.0,16.0,17.0,15.0,9.0,10.0,4.0,8.0,9.0,11.0,8.0,11.0,9.0,7.0,433365.4226000011,177252.563000001
Park City High School,PUBLIC,HS,High School,YES,10 2nd Avenue Southwest,Park City,MT,59063,1110,PARK CITY HIGH SCHOOL,0847,48,Stillwater,5,Secondary,20070,65653.1477833,102.58304342,48,Stillwater,0847,PARK CITY H S,102.0,110.0,92.0,95.0,95.0,106.0,118.0,111.0,112.0,110.0,112.0,109.0,110.0,120.0,118.0,117.0,92.0,85.0,89.0,95.0,101.0,97.0,101.0,97.0,94.0,90.0,98.0,98.0,98.0,98.0,100.0,101.0,93.0,98.0,102,102,101,96,112,89.0,98.0,112,25.842696629213485,14.285714285714285,9.803921568627452,302007000610,100.0,104.0,113.0,107.0,109.0,105.0,110.0,101.0,106.0,116.0,114.0,114.0,91.0,81.0,87.0,94.0,96.0,93.0,100.0,92.0,85.0,82.0,95.0,97.0,92.0,94.0,94.0,99.0,95.0,98.0,98.0,102.0,102.0,102.0,96.0,645530.320600003,153541.85009999946
Roberts High School,PUBLIC,HS,High School,YES,106 Maple Street,Roberts,MT,59070,0096,ROBERTS K-12 SCHOOLS,0069,05,Carbon,5,Unified,22710,73646.5698425,115.07276539,05,Carbon,0069,ROBERTS K-12 SCHOOLS+E19,38.0,47.0,39.0,38.0,41.0,42.0,43.0,134.0,150.0,163.0,154.0,177.0,166.0,161.0,151.0,155.0,165.0,155.0,153.0,153.0,155.0,156.0,148.0,140.0,151.0,137.0,131.0,121.0,118.0,122.0,122.0,118.0,110.0,103.0,115,109,121,97,97,153.0,118.0,97,-36.60130718954248,-17.796610169491526,-15.65217391304348,302271000665,100.0,41.0,38.0,46.0,48.0,58.0,51.0,53.0,45.0,42.0,42.0,46.0,54.0,59.0,61.0,61.0,64.0,53.0,47.0,40.0,42.0,26.0,28.0,28.0,28.0,35.0,34.0,27.0,31.0,36.0,31.0,36.0,43.0,43.0,39.0,626214.2269999981,123564.66299999878
Corvallis High School,PUBLIC,HS,High School,YES,1045 Main Street,Corvallis,MT,59828,0964,CORVALLIS K-12 SCHOOLS,0731,41,Ravalli,1,Unified,07410,156057.710343,243.84017244,41,Ravalli,0731,CORVALLIS K-12 SCHOOLS,289.0,279.0,260.0,253.0,258.0,259.0,957.0,1068.0,1101.0,1121.0,1222.0,1288.0,1299.0,1278.0,1315.0,1306.0,1304.0,1353.0,1363.0,1364.0,1401.0,1399.0,1440.0,1421.0,1402.0,1372.0,1357.0,1334.0,1315.0,1307.0,1360.0,1384.0,1357.0,1430.0,1256,1311,1331,1402,1486,1363.0,1315.0,1486,9.024211298606016,13.00380228136882,18.312101910828023,300741000215,100.0,256.0,298.0,327.0,313.0,347.0,385.0,411.0,434.0,436.0,438.0,460.0,449.0,480.0,478.0,458.0,475.0,496.0,479.0,472.0,474.0,456.0,467.0,442.0,435.0,425.0,405.0,448.0,493.0,455.0,481.0,479.0,476.0,480.0,446.0,244913.21850000322,240119.40549999848
Lincoln High School,PUBLIC,HS,High School,YES,808 Main Street,Lincoln,MT,59639,1610,LINCOLN K-12 SCHOOLS,1221,25,Lewis & Clark,38,Unified,16810,417616.599562,652.5259369,25,Lewis and Clark,1221,LINCOLN K-12 SCHOOLS,54.0,45.0,45.0,52.0,52.0,47.0,46.0,49.0,214.0,233.0,239.0,246.0,264.0,278.0,248.0,233.0,238.0,230.0,228.0,221.0,214.0,205.0,195.0,185.0,183.0,174.0,163.0,152.0,139.0,129.0,122.0,134.0,142.0,121.0,129,143,142,148,138,228.0,139.0,138,-39.473684210526315,-0.7194244604316548,6.976744186046512,301681000892,100.0,45.0,41.0,49.0,51.0,62.0,66.0,65.0,75.0,84.0,68.0,72.0,68.0,84.0,88.0,82.0,79.0,71.0,68.0,64.0,66.0,64.0,60.0,56.0,52.0,46.0,42.0,38.0,40.0,47.0,36.0,33.0,46.0,42.0,46.0,358608.93090000004,305561.7137000002
Whitewater High School,PUBLIC,HS,High School,YES,117 1st Avenue West,Whitewater,MT,59544,0879,WHITEWATER K-12 SCHOOLS,0663,36,Phillips,D,Unified,27930,409517.229783,639.87067162,36,Phillips,0663,WHITEWATER K-12 SCHOOLS,22.0,23.0,24.0,32.0,29.0,34.0,38.0,37.0,38.0,98.0,105.0,109.0,109.0,104.0,101.0,93.0,85.0,79.0,82.0,86.0,78.0,84.0,71.0,64.0,51.0,46.0,48.0,47.0,54.0,60.0,56.0,52.0,42.0,43.0,43,47,42,38,37,82.0,54.0,37,-54.87804878048781,-31.48148148148148,-13.953488372093023,302793000780,100.0,33.0,33.0,36.0,36.0,38.0,44.0,37.0,43.0,53.0,40.0,42.0,38.0,29.0,34.0,39.0,34.0,28.0,22.0,17.0,15.0,13.0,20.0,18.0,23.0,25.0,17.0,11.0,9.0,8.0,9.0,11.0,10.0,13.0,10.0,737479.0204999968,503004.72949999943
Rapelje High School,PUBLIC,HS,High School,YES,714 Main Street,Rapelje,MT,59067,1123,RAPELJE HIGH SCHOOL,0859,48,Stillwater,32,Secondary,21900,317973.766826,496.83401073,48,Stillwater,0859,RAPELJE H S,19.0,22.0,21.0,22.0,23.0,25.0,27.0,24.0,29.0,38.0,44.0,43.0,42.0,40.0,27.0,27.0,32.0,30.0,30.0,34.0,28.0,26.0,25.0,23.0,22.0,23.0,22.0,24.0,19.0,19.0,18.0,19.0,19.0,22.0,22,16,18,20,12,30.0,19.0,12,-60.0,-36.84210526315789,-45.45454545454545,302190000650,100.0,24.0,27.0,23.0,27.0,36.0,43.0,41.0,40.0,38.0,26.0,26.0,30.0,29.0,27.0,33.0,19.0,21.0,24.0,18.0,20.0,22.0,19.0,23.0,12.0,17.0,17.0,17.0,22.0,19.0,22.0,22.0,16.0,18.0,20.0,618524.3867999986,191482.21829999983
Dutton/Brady High School,PUBLIC,HS,High School,YES,101 2nd Street Northeast,Dutton,MT,59433,1157,DUTTON/BRADY K-12 SCHOOLS,1235,50,Teton,28C,Unified,00102,399821.32325,624.72081766,50,Teton,1235,DUTTON/BRADY K-12 SCHOOLS,0.0,0.0,0.0,0.0,0.0,0.0,0.0,0.0,0.0,0.0,0.0,0.0,0.0,0.0,0.0,0.0,0.0,0.0,0.0,220.0,201.0,204.0,194.0,181.0,175.0,167.0,165.0,173.0,165.0,162.0,155.0,146.0,128.0,133.0,138,134,134,110,87,0.0,165.0,87,,-47.27272727272727,-36.95652173913043,300010200266,100.0,,,,,,,,,,,,,,,,62.0,35.0,41.0,39.0,35.0,37.0,36.0,38.0,35.0,34.0,35.0,27.0,30.0,31.0,31.0,30.0,29.0,28.0,32.0,434404.52899999917,402501.04740000144
Whitehall High School,PUBLIC,HS,High School,YES,1 West Yellowstone Road,Whitehall,MT,59659,0608,WHITEHALL HIGH SCHOOL,0454,22,Jefferson,2,Secondary,27840,454167.883833,709.63731858,22,Jefferson,0454,WHITEHALL H S,223.0,206.0,180.0,168.0,179.0,180.0,175.0,171.0,177.0,184.0,195.0,225.0,224.0,216.0,220.0,215.0,225.0,231.0,207.0,229.0,224.0,222.0,217.0,207.0,199.0,181.0,167.0,150.0,144.0,139.0,136.0,132.0,135.0,132.0,146,130,144,152,161,207.0,144.0,161,-22.22222222222222,11.805555555555555,10.273972602739725,302784000778,100.0,168.0,174.0,165.0,167.0,180.0,185.0,218.0,218.0,206.0,215.0,213.0,221.0,225.0,203.0,223.0,216.0,205.0,209.0,194.0,191.0,153.0,147.0,137.0,130.0,137.0,127.0,122.0,136.0,130.0,132.0,146.0,130.0,144.0,152.0,398425.5650999993,183933.25950000063
Glasgow High School,PUBLIC,HS,High School,YES,1 Scotty Pride Drive,Glasgow,MT,59230,1204,GLASGOW K-12 SCHOOLS,0926,53,Valley,1-A,Unified,12420,1151493.79004,1799.20904717,53,Valley,0926,GLASGOW K-12 SCHOOLS,346.0,315.0,319.0,306.0,314.0,290.0,285.0,283.0,998.0,1020.0,983.0,1021.0,990.0,933.0,881.0,847.0,800.0,762.0,782.0,784.0,776.0,830.0,843.0,846.0,844.0,859.0,843.0,844.0,859.0,847.0,846.0,868.0,841.0,806.0,788,802,783,777,776,782.0,859.0,776,-0.7672634271099744,-9.662398137369035,-1.5228426395939088,301242000343,100.0,287.0,290.0,276.0,277.0,318.0,342.0,368.0,366.0,327.0,286.0,286.0,269.0,239.0,228.0,226.0,228.0,247.0,251.0,266.0,239.0,233.0,243.0,243.0,254.0,241.0,246.0,256.0,262.0,264.0,254.0,244.0,245.0,234.0,228.0,814450.8034000024,443290.86089999974
Garfield Co Dist HS,PUBLIC,HS,High School,YES,324 Marguerite Street,Jordan,MT,59337,0534,GARFIELD COUNTY HIGH SCHOOL,0378,17,Garfield,CO,Secondary,11880,3099794.9881,4843.42966954,17,Garfield,0378,GARFIELD CO H S,83.0,88.0,89.0,81.0,87.0,87.0,93.0,113.0,116.0,111.0,103.0,98.0,96.0,99.0,86.0,79.0,72.0,74.0,72.0,76.0,73.0,69.0,64.0,56.0,51.0,52.0,58.0,66.0,69.0,64.0,55.0,44.0,43.0,48.0,58,51,55,57,57,72.0,69.0,57,-20.833333333333336,-17.391304347826086,-1.7241379310344827,301188000323,100.0,90.0,90.0,108.0,113.0,106.0,98.0,94.0,92.0,97.0,82.0,76.0,68.0,71.0,69.0,75.0,68.0,58.0,57.0,44.0,44.0,49.0,56.0,64.0,66.0,53.0,39.0,33.0,35.0,43.0,48.0,58.0,51.0,55.0,57.0,795878.9087999985,344208.1768999994
Harlowton High School,PUBLIC,HS,High School,YES,304 Division Street,Harlowton,MT,59036,1230,HARLOWTON K-12,0946,54,Wheatland,16,Unified,13470,766973.056468,1198.39540089,54,Wheatland,0946,HARLOWTON K-12,103.0,102.0,87.0,91.0,94.0,102.0,109.0,117.0,104.0,115.0,124.0,126.0,105.0,95.0,95.0,97.0,106.0,106.0,116.0,119.0,118.0,114.0,106.0,96.0,86.0,79.0,74.0,74.0,77.0,75.0,75.0,72.0,65.0,292.0,271,270,261,264,296,116.0,77.0,296,155.17241379310346,284.4155844155844,9.22509225092251,301347000402,100.0,106.0,101.0,112.0,99.0,110.0,119.0,123.0,102.0,91.0,92.0,94.0,102.0,103.0,114.0,115.0,113.0,103.0,88.0,83.0,70.0,73.0,70.0,74.0,76.0,74.0,71.0,64.0,70.0,65.0,60.0,61.0,61.0,69.0,70.0,574755.374499999,242972.56329999864
Big Sandy High School,PUBLIC,HS,High School,YES,398 First Avenue,Big Sandy,MT,59520,0195,BIG SANDY K-12,0138,08,Chouteau,2,Unified,03750,854758.29369,1335.55983406,08,Chouteau,0138,BIG SANDY H S,110.0,110.0,101.0,91.0,103.0,96.0,90.0,98.0,99.0,93.0,91.0,87.0,92.0,79.0,85.0,87.0,75.0,86.0,72.0,76.0,74.0,73.0,70.0,63.0,58.0,54.0,54.0,53.0,53.0,53.0,180.0,180.0,185.0,199.0,196,189,197,192,181,72.0,53.0,181,151.38888888888889,241.50943396226415,-7.653061224489796,300375000054,100.0,92.0,85.0,97.0,95.0,89.0,89.0,84.0,91.0,76.0,81.0,82.0,73.0,83.0,70.0,66.0,70.0,70.0,62.0,50.0,54.0,49.0,52.0,52.0,49.0,49.0,43.0,49.0,60.0,58.0,65.0,59.0,54.0,63.0,54.0,554162.5756999999,436813.691300001
Fergus High School,PUBLIC,HS,High School,YES,1001 Casino Creek Drive,Lewistown,MT,59457,0358,FERGUS HIGH SCHOOL,0259,14,Fergus,1,Secondary,10530,526841.73554,823.19021189,14,Fergus,0259,FERGUS H S,515.0,491.0,445.0,438.0,444.0,437.0,441.0,470.0,533.0,509.0,552.0,566.0,563.0,565.0,550.0,540.0,517.0,497.0,480.0,482.0,470.0,458.0,447.0,436.0,425.0,410.0,390.0,371.0,356.0,363.0,377.0,367.0,333.0,306.0,332,338,356,354,346,480.0,356.0,346,-27.916666666666668,-2.8089887640449436,4.216867469879518,301053000287,100.0,423.0,445.0,457.0,511.0,490.0,536.0,548.0,551.0,546.0,530.0,527.0,501.0,484.0,465.0,455.0,454.0,436.0,422.0,410.0,402.0,378.0,364.0,347.0,335.0,353.0,366.0,352.0,348.0,337.0,306.0,332.0,339.0,356.0,355.0,605815.1642000005,311518.1534000002
Opheim High School,PUBLIC,HS,High School,YES,100 Rock Street,Opheim,MT,59250,1215,OPHEIM K-12 SCHOOLS,0935,53,Valley,9D,Unified,19740,462095.119353,722.02362408,53,Valley,0935,OPHEIM K-12 SCHOOLS,45.0,40.0,44.0,41.0,43.0,45.0,132.0,112.0,112.0,104.0,100.0,95.0,96.0,96.0,83.0,80.0,79.0,76.0,62.0,67.0,62.0,59.0,63.0,64.0,60.0,57.0,54.0,53.0,51.0,46.0,45.0,42.0,25.0,24.0,37,45,28,39,30,62.0,51.0,30,-51.61290322580645,-41.17647058823529,-18.91891891891892,301974000603,100.0,45.0,44.0,42.0,43.0,38.0,40.0,37.0,39.0,35.0,32.0,32.0,31.0,31.0,23.0,18.0,24.0,21.0,16.0,23.0,16.0,18.0,16.0,10.0,10.0,11.0,12.0,15.0,9.0,12.0,10.0,11.0,12.0,5.0,8.0,826560.1696999967,516573.99650000036
Red Lodge High School,PUBLIC,HS,High School,YES,800 Chambers Avenue North,Red Lodge,MT,59068,0084,RED LODGE HIGH SCHOOL,0057,05,Carbon,1,Secondary,22110,448571.534121,700.89302215,05,Carbon,0057,RED LODGE H S,144.0,138.0,143.0,147.0,148.0,160.0,177.0,180.0,204.0,220.0,221.0,223.0,212.0,212.0,208.0,197.0,191.0,179.0,168.0,176.0,189.0,208.0,199.0,196.0,186.0,179.0,179.0,188.0,182.0,180.0,172.0,168.0,176.0,191.0,185,180,176,176,176,168.0,182.0,176,4.761904761904762,-3.296703296703297,-4.864864864864865,302211000655,100.0,153.0,178.0,174.0,190.0,213.0,213.0,214.0,203.0,203.0,199.0,191.0,186.0,174.0,162.0,169.0,171.0,200.0,187.0,179.0,172.0,164.0,173.0,181.0,173.0,165.0,157.0,160.0,161.0,182.0,191.0,185.0,180.0,176.0,176.0,620369.4554999992,105112.69559999928
Ryegate High School,PUBLIC,HS,High School,YES,207 2nd Avenue West,Ryegate,MT,59074,0551,RYEGATE K-12 SCHOOLS,0407,19,Golden Valley,1,Unified,23340,406116.620597,634.55721977,19,Golden Valley,0407,RYEGATE K-12 SCHOOLS,35.0,36.0,31.0,26.0,30.0,29.0,25.0,28.0,92.0,93.0,107.0,96.0,96.0,99.0,100.0,95.0,97.0,101.0,104.0,108.0,109.0,107.0,105.0,96.0,84.0,73.0,73.0,67.0,61.0,54.0,52.0,61.0,56.0,47.0,57,57,44,59,53,104.0,61.0,53,-49.03846153846153,-13.114754098360656,-7.017543859649122,302334000681,100.0,27.0,21.0,26.0,22.0,30.0,31.0,25.0,32.0,35.0,34.0,41.0,43.0,36.0,29.0,26.0,30.0,30.0,27.0,23.0,18.0,15.0,24.0,18.0,7.0,9.0,12.0,15.0,14.0,9.0,7.0,13.0,14.0,10.0,12.0,618582.2727999985,227706.7333999984
Charlo High School,PUBLIC,HS,High School,YES,404 1st Avenue West,Charlo,MT,59824,0636,CHARLO HIGH SCHOOL,1206,24,Lake,7J,Secondary,06115,204483.378857,319.5052795,24,Lake,1206,CHARLO H S,82.0,76.0,82.0,73.0,81.0,77.0,74.0,98.0,108.0,103.0,114.0,118.0,131.0,138.0,124.0,122.0,108.0,109.0,100.0,116.0,128.0,123.0,128.0,130.0,120.0,114.0,99.0,94.0,99.0,97.0,97.0,93.0,86.0,86.0,85,79,82,82,80,100.0,99.0,80,-20.0,-19.19191919191919,-5.88235294117647,300611500177,100.0,71.0,73.0,94.0,103.0,98.0,111.0,114.0,124.0,133.0,121.0,117.0,109.0,109.0,97.0,112.0,125.0,120.0,121.0,127.0,100.0,102.0,83.0,85.0,95.0,94.0,90.0,84.0,94.0,89.0,86.0,85.0,80.0,83.0,82.0,247804.49750000238,365024.79190000147
Winnett High School,PUBLIC,HS,High School,YES,305 South Broadway Avenue,Winnett,MT,59087,0853,WINNETT K-12 SCHOOLS,0642,35,Petroleum,1,Unified,28470,1070421.77354,1672.53402137,35,Petroleum,0642,WINNETT K-12 SCHOOLS+E327,35.0,33.0,38.0,35.0,38.0,38.0,108.0,97.0,102.0,119.0,119.0,116.0,104.0,102.0,97.0,82.0,85.0,85.0,106.0,97.0,101.0,100.0,102.0,104.0,106.0,105.0,103.0,99.0,96.0,92.0,90.0,92.0,67.0,65.0,62,66,60,61,65,106.0,96.0,65,-38.67924528301887,-32.29166666666667,4.838709677419355,302847000792,100.0,38.0,38.0,29.0,32.0,37.0,44.0,44.0,39.0,40.0,31.0,27.0,27.0,32.0,35.0,30.0,31.0,32.0,33.0,37.0,38.0,34.0,36.0,32.0,37.0,36.0,37.0,36.0,31.0,24.0,19.0,19.0,19.0,14.0,11.0,687210.2346000001,306417.2729999982
Geraldine High School,PUBLIC,HS,High School,YES,238 Brewster Street,Geraldine,MT,59446,0214,GERALDINE K-12,0154,08,Chouteau,3,Unified,12210,631548.976883,986.79527651,08,Chouteau,0154,GERALDINE K-12 SCHOOLS,65.0,52.0,47.0,42.0,46.0,41.0,43.0,47.0,40.0,49.0,60.0,61.0,65.0,67.0,57.0,53.0,51.0,49.0,42.0,44.0,40.0,38.0,43.0,39.0,41.0,39.0,103.0,100.0,101.0,97.0,90.0,84.0,62.0,58.0,49,48,55,68,67,42.0,101.0,67,59.523809523809526,-33.663366336633665,36.734693877551024,301221000333,100.0,38.0,44.0,45.0,38.0,48.0,58.0,58.0,62.0,64.0,55.0,51.0,47.0,47.0,39.0,37.0,37.0,33.0,42.0,39.0,38.0,35.0,26.0,29.0,33.0,32.0,32.0,32.0,24.0,28.0,18.0,15.0,14.0,11.0,16.0,542142.5870999992,372873.70050000027
Browning High School,PUBLIC,HS,High School,YES,105 United States Highway 89 North,Browning,MT,59417,0543,BROWNING HIGH SCHOOL,0401,18,Glacier,9,Secondary,05190,1533165.81544,2395.57158693,18,Glacier,0401,BROWNING H S,464.0,458.0,430.0,380.0,389.0,344.0,340.0,429.0,469.0,491.0,495.0,489.0,516.0,514.0,524.0,510.0,549.0,592.0,587.0,612.0,629.0,615.0,611.0,596.0,579.0,551.0,524.0,516.0,540.0,527.0,559.0,581.0,605.0,596.0,611,553,563,611,612,587.0,540.0,612,4.258943781942079,13.333333333333334,0.16366612111292964,300519000136,100.0,345.0,363.0,419.0,461.0,464.0,484.0,490.0,516.0,506.0,501.0,510.0,548.0,595.0,581.0,602.0,636.0,604.0,603.0,571.0,553.0,518.0,504.0,506.0,543.0,511.0,550.0,583.0,576.0,615.0,595.0,611.0,553.0,563.0,611.0,338819.6525000036,483967.92650000006
Billings Sr High School,PUBLIC,HS,High School,YES,425 Grand Avenue,Billings,MT,59101,1250,BILLINGS HIGH SCHOOL,0966,56,Yellowstone,2,Secondary,03900,443282.58003,692.62903139,56,Yellowstone,0966,BILLINGS H S,5257.0,5014.0,4749.0,4431.0,4579.0,4503.0,4613.0,4873.0,5219.0,5257.0,5342.0,5406.0,5418.0,5532.0,5625.0,5630.0,5698.0,5749.0,5724.0,5736.0,5722.0,5707.0,5652.0,5552.0,5423.0,5312.0,5278.0,5341.0,5291.0,5364.0,5467.0,5624.0,5294.0,5477.0,5550,5653,5592,5475,5430,5724.0,5291.0,5430,-5.136268343815513,2.627102627102627,-2.1621621621621623,300390000090,100.0,1688.0,1759.0,1853.0,1957.0,1885.0,1970.0,2017.0,1962.0,2036.0,2087.0,1956.0,1963.0,1903.0,1833.0,1878.0,1786.0,1900.0,1934.0,1833.0,1742.0,1704.0,1664.0,1685.0,1726.0,1717.0,1842.0,1876.0,1924.0,1950.0,1855.0,1806.0,1823.0,1739.0,1675.0,675649.3187000006,171003.01529999822
North Star High School,PUBLIC,HS,High School,YES,105 3rd Avenue Northeast,Rudyard,MT,59540,0591,NORTH STAR HIGH SCHOOL,1234,21,Hill,M,Secondary,00097,660384.625557,1031.85097757,21,Hill,1234,NORTH STAR HS,0.0,0.0,0.0,0.0,0.0,0.0,0.0,0.0,0.0,0.0,0.0,0.0,0.0,0.0,0.0,0.0,0.0,0.0,0.0,95.0,91.0,87.0,77.0,69.0,59.0,54.0,51.0,62.0,59.0,59.0,63.0,64.0,47.0,53.0,49,48,53,57,56,0.0,59.0,56,,-5.084745762711865,14.285714285714285,300009700679,100.0,,,,,,,,,,,,,,,,83.0,76.0,67.0,55.0,48.0,50.0,48.0,61.0,57.0,53.0,60.0,61.0,51.0,50.0,53.0,49.0,48.0,53.0,57.0,522310.78350000083,479745.21189999953
Joliet High School,PUBLIC,HS,High School,YES,300 North Park Street,Joliet,MT,59041,0088,JOLIET HIGH SCHOOL,0061,05,Carbon,7,Secondary,15260,135792.923972,212.17644373,05,Carbon,0061,JOLIET H S,89.0,85.0,85.0,97.0,96.0,126.0,128.0,131.0,136.0,139.0,131.0,126.0,116.0,118.0,110.0,105.0,118.0,127.0,123.0,133.0,126.0,136.0,140.0,135.0,140.0,136.0,139.0,136.0,134.0,130.0,128.0,125.0,105.0,106.0,121,129,139,140,128,123.0,134.0,128,4.0650406504065035,-4.477611940298507,5.785123966942149,301526000464,100.0,115.0,133.0,128.0,130.0,132.0,130.0,122.0,113.0,114.0,105.0,103.0,113.0,124.0,120.0,129.0,116.0,119.0,134.0,128.0,136.0,136.0,136.0,133.0,124.0,122.0,125.0,118.0,114.0,112.0,106.0,121.0,129.0,139.0,140.0,641120.3285000026,137656.57730000094
Sentinel High School,PUBLIC,HS,High School,YES,901 South Ave West,Missoula,MT,59801,1433,MISSOULA HIGH SCHOOL,0584,32,Missoula,1,Secondary,18540,1322127.18712,2065.82373014,32,Missoula,0584,MISSOULA H S,3690.0,3506.0,3432.0,3322.0,3336.0,3271.0,3360.0,3572.0,3754.0,3832.0,3886.0,4010.0,4048.0,4049.0,4065.0,4133.0,4224.0,4119.0,4051.0,4087.0,4041.0,4024.0,3973.0,3900.0,3805.0,3741.0,3737.0,3701.0,3670.0,3643.0,3727.0,3756.0,3604.0,3625.0,3717,3828,3954,4012,3934,4051.0,3670.0,3934,-2.8881757590718338,7.193460490463215,5.83804143126177,301854000564,100.0,969.0,1041.0,1053.0,1086.0,1105.0,1167.0,1230.0,1184.0,1202.0,1212.0,1214.0,1229.0,1150.0,1162.0,1105.0,1105.0,1184.0,1207.0,1248.0,1199.0,1221.0,1207.0,1166.0,1161.0,1169.0,1205.0,1219.0,1243.0,1268.0,1250.0,1278.0,1318.0,1378.0,1386.0,256450.96169999987,298511.1590999998
Savage High School,PUBLIC,HS,High School,YES,368 Mesa Street South,Savage,MT,59262,0983,SAVAGE HIGH SCHOOL,0748,42,Richland,2,Secondary,23550,178856.557305,279.46337082,42,Richland,0748,SAVAGE H S,67.0,55.0,50.0,42.0,48.0,39.0,34.0,42.0,45.0,57.0,64.0,71.0,66.0,69.0,76.0,71.0,71.0,67.0,63.0,61.0,56.0,51.0,48.0,47.0,41.0,37.0,33.0,33.0,33.0,34.0,37.0,35.0,27.0,22.0,25,27,29,35,40,63.0,33.0,40,-36.507936507936506,21.21212121212121,60.0,302355000686,100.0,34.0,31.0,33.0,43.0,53.0,56.0,68.0,63.0,65.0,73.0,67.0,67.0,64.0,61.0,50.0,49.0,46.0,41.0,46.0,32.0,29.0,31.0,33.0,33.0,35.0,36.0,32.0,30.0,26.0,22.0,25.0,27.0,29.0,35.0,988468.4597000033,368434.9151000008
Culbertson High School,PUBLIC,HS,High School,YES,423 1st Avenue West,Culbertson,MT,59218,1018,CULBERTSON HIGH SCHOOL,0778,43,Roosevelt,17C/R,Secondary,07860,131518.871332,205.49823648,43,Roosevelt,0778,CULBERTSON H S,70.0,66.0,75.0,77.0,79.0,83.0,90.0,102.0,99.0,88.0,89.0,90.0,97.0,104.0,105.0,91.0,77.0,70.0,72.0,92.0,92.0,99.0,99.0,103.0,98.0,96.0,89.0,87.0,85.0,82.0,76.0,72.0,76.0,84.0,81,78,94,91,77,72.0,85.0,77,6.944444444444445,-9.411764705882353,-4.938271604938271,300786000225,100.0,84.0,84.0,99.0,94.0,83.0,86.0,86.0,94.0,101.0,102.0,87.0,76.0,67.0,68.0,67.0,90.0,96.0,98.0,100.0,88.0,91.0,80.0,81.0,84.0,74.0,65.0,67.0,74.0,81.0,84.0,81.0,78.0,94.0,91.0,970130.054399997,444922.8299999982
Wolf Point High School,PUBLIC,HS,High School,YES,213 6th Avenue South,Wolf Point,MT,59201,1023,WOLF POINT HIGH SCHOOL,0781,43,Roosevelt,45A,Secondary,28620,406040.776003,634.43871259,43,Roosevelt,0781,WOLF POINT H S,326.0,320.0,314.0,314.0,314.0,319.0,310.0,323.0,307.0,303.0,320.0,317.0,355.0,315.0,324.0,343.0,340.0,350.0,299.0,311.0,281.0,269.0,282.0,269.0,266.0,249.0,239.0,223.0,230.0,229.0,226.0,224.0,220.0,222.0,245,239,224,212,200,299.0,230.0,200,-33.11036789297659,-13.043478260869565,-18.367346938775512,302862000799,100.0,319.0,300.0,312.0,299.0,294.0,315.0,308.0,350.0,305.0,318.0,342.0,329.0,340.0,299.0,277.0,250.0,261.0,280.0,254.0,253.0,231.0,237.0,204.0,220.0,232.0,217.0,224.0,216.0,231.0,222.0,245.0,239.0,225.0,212.0,886694.7331999987,433687.8390999995
Ronan High School,PUBLIC,HS,High School,YES,130 3rd Avenue Northwest,Ronan,MT,59864,0640,RONAN HIGH SCHOOL,1200,24,Lake,30,Secondary,22800,134224.308112,209.72548145,24,Lake,1200,RONAN H S,380.0,355.0,333.0,346.0,349.0,369.0,382.0,419.0,398.0,417.0,432.0,457.0,444.0,454.0,463.0,430.0,414.0,381.0,382.0,378.0,385.0,394.0,377.0,357.0,338.0,329.0,333.0,326.0,352.0,350.0,353.0,351.0,335.0,335.0,367,371,415,372,376,382.0,352.0,376,-1.5706806282722512,6.8181818181818175,2.452316076294278,302280000670,100.0,376.0,378.0,405.0,386.0,409.0,412.0,447.0,431.0,443.0,446.0,422.0,411.0,384.0,375.0,370.0,378.0,386.0,351.0,321.0,332.0,316.0,324.0,321.0,350.0,337.0,341.0,341.0,345.0,343.0,335.0,367.0,371.0,416.0,373.0,253964.57519999892,374787.19519999996
Alberton High School,PUBLIC,HS,High School,YES,306 Railroad Avenue,Alberton,MT,59820,0766,ALBERTON K-12 SCHOOLS,0577,31,Mineral,2,Unified,01860,248553.32323,388.3645676,31,Mineral,0577,ALBERTON K-12 SCHOOLS,59.0,61.0,61.0,58.0,59.0,66.0,59.0,69.0,81.0,95.0,87.0,222.0,209.0,214.0,227.0,208.0,204.0,210.0,207.0,214.0,201.0,202.0,195.0,180.0,167.0,163.0,156.0,162.0,156.0,154.0,145.0,140.0,135.0,149.0,160,148,166,142,154,207.0,156.0,154,-25.60386473429952,-1.282051282051282,-3.75,300186000004,100.0,61.0,59.0,69.0,78.0,87.0,84.0,83.0,77.0,68.0,80.0,70.0,68.0,79.0,79.0,89.0,79.0,83.0,82.0,74.0,54.0,51.0,49.0,45.0,46.0,46.0,32.0,40.0,39.0,43.0,40.0,37.0,41.0,43.0,36.0,221691.02899999917,318104.6479999982
Chinook High School,PUBLIC,HS,High School,YES,528 Ohio Street,Chinook,MT,59523,0047,CHINOOK HIGH SCHOOL,0029,03,Blaine,10,Secondary,06270,1058243.63569,1653.50568099,03,Blaine,0029,CHINOOK H S,195.0,178.0,189.0,190.0,192.0,192.0,198.0,210.0,208.0,196.0,208.0,216.0,207.0,219.0,206.0,199.0,170.0,162.0,155.0,147.0,136.0,127.0,128.0,125.0,122.0,132.0,130.0,134.0,145.0,139.0,135.0,126.0,110.0,108.0,109,114,114,118,115,155.0,145.0,115,-25.806451612903224,-20.689655172413794,5.5045871559633035,300627000182,100.0,191.0,200.0,201.0,201.0,188.0,196.0,212.0,201.0,211.0,198.0,189.0,165.0,154.0,150.0,116.0,127.0,120.0,121.0,120.0,113.0,114.0,123.0,130.0,142.0,133.0,117.0,115.0,106.0,111.0,108.0,109.0,114.0,114.0,118.0,619982.8968999982,482320.60819999874
Valier High School,PUBLIC,HS,High School,YES,804 4th Street,Valier,MT,59486,0899,VALIER HIGH SCHOOL,0680,37,Pondera,18,Secondary,27090,337520.941718,527.3764715,37,Pondera,0680,VALIER H S,83.0,83.0,96.0,79.0,93.0,77.0,75.0,79.0,86.0,95.0,94.0,105.0,101.0,92.0,97.0,91.0,84.0,76.0,77.0,75.0,81.0,84.0,78.0,71.0,63.0,61.0,61.0,63.0,58.0,62.0,60.0,58.0,46.0,46.0,45,42,46,38,37,77.0,58.0,37,-51.94805194805194,-36.206896551724135,-17.77777777777778,302709000759,100.0,69.0,74.0,76.0,84.0,92.0,91.0,100.0,97.0,90.0,94.0,87.0,80.0,72.0,75.0,67.0,79.0,83.0,68.0,58.0,57.0,58.0,58.0,58.0,48.0,59.0,58.0,48.0,55.0,48.0,46.0,45.0,42.0,46.0,38.0,395731.91860000044,454155.35009999946
Sweet Grass Co High Schl,PUBLIC,HS,High School,YES,501 West 5th Avenue,Big Timber,MT,59011,1130,SWEET GRASS HIGH SCHOOL,0882,49,Sweet Grass,CO,Secondary,25560,1183527.65412,1849.2619598,49,Sweet Grass,0882,SWEET GRASS CO HS,200.0,197.0,190.0,183.0,191.0,194.0,199.0,205.0,192.0,187.0,195.0,179.0,187.0,193.0,185.0,201.0,198.0,198.0,213.0,217.0,217.0,215.0,213.0,216.0,209.0,203.0,191.0,187.0,184.0,184.0,179.0,176.0,157.0,170.0,166,164,161,152,161,213.0,184.0,161,-24.413145539906104,-12.5,-3.0120481927710845,302556000732,100.0,196.0,187.0,198.0,188.0,178.0,190.0,174.0,179.0,187.0,180.0,194.0,193.0,188.0,207.0,207.0,209.0,203.0,205.0,207.0,195.0,185.0,175.0,179.0,174.0,175.0,164.0,165.0,163.0,162.0,170.0,166.0,164.0,161.0,152.0,564582.5091999993,175450.76469999924
Custer High School,PUBLIC,HS,High School,YES,304 4th Avenue,Custer,MT,59024,1289,CUSTER K-12 SCHOOLS,0975,56,Yellowstone,15,Unified,08130,290633.955745,454.11555591,56,Yellowstone,0975,CUSTER K-12 SCHOOLS,42.0,35.0,39.0,34.0,39.0,34.0,32.0,87.0,96.0,94.0,87.0,88.0,93.0,92.0,95.0,104.0,96.0,95.0,87.0,90.0,84.0,86.0,90.0,89.0,87.0,91.0,90.0,87.0,90.0,84.0,83.0,84.0,88.0,85.0,103,106,105,88,88,87.0,90.0,88,1.1494252873563218,-2.2222222222222223,-14.563106796116504,300813000232,100.0,30.0,30.0,26.0,25.0,25.0,29.0,34.0,39.0,34.0,29.0,31.0,34.0,27.0,30.0,32.0,24.0,31.0,37.0,39.0,34.0,31.0,29.0,26.0,27.0,27.0,26.0,20.0,19.0,20.0,23.0,38.0,43.0,36.0,30.0,750114.1828000024,210424.38390000165
Malta High School,PUBLIC,HS,High School,YES,1 High School Lane,Malta,MT,59538,0875,MALTA K-12 SCHOOLS,0659,36,Phillips,14A,Unified,17580,1862265.07757,2909.78918409,36,Phillips,0659,MALTA K-12 SCHOOLS,225.0,213.0,213.0,202.0,209.0,203.0,222.0,231.0,235.0,246.0,234.0,255.0,266.0,719.0,691.0,657.0,624.0,622.0,609.0,611.0,604.0,584.0,612.0,600.0,594.0,574.0,556.0,526.0,521.0,516.0,512.0,523.0,468.0,466.0,456,500,515,483,492,609.0,521.0,492,-19.21182266009852,-5.566218809980806,7.894736842105263,301758000546,100.0,205.0,236.0,224.0,228.0,237.0,226.0,244.0,255.0,246.0,229.0,214.0,190.0,197.0,191.0,195.0,206.0,198.0,201.0,210.0,192.0,190.0,178.0,162.0,161.0,150.0,147.0,146.0,137.0,143.0,138.0,124.0,147.0,143.0,122.0,720065.2884000018,457164.02259999886
Hinsdale High School,PUBLIC,HS,High School,YES,600 North Montana,Hinsdale,MT,59241,1213,HINSDALE HIGH SCHOOL,0933,53,Valley,7C,Secondary,14370,984650.361129,1538.51618946,53,Valley,0933,HINSDALE H S,33.0,36.0,30.0,26.0,30.0,30.0,31.0,26.0,36.0,32.0,33.0,34.0,33.0,45.0,37.0,34.0,39.0,37.0,40.0,38.0,37.0,36.0,34.0,34.0,34.0,33.0,32.0,29.0,28.0,25.0,24.0,25.0,23.0,26.0,24,24,26,19,18,40.0,28.0,18,-55.00000000000001,-35.714285714285715,-25.0,301437000444,100.0,29.0,28.0,25.0,34.0,30.0,31.0,31.0,31.0,43.0,37.0,33.0,37.0,35.0,41.0,35.0,32.0,34.0,31.0,32.0,32.0,29.0,30.0,23.0,26.0,22.0,20.0,19.0,23.0,22.0,26.0,24.0,24.0,26.0,19.0,778794.3874000013,463328.1378999986
Columbia Falls High Schl,PUBLIC,HS,High School,YES,610 13th Street West,Columbia Falls,MT,59912,0425,COLUMBIA FALLS HIGH SCHOOL,0313,15,Flathead,6,Secondary,07140,2124901.77244,3320.15901987,15,Flathead,0313,COLUMBIA FALLS H S,713.0,702.0,668.0,632.0,653.0,680.0,764.0,736.0,824.0,860.0,902.0,947.0,967.0,945.0,937.0,895.0,905.0,891.0,872.0,885.0,877.0,910.0,890.0,883.0,848.0,800.0,762.0,731.0,721.0,710.0,692.0,676.0,639.0,658.0,645,671,682,687,691,872.0,721.0,691,-20.756880733944953,-4.160887656033287,7.131782945736434,300714000203,100.0,692.0,720.0,702.0,765.0,787.0,819.0,867.0,895.0,879.0,868.0,839.0,843.0,877.0,845.0,863.0,862.0,878.0,877.0,830.0,781.0,727.0,719.0,690.0,691.0,688.0,638.0,643.0,621.0,661.0,658.0,645.0,671.0,687.0,688.0,252717.8818999976,467847.124499999
Seeley-Swan High School,PUBLIC,HS,High School,YES,456 Airport Road,Seeley Lake,MT,59868,1434,MISSOULA HIGH SCHOOL,0584,32,Missoula,1,Secondary,18540,1322127.18712,2065.82373014,32,Missoula,0584,MISSOULA H S,3690.0,3506.0,3432.0,3322.0,3336.0,3271.0,3360.0,3572.0,3754.0,3832.0,3886.0,4010.0,4048.0,4049.0,4065.0,4133.0,4224.0,4119.0,4051.0,4087.0,4041.0,4024.0,3973.0,3900.0,3805.0,3741.0,3737.0,3701.0,3670.0,3643.0,3727.0,3756.0,3604.0,3625.0,3717,3828,3954,4012,3934,4051.0,3670.0,3934,-2.8881757590718338,7.193460490463215,5.83804143126177,301854000563,100.0,108.0,107.0,122.0,124.0,135.0,137.0,150.0,150.0,163.0,151.0,154.0,166.0,168.0,174.0,181.0,158.0,135.0,137.0,109.0,104.0,103.0,110.0,116.0,111.0,102.0,107.0,102.0,99.0,88.0,93.0,92.0,96.0,98.0,101.0,299552.86879999936,332564.1550000012
Shields Valley High Schl,PUBLIC,HS,High School,YES,405 First Street East,Clyde Park,MT,59018,1666,SHIELDS VALLEY HIGH SCHOOL,1228,34,Park,5,Secondary,00933,423486.741172,661.69803317,34,Park,1228,SHIELDS VALLEY HS,0.0,0.0,0.0,0.0,100.0,96.0,93.0,96.0,96.0,101.0,110.0,104.0,109.0,106.0,105.0,112.0,103.0,104.0,88.0,97.0,96.0,102.0,97.0,92.0,82.0,79.0,81.0,80.0,79.0,83.0,77.0,74.0,59.0,58.0,53,53,50,59,59,88.0,79.0,59,-32.95454545454545,-25.31645569620253,11.320754716981133,300093301026,100.0,91.0,89.0,93.0,91.0,98.0,106.0,103.0,103.0,102.0,102.0,107.0,98.0,101.0,84.0,91.0,92.0,99.0,87.0,77.0,71.0,75.0,77.0,77.0,72.0,78.0,68.0,66.0,59.0,61.0,58.0,53.0,53.0,50.0,59.0,514821.19860000163,182570.61190000176
Dodson High School,PUBLIC,HS,High School,YES,124 First Avenue West,Dodson,MT,59524,0863,DODSON K-12 SCHOOLS,0648,36,Phillips,C,Unified,09120,626980.262551,979.65666036,36,Phillips,0648,DODSON H S,36.0,27.0,38.0,50.0,49.0,54.0,50.0,50.0,42.0,46.0,51.0,45.0,48.0,40.0,34.0,37.0,31.0,33.0,43.0,34.0,31.0,25.0,24.0,24.0,64.0,61.0,72.0,85.0,79.0,86.0,84.0,89.0,86.0,93.0,90,85,92,95,78,43.0,79.0,78,81.3953488372093,-1.2658227848101267,-13.333333333333334,300912000261,100.0,49.0,49.0,48.0,42.0,43.0,48.0,45.0,46.0,38.0,32.0,36.0,29.0,32.0,41.0,24.0,20.0,23.0,24.0,21.0,18.0,24.0,20.0,16.0,17.0,27.0,25.0,27.0,27.0,24.0,34.0,35.0,34.0,31.0,32.0,692576.1770000011,461481.4107000008
Park High School,PUBLIC,HS,High School,YES,102 View Vista Drive,Livingston,MT,59047,0823,PARK HIGH SCHOOL,0613,34,Park,1,Secondary,20100,854077.359375,1334.4958742,34,Park,0613,PARK H S,516.0,507.0,488.0,455.0,466.0,453.0,463.0,527.0,563.0,578.0,569.0,583.0,604.0,598.0,593.0,583.0,571.0,570.0,590.0,586.0,584.0,571.0,555.0,549.0,549.0,560.0,545.0,531.0,510.0,519.0,517.0,502.0,429.0,419.0,413,422,418,438,420,590.0,510.0,420,-28.8135593220339,-17.647058823529413,1.694915254237288,302010000611,100.0,467.0,481.0,518.0,543.0,567.0,554.0,567.0,595.0,575.0,582.0,564.0,560.0,560.0,573.0,570.0,564.0,539.0,528.0,529.0,534.0,549.0,513.0,494.0,478.0,498.0,500.0,462.0,447.0,439.0,418.0,413.0,422.0,418.0,438.0,517807.83139999956,156909.4893000014
Victor High School,PUBLIC,HS,High School,YES,425 4th Avenue,Victor,MT,59875,0972,VICTOR K-12 SCHOOLS,0738,41,Ravalli,7,Unified,27270,77337.7272198,120.8401988,41,Ravalli,0738,VICTOR K-12 SCHOOLS,83.0,80.0,74.0,71.0,75.0,77.0,273.0,290.0,306.0,356.0,355.0,393.0,398.0,368.0,357.0,376.0,363.0,354.0,344.0,354.0,340.0,361.0,376.0,365.0,377.0,364.0,367.0,357.0,368.0,354.0,342.0,332.0,271.0,257.0,246,262,238,239,238,344.0,368.0,238,-30.813953488372093,-35.32608695652174,-3.2520325203252036,302727000763,100.0,76.0,76.0,83.0,90.0,104.0,101.0,108.0,105.0,123.0,118.0,116.0,120.0,109.0,111.0,125.0,118.0,129.0,113.0,91.0,114.0,104.0,109.0,97.0,117.0,109.0,108.0,121.0,108.0,103.0,102.0,85.0,74.0,75.0,80.0,242833.63809999824,251182.7082999982
Cut Bank High School,PUBLIC,HS,High School,YES,101 3rd Avenue Southeast,Cut Bank,MT,59427,0547,CUT BANK HIGH SCHOOL,0403,18,Glacier,15,Secondary,08190,409228.526972,639.41957348,18,Glacier,0403,CUT BANK H S,291.0,286.0,262.0,255.0,271.0,263.0,265.0,301.0,293.0,309.0,310.0,299.0,322.0,309.0,303.0,311.0,311.0,318.0,312.0,317.0,305.0,292.0,273.0,252.0,235.0,218.0,214.0,209.0,205.0,195.0,185.0,173.0,166.0,210.0,218,240,226,198,183,312.0,205.0,183,-41.34615384615385,-10.731707317073171,-16.055045871559635,300819000236,100.0,259.0,267.0,290.0,284.0,300.0,305.0,293.0,310.0,302.0,293.0,305.0,307.0,311.0,304.0,308.0,280.0,262.0,247.0,215.0,215.0,209.0,206.0,195.0,193.0,182.0,172.0,157.0,150.0,167.0,210.0,218.0,240.0,227.0,198.0,391423.9020999968,490742.0989000015
Froid High School,PUBLIC,HS,High School,YES,408 1st Street South,Froid,MT,59226,1030,FROID HIGH SCHOOL,0787,43,Roosevelt,65E,Secondary,11580,266343.157263,416.16118328,43,Roosevelt,0787,FROID H S,38.0,38.0,39.0,37.0,39.0,38.0,41.0,40.0,38.0,42.0,36.0,39.0,37.0,32.0,33.0,37.0,36.0,28.0,29.0,26.0,22.0,18.0,25.0,29.0,27.0,27.0,26.0,28.0,35.0,32.0,33.0,30.0,20.0,22.0,27,35,38,38,40,29.0,35.0,40,37.93103448275862,14.285714285714285,48.148148148148145,301158000315,100.0,38.0,39.0,39.0,37.0,40.0,34.0,38.0,36.0,29.0,31.0,31.0,35.0,26.0,27.0,19.0,14.0,15.0,23.0,27.0,25.0,25.0,24.0,26.0,33.0,31.0,30.0,26.0,24.0,20.0,22.0,27.0,35.0,38.0,38.0,971187.3699000031,465905.2380999997
Hysham High School,PUBLIC,HS,High School,YES,115 Summit Street,Hysham,MT,59038,1194,HYSHAM K-12 SCHOOLS,0923,52,Treasure,1,Unified,14760,629405.787565,983.4465432,52,Treasure,0923,HYSHAM K-12 SCHOOLS,61.0,61.0,55.0,53.0,57.0,50.0,50.0,58.0,62.0,184.0,166.0,167.0,176.0,181.0,190.0,164.0,154.0,140.0,138.0,136.0,139.0,137.0,140.0,130.0,121.0,107.0,99.0,96.0,91.0,78.0,74.0,65.0,48.0,71.0,71,78,73,85,88,138.0,91.0,88,-36.231884057971016,-3.296703296703297,23.943661971830984,301476000454,100.0,42.0,56.0,56.0,58.0,59.0,56.0,62.0,62.0,69.0,65.0,67.0,63.0,48.0,46.0,39.0,36.0,40.0,42.0,42.0,41.0,36.0,29.0,33.0,33.0,18.0,22.0,18.0,11.0,13.0,13.0,7.0,13.0,13.0,14.0,774665.4673999995,229517.6000000015
West Yellowstone HS,PUBLIC,HS,High School,YES,411 North Geyser Street,West Yellowstone,MT,59758,0496,WEST YELLOWSTONE K-12 SCHOOLS,0374,16,Gallatin,69,Unified,27630,278127.166736,434.57369808,16,Gallatin,0374,W YELLOWSTONE K-12 SCHOOLS,75.0,71.0,70.0,57.0,64.0,64.0,214.0,237.0,240.0,256.0,300.0,297.0,262.0,265.0,279.0,244.0,243.0,239.0,229.0,230.0,222.0,226.0,220.0,222.0,240.0,236.0,239.0,244.0,258.0,256.0,262.0,271.0,286.0,300.0,282,277,287,273,253,229.0,258.0,253,10.480349344978166,-1.937984496124031,-10.28368794326241,302763000769,100.0,67.0,70.0,74.0,80.0,78.0,90.0,90.0,81.0,85.0,81.0,66.0,78.0,70.0,72.0,67.0,61.0,68.0,65.0,62.0,66.0,57.0,53.0,52.0,54.0,52.0,51.0,57.0,67.0,79.0,87.0,89.0,86.0,81.0,70.0,472430.97349999845,47557.15920000151
Darby High School,PUBLIC,HS,High School,YES,209 School Drive,Darby,MT,59829,0974,DARBY K-12 SCHOOLS,0740,41,Ravalli,9,Unified,08280,880747.363467,1376.1677556,41,Ravalli,0740,DARBY K-12 SCHOOLS,204.0,198.0,183.0,171.0,186.0,180.0,547.0,587.0,638.0,637.0,670.0,664.0,643.0,638.0,639.0,624.0,599.0,532.0,567.0,555.0,522.0,485.0,457.0,430.0,413.0,396.0,367.0,349.0,344.0,357.0,372.0,366.0,317.0,329.0,319,351,326,337,320,567.0,344.0,320,-43.56261022927689,-6.976744186046512,0.3134796238244514,300828000238,100.0,176.0,153.0,181.0,210.0,206.0,213.0,219.0,200.0,213.0,192.0,198.0,198.0,183.0,183.0,206.0,161.0,155.0,168.0,144.0,132.0,111.0,87.0,88.0,82.0,99.0,104.0,115.0,104.0,112.0,123.0,109.0,112.0,107.0,112.0,237976.66359999776,208314.74960000068
Gardiner High School,PUBLIC,HS,High School,YES,510 Stone Street,Gardiner,MT,59030,0824,GARDINER HIGH SCHOOL,1191,34,Park,4,Secondary,11850,521859.797148,815.40593315,34,Park,1191,GARDINER H S,84.0,96.0,90.0,81.0,88.0,76.0,74.0,83.0,79.0,79.0,88.0,95.0,100.0,101.0,101.0,103.0,97.0,99.0,95.0,96.0,91.0,88.0,104.0,96.0,100.0,96.0,93.0,89.0,87.0,86.0,87.0,86.0,63.0,58.0,48,48,56,48,55,95.0,87.0,55,-42.10526315789473,-36.7816091954023,14.583333333333334,301185000322,100.0,69.0,70.0,80.0,78.0,76.0,87.0,92.0,96.0,97.0,100.0,92.0,93.0,96.0,93.0,90.0,80.0,85.0,99.0,92.0,95.0,91.0,81.0,84.0,85.0,78.0,83.0,83.0,66.0,63.0,58.0,48.0,48.0,56.0,48.0,504552.19609999657,87647.58810000122
Richey High School,PUBLIC,HS,High School,YES,202 Royal Avenue,Richey,MT,59259,0311,RICHEY HIGH SCHOOL,0228,11,Dawson,2,Secondary,22410,469500.217256,733.59408956,11,Dawson,0228,RICHEY H S,57.0,45.0,47.0,47.0,50.0,49.0,47.0,53.0,42.0,45.0,46.0,43.0,48.0,46.0,45.0,44.0,43.0,39.0,40.0,38.0,34.0,29.0,26.0,28.0,27.0,32.0,30.0,29.0,26.0,23.0,23.0,28.0,28.0,26.0,26,26,29,24,22,40.0,26.0,22,-45.0,-15.384615384615385,-15.384615384615385,302241000660,100.0,46.0,43.0,51.0,41.0,43.0,44.0,41.0,45.0,43.0,43.0,42.0,41.0,37.0,39.0,33.0,28.0,23.0,24.0,27.0,25.0,30.0,29.0,22.0,22.0,21.0,22.0,26.0,31.0,28.0,26.0,26.0,26.0,29.0,24.0,932681.5934000015,386390.1458999999
Butte High School,PUBLIC,HS,High School,YES,401 South Wyoming Street,Butte,MT,59701,1103,BUTTE HIGH SCHOOL,1212,47,Silver Bow,1,Secondary,05310,441177.262769,689.33947317,47,Silver Bow,1212,BUTTE H S,1809.0,1701.0,1611.0,1595.0,1608.0,1525.0,1458.0,1612.0,1694.0,1727.0,1726.0,1767.0,1776.0,1734.0,1676.0,1576.0,1576.0,1574.0,1571.0,1576.0,1569.0,1567.0,1588.0,1553.0,1526.0,1465.0,1407.0,1358.0,1331.0,1319.0,1286.0,1261.0,1156.0,1216.0,1280,1294,1316,1270,1265,1571.0,1331.0,1265,-19.478039465308722,-4.958677685950414,-1.171875,300531000156,100.0,1488.0,1506.0,1584.0,1645.0,1687.0,1675.0,1719.0,1721.0,1686.0,1624.0,1534.0,1539.0,1531.0,1554.0,1554.0,1521.0,1533.0,1543.0,1493.0,1438.0,1361.0,1300.0,1288.0,1296.0,1260.0,1199.0,1199.0,1206.0,1208.0,1216.0,1280.0,1295.0,1317.0,1272.0,365213.2484000027,199981.77580000088
Troy High School,PUBLIC,HS,High School,YES,116 East Missoula Avenue,Troy,MT,59935,0697,TROY HIGH SCHOOL,0520,27,Lincoln,1,Secondary,26580,880302.731248,1375.47301775,27,Lincoln,0520,TROY H S,208.0,207.0,209.0,219.0,217.0,224.0,226.0,237.0,253.0,258.0,257.0,242.0,231.0,225.0,229.0,239.0,223.0,223.0,204.0,205.0,194.0,186.0,182.0,175.0,171.0,168.0,159.0,149.0,137.0,141.0,134.0,130.0,123.0,141.0,135,126,128,138,132,204.0,137.0,132,-35.294117647058826,-3.64963503649635,-2.2222222222222223,302658000749,100.0,226.0,225.0,229.0,249.0,248.0,244.0,233.0,225.0,216.0,221.0,235.0,215.0,214.0,199.0,178.0,187.0,169.0,169.0,163.0,164.0,158.0,146.0,136.0,131.0,139.0,127.0,117.0,120.0,127.0,141.0,135.0,127.0,128.0,138.0,127557.61100000143,487556.31819999963
Lame Deer High School,PUBLIC,HS,High School,YES,546 High School Drive,Lame Deer,MT,59043,1816,LAME DEER HIGH SCHOOL,1230,44,Rosebud,6,Secondary,00095,875776.241671,1368.40037779,44,Rosebud,1230,LAME DEER H S,0.0,0.0,0.0,0.0,0.0,0.0,0.0,0.0,140.0,123.0,122.0,103.0,127.0,167.0,178.0,186.0,207.0,210.0,173.0,181.0,167.0,178.0,184.0,175.0,161.0,142.0,130.0,125.0,116.0,109.0,138.0,130.0,143.0,137.0,172,182,169,195,170,173.0,116.0,170,-1.7341040462427744,46.55172413793103,-1.1627906976744187,300009500137,100.0,,,,,118.0,119.0,91.0,124.0,134.0,169.0,190.0,210.0,214.0,192.0,146.0,157.0,175.0,177.0,153.0,141.0,125.0,120.0,122.0,106.0,95.0,136.0,133.0,152.0,149.0,132.0,172.0,182.0,169.0,196.0,821819.7149000019,152967.79980000108
Pine Hills Youth Corr Facil HS,PUBLIC,HS,High School,YES,4 North Haynes Avenue,Miles City,MT,59301,9415,CUSTER COUNTY HIGH SCHOOL,0192,09,Custer,1,Secondary,07930,2425174.37684,3789.3349643,09,Custer,0192,CUSTER CO H S,729.0,702.0,657.0,649.0,650.0,632.0,627.0,683.0,707.0,745.0,768.0,760.0,750.0,750.0,702.0,661.0,624.0,582.0,598.0,598.0,607.0,603.0,637.0,627.0,612.0,583.0,544.0,516.0,520.0,560.0,567.0,558.0,488.0,510.0,495,508,495,492,487,598.0,520.0,487,-18.561872909698995,-6.346153846153846,-1.6161616161616161,300009100861,100.0,129.0,106.0,82.0,71.0,77.0,68.0,81.0,84.0,93.0,78.0,78.0,102.0,115.0,95.0,73.0,78.0,76.0,73.0,61.0,63.0,70.0,63.0,55.0,54.0,49.0,42.0,40.0,32.0,39.0,21.0,17.0,33.0,29.0,29.0,882557.3672000021,246546.814100001
Cascade High School,PUBLIC,HS,High School,YES,321 Central Avenue West,Cascade,MT,59421,0157,CASCADE HIGH SCHOOL,0102,07,Cascade,B,Secondary,05910,599247.321756,936.32394037,07,Cascade,0102,CASCADE H S,162.0,153.0,152.0,143.0,151.0,137.0,125.0,138.0,150.0,150.0,172.0,178.0,191.0,197.0,194.0,191.0,194.0,165.0,152.0,155.0,148.0,148.0,157.0,152.0,157.0,147.0,137.0,119.0,108.0,103.0,101.0,109.0,80.0,92.0,91,84,101,110,111,152.0,108.0,111,-26.973684210526315,2.7777777777777777,21.978021978021978,300591000170,100.0,127.0,119.0,133.0,149.0,146.0,167.0,172.0,186.0,190.0,184.0,186.0,188.0,158.0,148.0,146.0,143.0,146.0,154.0,147.0,151.0,130.0,116.0,102.0,95.0,100.0,97.0,106.0,89.0,81.0,92.0,91.0,84.0,101.0,110.0,433240.0621000007,338110.26740000024
Drummond High School,PUBLIC,HS,High School,YES,108 West Edwards Street,Drummond,MT,59832,0564,DRUMMOND HIGH SCHOOL,0420,20,Granite,2,Secondary,09210,366283.317377,572.31768348,20,Granite,0420,DRUMMOND H S,83.0,87.0,88.0,79.0,87.0,93.0,94.0,104.0,104.0,102.0,96.0,96.0,86.0,87.0,93.0,84.0,89.0,93.0,106.0,102.0,104.0,102.0,98.0,95.0,93.0,90.0,82.0,75.0,73.0,75.0,86.0,79.0,69.0,57.0,61,61,63,71,70,106.0,73.0,70,-33.9622641509434,-4.10958904109589,14.754098360655737,300921000263,100.0,89.0,89.0,100.0,98.0,98.0,92.0,97.0,81.0,83.0,91.0,82.0,86.0,89.0,100.0,98.0,100.0,96.0,87.0,90.0,87.0,79.0,70.0,64.0,70.0,72.0,84.0,72.0,73.0,67.0,57.0,61.0,61.0,63.0,71.0,321093.3022999987,275469.91690000147
Lima High School,PUBLIC,HS,High School,YES,1 North Harrison Street,Lima,MT,59739,0010,LIMA K-12 SCHOOLS,0009,01,Beaverhead,12,Unified,16710,1047588.61863,1636.85721682,01,Beaverhead,0009,LIMA K-12 SCHOOLS,41.0,38.0,39.0,37.0,42.0,39.0,37.0,119.0,137.0,125.0,134.0,119.0,112.0,114.0,112.0,102.0,105.0,113.0,103.0,112.0,104.0,102.0,96.0,87.0,80.0,77.0,73.0,65.0,72.0,68.0,69.0,77.0,54.0,60.0,52,59,63,60,39,103.0,72.0,39,-62.13592233009708,-45.83333333333333,-25.0,301671000520,100.0,37.0,33.0,36.0,42.0,38.0,40.0,39.0,38.0,44.0,44.0,37.0,34.0,36.0,35.0,41.0,35.0,36.0,25.0,25.0,26.0,29.0,29.0,24.0,26.0,26.0,17.0,21.0,20.0,20.0,21.0,22.0,18.0,25.0,18.0,354591.7148000002,47650.90469999984
Lone Peak High School,PUBLIC,HS,High School,YES,45465 Gallatin Road,Big Sky,MT,59730,1837,BIG SKY K-12 SCHOOLS,1239,16,Gallatin,72,Unified,00654,278041.52387,434.4398811,16,Gallatin,1239,BIG SKY K-12 SCHOOLS,0.0,0.0,0.0,0.0,0.0,0.0,0.0,0.0,0.0,0.0,0.0,0.0,0.0,0.0,0.0,0.0,0.0,0.0,0.0,0.0,0.0,0.0,180.0,203.0,202.0,233.0,228.0,274.0,319.0,317.0,348.0,375.0,378.0,380.0,409,400,432,396,369,0.0,319.0,369,,15.673981191222571,-9.7799511002445,300065401099,100.0,,,,,,,,,,,,,,,,,,,,23.0,21.0,50.0,47.0,60.0,77.0,70.0,87.0,101.0,97.0,107.0,111.0,109.0,118.0,113.0,462442.934799999,110347.69359999895
Plevna High School,PUBLIC,HS,High School,YES,327 North Main Street,Plevna,MT,59344,0352,PLEVNA K-12 SCHOOLS,0256,13,Fallon,55,Unified,21000,460274.96326,719.17963019,13,Fallon,0256,PLEVNA K-12 SCHOOLS,24.0,30.0,35.0,42.0,42.0,43.0,41.0,133.0,139.0,147.0,146.0,143.0,131.0,130.0,122.0,112.0,104.0,106.0,92.0,95.0,84.0,83.0,88.0,85.0,90.0,86.0,86.0,95.0,93.0,89.0,85.0,92.0,98.0,104.0,112,103,99,112,102,92.0,93.0,102,10.869565217391305,9.67741935483871,-8.928571428571429,302100000628,100.0,42.0,38.0,38.0,38.0,39.0,47.0,52.0,57.0,58.0,54.0,45.0,44.0,44.0,32.0,37.0,29.0,29.0,27.0,28.0,26.0,24.0,19.0,20.0,13.0,14.0,16.0,7.0,9.0,19.0,20.0,26.0,30.0,25.0,26.0,982532.0622999966,253180.94860000163
Lodge Grass High School,PUBLIC,HS,High School,YES,124 North St George,Lodge Grass,MT,59050,0040,LODGE GRASS HIGH SCHOOL,1190,02,Big Horn,2,Secondary,17040,670473.708173,1047.61516916,02,Big Horn,1190,LODGE GRASS H S,155.0,136.0,154.0,145.0,148.0,149.0,153.0,184.0,194.0,182.0,202.0,206.0,221.0,202.0,198.0,190.0,170.0,160.0,183.0,167.0,169.0,162.0,158.0,144.0,130.0,119.0,113.0,109.0,111.0,115.0,130.0,130.0,169.0,194.0,187,178,0,175,174,183.0,111.0,174,-4.918032786885246,56.75675675675676,-6.951871657754011,301704000534,100.0,156.0,157.0,183.0,189.0,176.0,196.0,191.0,213.0,198.0,188.0,181.0,160.0,159.0,178.0,160.0,162.0,154.0,132.0,121.0,117.0,111.0,104.0,109.0,105.0,109.0,129.0,120.0,133.0,165.0,194.0,187.0,178.0,172.0,175.0,766962.9750000015,120885.25589999929
Chester-Joplin-Inverness HS,PUBLIC,HS,High School,YES,407 Main Street,Chester,MT,59522,0687,CHESTER-JOPLIN-INVERNESS HIGH SCHOOL,1237,26,Liberty,48-2J,Secondary,00101,1132262.76877,1769.16057643,26,Liberty,1237,CHESTER-JOPLIN-INVERNESS HS,0.0,0.0,0.0,0.0,0.0,0.0,0.0,0.0,0.0,0.0,0.0,0.0,0.0,0.0,0.0,0.0,0.0,0.0,0.0,116.0,107.0,97.0,87.0,85.0,81.0,88.0,83.0,83.0,78.0,70.0,69.0,62.0,59.0,48.0,52,60,65,62,54,0.0,78.0,54,,-30.76923076923077,3.8461538461538463,300010100179,100.0,,,,,,,,,,,,,,,,90.0,81.0,77.0,81.0,71.0,84.0,79.0,73.0,71.0,55.0,67.0,54.0,51.0,58.0,48.0,52.0,60.0,65.0,62.0,491840.02149999887,474247.4706000015
Powell County High School,PUBLIC,HS,High School,YES,709 Missouri Avenue,Deer Lodge,MT,59722,0953,POWELL COUNTY HIGH SCHOOL,0713,39,Powell,CO,Secondary,21450,1536077.2649,2400.12072671,39,Powell,0713,POWELL CO H S,320.0,301.0,296.0,312.0,296.0,299.0,298.0,304.0,299.0,312.0,349.0,351.0,343.0,359.0,344.0,327.0,335.0,324.0,319.0,318.0,313.0,308.0,313.0,305.0,298.0,284.0,273.0,259.0,246.0,232.0,218.0,209.0,196.0,187.0,156,175,186,183,597,319.0,246.0,597,87.14733542319749,142.6829268292683,282.69230769230774,302145000641,100.0,292.0,297.0,293.0,287.0,298.0,339.0,342.0,330.0,350.0,333.0,325.0,324.0,314.0,310.0,307.0,301.0,295.0,311.0,285.0,280.0,263.0,254.0,235.0,226.0,224.0,194.0,200.0,193.0,190.0,187.0,156.0,175.0,186.0,183.0,351982.50930000097,243936.51179999858
Ennis High School,PUBLIC,HS,High School,YES,223 Charles  Avenue,Ennis,MT,59729,0731,ENNIS K-12 SCHOOLS,0546,28,Madison,52,Unified,09930,928734.972191,1451.14839424,28,Madison,0546,ENNIS K-12 SCHOOLS,114.0,123.0,115.0,122.0,120.0,126.0,117.0,97.0,372.0,376.0,393.0,410.0,423.0,402.0,388.0,400.0,374.0,376.0,359.0,364.0,356.0,361.0,373.0,368.0,358.0,350.0,348.0,339.0,359.0,359.0,362.0,399.0,375.0,374.0,389,411,423,436,449,359.0,359.0,449,25.069637883008355,25.069637883008355,15.424164524421593,300993000277,100.0,131.0,99.0,93.0,98.0,94.0,112.0,125.0,131.0,142.0,152.0,152.0,142.0,136.0,130.0,134.0,121.0,114.0,112.0,105.0,90.0,100.0,101.0,96.0,108.0,96.0,110.0,117.0,110.0,118.0,115.0,127.0,124.0,121.0,120.0,425044.56809999794,124400.46040000021
Moore High School,PUBLIC,HS,High School,YES,509 Highland Avenue,Moore,MT,59464,0373,MOORE HIGH SCHOOL,0274,14,Fergus,44,Secondary,18900,230735.70279,360.52453566,14,Fergus,0274,MOORE H S,34.0,38.0,48.0,50.0,52.0,55.0,56.0,47.0,42.0,44.0,47.0,48.0,43.0,44.0,45.0,33.0,36.0,35.0,29.0,38.0,37.0,37.0,47.0,40.0,43.0,49.0,45.0,43.0,39.0,40.0,39.0,37.0,22.0,27.0,26,16,16,18,28,29.0,39.0,28,-3.4482758620689653,-28.205128205128204,7.6923076923076925,301890000589,100.0,59.0,53.0,45.0,39.0,42.0,46.0,47.0,42.0,42.0,43.0,30.0,34.0,34.0,27.0,35.0,35.0,33.0,42.0,38.0,41.0,47.0,40.0,36.0,38.0,39.0,36.0,32.0,31.0,24.0,26.0,26.0,16.0,16.0,18.0,585325.054899998,302443.94900000095
Stevensville High School,PUBLIC,HS,High School,YES,300 Park Street,Stevensville,MT,59870,0966,STEVENSVILLE HIGH SCHOOL,0733,41,Ravalli,2,Secondary,25050,172164.351298,269.00679894,41,Ravalli,0733,STEVENSVILLE HS,374.0,381.0,355.0,340.0,351.0,344.0,371.0,402.0,456.0,479.0,499.0,537.0,518.0,501.0,510.0,492.0,462.0,465.0,471.0,468.0,467.0,468.0,457.0,445.0,414.0,391.0,368.0,373.0,398.0,398.0,391.0,380.0,389.0,403.0,374,383,348,367,346,471.0,398.0,346,-26.53927813163482,-13.06532663316583,-7.4866310160427805,302505000720,100.0,346.0,378.0,397.0,444.0,467.0,483.0,516.0,496.0,487.0,509.0,478.0,446.0,452.0,452.0,452.0,450.0,468.0,399.0,412.0,366.0,367.0,351.0,362.0,385.0,386.0,369.0,356.0,389.0,387.0,402.0,374.0,383.0,349.0,367.0,248517.8897999972,261076.6662000008
Fairfield High School,PUBLIC,HS,High School,YES,13 7th Street,Fairfield,MT,59436,1155,FAIRFIELD HIGH SCHOOL,0891,50,Teton,21,Secondary,10170,177465.159621,277.28931194,50,Teton,0891,FAIRFIELD H S,136.0,149.0,137.0,131.0,137.0,136.0,140.0,138.0,151.0,130.0,158.0,143.0,153.0,169.0,166.0,160.0,163.0,158.0,163.0,180.0,171.0,169.0,162.0,150.0,138.0,133.0,125.0,122.0,122.0,116.0,116.0,114.0,110.0,121.0,123,121,116,116,107,163.0,122.0,107,-34.355828220858896,-12.295081967213115,-13.008130081300814,301017000281,100.0,133.0,142.0,136.0,144.0,122.0,152.0,138.0,148.0,162.0,158.0,156.0,157.0,153.0,146.0,174.0,166.0,152.0,151.0,128.0,120.0,128.0,115.0,109.0,117.0,108.0,110.0,109.0,104.0,112.0,121.0,123.0,121.0,116.0,116.0,414007.7626999989,376930.37959999964
Circle High School,PUBLIC,HS,High School,YES,1105 F Avenue,Circle,MT,59215,0733,CIRCLE HIGH SCHOOL,0548,29,McCone,1,Secondary,06810,1714852.39202,2679.45686287,29,McCone,0548,CIRCLE H S,155.0,144.0,151.0,134.0,147.0,142.0,135.0,126.0,142.0,129.0,129.0,126.0,108.0,102.0,102.0,95.0,86.0,85.0,92.0,87.0,95.0,87.0,89.0,102.0,96.0,99.0,95.0,89.0,88.0,83.0,83.0,78.0,59.0,63.0,61,64,65,64,74,92.0,88.0,74,-19.565217391304348,-15.909090909090908,21.311475409836063,300681000187,100.0,134.0,127.0,124.0,136.0,124.0,126.0,122.0,102.0,98.0,99.0,91.0,84.0,80.0,89.0,76.0,92.0,80.0,84.0,96.0,93.0,94.0,88.0,74.0,85.0,80.0,73.0,71.0,66.0,61.0,63.0,61.0,64.0,65.0,64.0,894605.9243000001,359199.44110000134
Hot Springs High School,PUBLIC,HS,High School,YES,301 Broadway Street,Hot Springs,MT,59845,1058,HOT SPRINGS K-12,0815,45,Sanders,14-J,Unified,14640,345712.778705,540.1762168,45,Sanders,0815,HOT SPRINGS K-12,74.0,77.0,67.0,54.0,60.0,68.0,70.0,71.0,83.0,73.0,77.0,76.0,79.0,68.0,63.0,87.0,85.0,76.0,76.0,73.0,71.0,75.0,69.0,67.0,65.0,63.0,208.0,202.0,207.0,210.0,206.0,240.0,176.0,192.0,199,178,166,158,197,76.0,207.0,197,159.21052631578948,-4.830917874396135,-1.0050251256281406,301464000449,100.0,66.0,68.0,67.0,83.0,68.0,74.0,72.0,75.0,65.0,62.0,72.0,83.0,75.0,74.0,64.0,69.0,72.0,60.0,62.0,64.0,59.0,60.0,59.0,65.0,67.0,66.0,79.0,74.0,66.0,60.0,62.0,55.0,46.0,51.0,212149.4321999997,385990.36560000107
Shelby High School,PUBLIC,HS,High School,YES,1001 Valley Street,Shelby,MT,59474,1178,SHELBY HIGH SCHOOL,0911,51,Toole,14,Secondary,23910,702369.811547,1097.45283069,51,Toole,0911,SHELBY H S,193.0,192.0,174.0,186.0,189.0,200.0,206.0,224.0,248.0,252.0,242.0,248.0,247.0,253.0,255.0,234.0,215.0,210.0,199.0,203.0,195.0,194.0,189.0,193.0,187.0,178.0,167.0,156.0,148.0,149.0,137.0,132.0,117.0,125.0,104,112,120,129,143,199.0,148.0,143,-28.14070351758794,-3.3783783783783785,37.5,302391000694,100.0,192.0,203.0,214.0,240.0,245.0,234.0,224.0,237.0,246.0,241.0,227.0,210.0,204.0,195.0,193.0,180.0,190.0,183.0,187.0,187.0,153.0,158.0,145.0,133.0,149.0,123.0,118.0,119.0,115.0,125.0,104.0,112.0,120.0,129.0,425451.6701000035,476584.2100000009
Hays-Lodge Pole High Sch,PUBLIC,HS,High School,YES,197 Thunderbird Lane,Hays,MT,59527,1551,HAYS-LODGE POLE K-12 SCHOOLS,1213,03,Blaine,50,Unified,13660,251955.406767,393.68032312,03,Blaine,1213,HAYS-LODGE POLE K-12 SCHOOLS,79.0,61.0,86.0,58.0,70.0,64.0,225.0,241.0,272.0,285.0,267.0,278.0,283.0,284.0,276.0,280.0,254.0,254.0,247.0,249.0,249.0,246.0,238.0,234.0,224.0,214.0,205.0,212.0,201.0,231.0,235.0,243.0,228.0,234.0,275,289,251,266,254,247.0,201.0,254,2.834008097165992,26.368159203980102,-7.636363636363637,301366000413,100.0,61.0,78.0,87.0,101.0,104.0,87.0,83.0,102.0,112.0,100.0,84.0,97.0,97.0,100.0,97.0,110.0,106.0,99.0,89.0,80.0,67.0,60.0,71.0,51.0,67.0,74.0,82.0,78.0,81.0,83.0,90.0,84.0,84.0,94.0,660537.1862000003,416746.13859999925
Carter County High School,PUBLIC,HS,High School,YES,111 Speelmon Street West,Ekalaka,MT,59324,0133,CARTER COUNTY HIGH SCHOOL,0097,06,Carter,CO,Secondary,05610,2083355.73322,3255.24333359,06,Carter,0097,CARTER CO H S,85.0,68.0,62.0,52.0,61.0,52.0,50.0,49.0,53.0,54.0,58.0,61.0,68.0,64.0,69.0,72.0,70.0,74.0,68.0,69.0,67.0,66.0,63.0,56.0,50.0,45.0,43.0,40.0,38.0,45.0,39.0,39.0,38.0,42.0,44,39,43,37,36,68.0,38.0,36,-47.05882352941176,-5.263157894736842,-18.181818181818183,300561000162,100.0,48.0,49.0,47.0,51.0,50.0,56.0,58.0,65.0,62.0,65.0,67.0,67.0,71.0,65.0,63.0,63.0,62.0,55.0,42.0,45.0,39.0,36.0,37.0,34.0,43.0,34.0,35.0,34.0,37.0,42.0,44.0,39.0,43.0,37.0,983639.6569999978,194456.7773000002
Frazer High School,PUBLIC,HS,High School,YES,325 6th Street,Frazer,MT,59225,1208,FRAZER HIGH SCHOOL,0928,53,Valley,2B,Secondary,11460,355944.15085,556.16273578,53,Valley,0928,FRAZER H S,53.0,43.0,54.0,37.0,43.0,42.0,35.0,36.0,44.0,38.0,43.0,40.0,36.0,43.0,42.0,37.0,39.0,48.0,51.0,51.0,47.0,45.0,41.0,46.0,42.0,41.0,38.0,35.0,35.0,42.0,43.0,48.0,27.0,29.0,35,32,31,29,24,51.0,35.0,24,-52.94117647058824,-31.428571428571427,-31.428571428571427,301146000311,100.0,45.0,32.0,35.0,42.0,37.0,41.0,42.0,33.0,41.0,40.0,33.0,39.0,44.0,50.0,53.0,38.0,43.0,39.0,43.0,39.0,30.0,33.0,35.0,35.0,39.0,41.0,46.0,38.0,24.0,29.0,35.0,32.0,31.0,29.0,857213.6040999964,428836.2259000018
Bainville High School,PUBLIC,HS,High School,YES,409 Tubman Street,Bainville,MT,59212,1028,BAINVILLE K-12 SCHOOLS,0785,43,Roosevelt,64D,Unified,02640,182776.577086,285.58840173,43,Roosevelt,0785,BAINVILLE K-12 SCHOOLS,43.0,41.0,38.0,40.0,43.0,40.0,108.0,116.0,121.0,123.0,130.0,129.0,129.0,111.0,102.0,87.0,77.0,77.0,73.0,74.0,81.0,88.0,104.0,114.0,117.0,122.0,147.0,160.0,168.0,194.0,176.0,176.0,159.0,170.0,166,163,156,172,183,73.0,168.0,183,150.68493150684932,8.928571428571429,10.240963855421686,300264000030,100.0,34.0,28.0,32.0,31.0,38.0,51.0,49.0,51.0,43.0,40.0,38.0,36.0,34.0,37.0,29.0,24.0,22.0,30.0,31.0,31.0,36.0,36.0,37.0,44.0,45.0,44.0,48.0,43.0,45.0,45.0,48.0,47.0,47.0,50.0,992074.3360999972,445340.2842999995
Sunburst High School,PUBLIC,HS,High School,YES,414 3rd Street South,Sunburst,MT,59482,1168,SUNBURST K-12 SCHOOLS,0903,51,Toole,2,Unified,25320,542125.292295,847.07076932,51,Toole,0903,SUNBURST K-12 SCHOOLS,78.0,90.0,99.0,84.0,109.0,94.0,96.0,98.0,362.0,348.0,345.0,326.0,315.0,295.0,310.0,289.0,297.0,278.0,269.0,274.0,259.0,257.0,241.0,234.0,230.0,252.0,263.0,253.0,238.0,217.0,201.0,187.0,167.0,133.0,137,127,126,159,123,269.0,238.0,123,-54.27509293680297,-48.319327731092436,-10.218978102189782,302532000726,100.0,82.0,94.0,94.0,106.0,101.0,96.0,94.0,89.0,90.0,90.0,83.0,96.0,86.0,86.0,89.0,76.0,71.0,59.0,66.0,58.0,66.0,69.0,72.0,70.0,54.0,58.0,48.0,54.0,60.0,41.0,46.0,39.0,40.0,49.0,422910.52359999716,517254.7492999993
Sheridan High School,PUBLIC,HS,High School,YES,107 Madison Street,Sheridan,MT,59749,0722,SHERIDAN HIGH SCHOOL,0538,28,Madison,5,Secondary,24180,529701.932044,827.65926893,28,Madison,0538,SHERIDAN H S,76.0,81.0,78.0,87.0,85.0,94.0,99.0,95.0,87.0,99.0,113.0,119.0,125.0,116.0,108.0,111.0,106.0,98.0,77.0,86.0,82.0,83.0,95.0,87.0,85.0,79.0,76.0,79.0,71.0,66.0,56.0,58.0,58.0,63.0,68,69,60,57,58,77.0,71.0,58,-24.675324675324674,-18.30985915492958,-14.705882352941178,302418000698,100.0,92.0,98.0,92.0,85.0,92.0,110.0,118.0,122.0,112.0,104.0,108.0,103.0,94.0,75.0,79.0,76.0,81.0,91.0,79.0,74.0,76.0,64.0,75.0,58.0,56.0,49.0,49.0,55.0,60.0,63.0,68.0,69.0,60.0,57.0,389502.20859999955,137591.74170000106
Shepherd High School,PUBLIC,HS,High School,YES,7842 Shepherd Road,Shepherd,MT,59079,1301,SHEPHERD HIGH SCHOOL,0986,56,Yellowstone,37,Secondary,23970,159615.74278,249.39959813,56,Yellowstone,0986,SHEPHERD H S,268.0,246.0,248.0,226.0,241.0,224.0,222.0,253.0,276.0,288.0,306.0,311.0,324.0,299.0,282.0,279.0,281.0,271.0,283.0,287.0,293.0,289.0,284.0,286.0,284.0,281.0,274.0,263.0,260.0,287.0,269.0,268.0,251.0,259.0,249,265,252,244,225,283.0,260.0,225,-20.49469964664311,-13.461538461538462,-9.63855421686747,302397000696,100.0,208.0,216.0,245.0,262.0,285.0,296.0,299.0,318.0,295.0,274.0,276.0,274.0,266.0,275.0,279.0,281.0,277.0,257.0,279.0,279.0,270.0,258.0,246.0,254.0,280.0,254.0,250.0,258.0,259.0,259.0,249.0,265.0,253.0,244.0,689619.1811000034,188632.1581000015
Florence-Carlton HS,PUBLIC,HS,High School,YES,5602 Old United States Highway 93,Florence,MT,59833,0977,FLORENCE-CARLTON K-12 SCHOOLS,0743,41,Ravalli,15-6,Unified,11100,98922.3676597,154.56619949,41,Ravalli,0743,FLORENCE-CARLTON K-12 SCHOOLS,173.0,150.0,143.0,173.0,164.0,180.0,660.0,731.0,788.0,882.0,935.0,937.0,939.0,958.0,981.0,971.0,953.0,960.0,949.0,946.0,932.0,916.0,917.0,925.0,918.0,896.0,874.0,862.0,847.0,846.0,857.0,862.0,805.0,833.0,782,810,789,794,718,949.0,847.0,718,-24.341412012644888,-15.230224321133413,-8.184143222506394,301110000301,100.0,176.0,169.0,189.0,196.0,221.0,257.0,255.0,255.0,273.0,292.0,277.0,300.0,325.0,319.0,287.0,276.0,275.0,289.0,269.0,277.0,261.0,252.0,266.0,253.0,269.0,279.0,255.0,252.0,241.0,245.0,260.0,270.0,258.0,249.0,250004.5495999977,275882.96350000054
Plentywood High School,PUBLIC,HS,High School,YES,100 East Laurel Avenue,Plentywood,MT,59254,1071,PLENTYWOOD K-12 SCHOOLS,0828,46,Sheridan,20,Unified,20960,544316.593166,850.49467693,46,Sheridan,0828,PLENTYWOOD K-12 SCHOOLS,158.0,148.0,146.0,153.0,157.0,156.0,162.0,158.0,538.0,539.0,528.0,533.0,518.0,497.0,480.0,457.0,433.0,428.0,405.0,419.0,411.0,402.0,388.0,372.0,357.0,353.0,372.0,381.0,390.0,379.0,380.0,375.0,346.0,353.0,367,360,375,350,340,405.0,390.0,340,-16.049382716049383,-12.82051282051282,-7.3569482288828345,302096000626,100.0,148.0,164.0,154.0,156.0,170.0,165.0,167.0,174.0,177.0,163.0,164.0,163.0,160.0,149.0,147.0,137.0,150.0,124.0,121.0,123.0,126.0,122.0,119.0,120.0,106.0,112.0,102.0,86.0,96.0,102.0,108.0,115.0,114.0,102.0,963158.8795000017,514665.1132000014
Turner High School,PUBLIC,HS,High School,YES,190 1st Street East,Turner,MT,59542,0070,TURNER HIGH SCHOOL,0045,03,Blaine,43,Secondary,26670,255265.351206,398.85211131,03,Blaine,0045,TURNER H S,31.0,34.0,25.0,32.0,29.0,33.0,32.0,36.0,36.0,42.0,48.0,43.0,36.0,36.0,26.0,34.0,29.0,32.0,34.0,34.0,36.0,37.0,42.0,38.0,35.0,28.0,22.0,17.0,16.0,16.0,24.0,19.0,22.0,16.0,18,18,16,23,22,34.0,16.0,22,-35.294117647058826,37.5,22.22222222222222,302667000751,100.0,30.0,31.0,34.0,34.0,39.0,46.0,42.0,33.0,34.0,25.0,32.0,28.0,31.0,32.0,32.0,34.0,35.0,39.0,33.0,28.0,20.0,14.0,14.0,15.0,15.0,23.0,16.0,20.0,22.0,16.0,18.0,18.0,16.0,23.0,680476.572800003,511441.3295000009
Skyview High School,PUBLIC,HS,High School,YES,1775 High Sierra Boulevard,Billings,MT,59105,1628,BILLINGS HIGH SCHOOL,0966,56,Yellowstone,2,Secondary,03900,443282.58003,692.62903139,56,Yellowstone,0966,BILLINGS H S,5257.0,5014.0,4749.0,4431.0,4579.0,4503.0,4613.0,4873.0,5219.0,5257.0,5342.0,5406.0,5418.0,5532.0,5625.0,5630.0,5698.0,5749.0,5724.0,5736.0,5722.0,5707.0,5652.0,5552.0,5423.0,5312.0,5278.0,5341.0,5291.0,5364.0,5467.0,5624.0,5294.0,5477.0,5550,5653,5592,5475,5430,5724.0,5291.0,5430,-5.136268343815513,2.627102627102627,-2.1621621621621623,300390000871,100.0,1254.0,1295.0,1330.0,1372.0,1372.0,1425.0,1417.0,1395.0,1368.0,1409.0,1571.0,1578.0,1626.0,1653.0,1588.0,1612.0,1635.0,1507.0,1450.0,1481.0,1522.0,1543.0,1562.0,1535.0,1489.0,1489.0,1582.0,1611.0,1675.0,1645.0,1646.0,1657.0,1602.0,1596.0,676477.2131000012,176292.3198999986
Jefferson High School,PUBLIC,HS,High School,YES,312 South Main Street,Boulder,MT,59632,0611,JEFFERSON HIGH SCHOOL,0457,22,Jefferson,1,Secondary,15120,694300.645367,1084.84475853,22,Jefferson,0457,JEFFERSON H S,203.0,215.0,225.0,230.0,235.0,231.0,235.0,251.0,280.0,302.0,333.0,352.0,365.0,344.0,305.0,313.0,303.0,289.0,277.0,279.0,271.0,268.0,261.0,252.0,232.0,221.0,220.0,228.0,225.0,222.0,218.0,244.0,267.0,290.0,290,291,284,297,306,277.0,225.0,306,10.469314079422382,36.0,5.517241379310345,301512000461,100.0,229.0,228.0,244.0,271.0,290.0,322.0,341.0,351.0,332.0,292.0,302.0,307.0,283.0,269.0,264.0,258.0,258.0,241.0,223.0,203.0,216.0,215.0,224.0,223.0,204.0,210.0,233.0,261.0,271.0,289.0,290.0,291.0,284.0,297.0,398080.2300999984,223826.5998999998
Grass Range High School,PUBLIC,HS,High School,YES,310 East 2nd Street,Grass Range,MT,59032,0368,GRASS RANGE HIGH SCHOOL,0269,14,Fergus,27,Secondary,12990,497484.230199,777.31910979,14,Fergus,0269,GRASS RANGE H S,36.0,27.0,27.0,30.0,31.0,36.0,34.0,41.0,47.0,47.0,50.0,56.0,52.0,62.0,65.0,57.0,56.0,56.0,52.0,51.0,45.0,39.0,35.0,30.0,25.0,23.0,31.0,27.0,28.0,26.0,23.0,21.0,18.0,14.0,16,18,18,28,27,52.0,28.0,27,-48.07692307692308,-3.571428571428571,68.75,301299000352,100.0,30.0,35.0,39.0,45.0,45.0,48.0,53.0,50.0,58.0,62.0,55.0,54.0,52.0,50.0,41.0,37.0,31.0,30.0,25.0,20.0,19.0,29.0,26.0,25.0,23.0,17.0,20.0,18.0,19.0,14.0,16.0,18.0,18.0,28.0,653167.9694000036,308467.6079999991
Scobey High School,PUBLIC,HS,High School,YES,205 2nd Avenue East,Scobey,MT,59263,0268,SCOBEY K-12 SCHOOLS,0194,10,Daniels,1,Unified,23670,912796.15962,1426.24399959,10,Daniels,0194,SCOBEY K-12 SCHOOLS,104.0,96.0,92.0,100.0,99.0,99.0,329.0,348.0,360.0,349.0,345.0,334.0,318.0,309.0,307.0,292.0,287.0,270.0,254.0,255.0,262.0,259.0,252.0,283.0,279.0,279.0,276.0,274.0,282.0,284.0,291.0,296.0,275.0,273.0,279,281,289,277,276,254.0,282.0,276,8.661417322834646,-2.127659574468085,-1.0752688172043012,302367000688,100.0,95.0,94.0,104.0,108.0,109.0,116.0,119.0,114.0,114.0,132.0,125.0,117.0,110.0,101.0,85.0,71.0,74.0,75.0,71.0,83.0,79.0,75.0,74.0,87.0,84.0,84.0,86.0,85.0,84.0,85.0,86.0,83.0,82.0,77.0,899871.2555999979,512505.37959999964
C M Russell High School,PUBLIC,HS,High School,YES,228 17th Avenue Northwest,Great Falls,MT,59404,1464,GREAT FALLS HIGH SCHOOL,0099,07,Cascade,A,Secondary,13050,254649.143486,397.88928675,07,Cascade,0099,GREAT FALLS H S,3649.0,3488.0,3358.0,3340.0,3279.0,3247.0,3321.0,3597.0,3729.0,3790.0,3919.0,4009.0,3975.0,4020.0,3973.0,3837.0,3874.0,3758.0,3676.0,3703.0,3668.0,3699.0,3623.0,3549.0,3420.0,3311.0,3205.0,3110.0,3091.0,3062.0,3054.0,3025.0,2806.0,2967.0,2981,3110,3087,3064,2945,3676.0,3091.0,2945,-19.88574537540805,-4.723390488515044,-1.207648440120765,301305000379,100.0,1646.0,1622.0,1733.0,1778.0,1801.0,1822.0,1875.0,1903.0,1913.0,1868.0,1803.0,1765.0,1727.0,1736.0,1664.0,1681.0,1725.0,1677.0,1618.0,1496.0,1528.0,1512.0,1490.0,1515.0,1498.0,1483.0,1484.0,1411.0,1385.0,1413.0,1426.0,1490.0,1454.0,1452.0,463089.62629999965,364958.0637000017
Choteau High School,PUBLIC,HS,High School,YES,204 7th Avenue Northwest,Choteau,MT,59422,1148,CHOTEAU HIGH SCHOOL,0884,50,Teton,1,Secondary,06330,965627.208652,1508.79251372,50,Teton,0884,CHOTEAU H S,175.0,159.0,175.0,154.0,168.0,161.0,158.0,150.0,173.0,166.0,173.0,176.0,191.0,179.0,181.0,191.0,172.0,175.0,164.0,167.0,158.0,151.0,142.0,136.0,155.0,164.0,166.0,163.0,157.0,140.0,126.0,128.0,121.0,115.0,108,107,103,110,109,164.0,157.0,109,-33.53658536585366,-30.573248407643312,0.9259259259259258,300633000184,100.0,159.0,153.0,148.0,167.0,160.0,164.0,172.0,183.0,172.0,175.0,182.0,165.0,170.0,159.0,153.0,141.0,139.0,127.0,129.0,151.0,155.0,160.0,155.0,138.0,112.0,112.0,124.0,123.0,123.0,113.0,108.0,107.0,103.0,110.0,398687.6403999999,399155.51480000094
Lavina High School,PUBLIC,HS,High School,YES,214 1st Street East,Lavina,MT,59046,0556,LAVINA K-12 SCHOOLS,0411,19,Golden Valley,2,Unified,16290,345323.22149,539.56753365,19,Golden Valley,0411,LAVINA SCHOOLS,24.0,24.0,22.0,23.0,23.0,23.0,24.0,25.0,107.0,129.0,131.0,127.0,115.0,123.0,111.0,108.0,116.0,127.0,73.0,106.0,85.0,101.0,94.0,95.0,90.0,87.0,80.0,79.0,76.0,75.0,76.0,77.0,64.0,57.0,68,74,78,68,70,73.0,76.0,70,-4.10958904109589,-7.894736842105263,2.941176470588235,301629000503,100.0,22.0,24.0,24.0,29.0,38.0,48.0,41.0,34.0,45.0,28.0,24.0,24.0,28.0,27.0,39.0,35.0,30.0,33.0,32.0,25.0,30.0,26.0,27.0,25.0,25.0,27.0,28.0,25.0,20.0,16.0,18.0,23.0,18.0,19.0,643461.197800003,227171.87090000138
Conrad High School,PUBLIC,HS,High School,YES,308 South Illinois Street,Conrad,MT,59425,0893,CONRAD  HIGH SCHOOL,0675,37,Pondera,10,Secondary,07320,329949.205631,515.54563386,37,Pondera,0675,CONRAD H S,227.0,233.0,221.0,226.0,227.0,230.0,227.0,247.0,246.0,238.0,269.0,297.0,286.0,291.0,286.0,271.0,271.0,245.0,235.0,240.0,233.0,225.0,221.0,210.0,209.0,213.0,205.0,198.0,185.0,180.0,176.0,167.0,123.0,124.0,143,138,153,144,126,235.0,185.0,126,-46.38297872340426,-31.891891891891895,-11.888111888111888,300732000210,100.0,226.0,223.0,242.0,234.0,228.0,257.0,288.0,276.0,279.0,278.0,263.0,262.0,241.0,229.0,233.0,217.0,204.0,213.0,189.0,200.0,210.0,187.0,181.0,172.0,176.0,165.0,147.0,143.0,126.0,124.0,143.0,138.0,153.0,144.0,417593.15410000086,438694.8482999988
Rocky Boy High School,PUBLIC,HS,High School,YES,261 Mission Taylor Road,Box Elder,MT,59521,1807,ROCKY BOY HIGH SCHOOL,1229,21,Hill,87L,Secondary,28911,88088.1942613,137.63780355,21,Hill,1229,ROCKY BOY HIGH SCHOOL,0.0,0.0,0.0,0.0,0.0,100.0,84.0,88.0,99.0,102.0,100.0,107.0,96.0,101.0,111.0,117.0,133.0,123.0,137.0,143.0,139.0,157.0,154.0,160.0,162.0,159.0,153.0,149.0,142.0,142.0,135.0,132.0,125.0,140.0,147,140,148,146,125,137.0,142.0,125,-8.75912408759124,-11.971830985915492,-14.965986394557824,302891101086,100.0,,82.0,88.0,98.0,102.0,105.0,103.0,96.0,104.0,110.0,115.0,129.0,125.0,132.0,146.0,128.0,153.0,148.0,156.0,157.0,153.0,147.0,150.0,137.0,138.0,132.0,122.0,134.0,118.0,140.0,147.0,140.0,148.0,146.0,579027.0342999995,445356.51209999993
Flathead High School,PUBLIC,HS,High School,YES,644 4th Avenue West,Kalispell,MT,59901,0462,FLATHEAD HIGH SCHOOL,0311,15,Flathead,5,Secondary,15420,806780.101608,1260.59390893,15,Flathead,0311,FLATHEAD H S,2066.0,2035.0,1973.0,1916.0,2002.0,1933.0,1957.0,2114.0,2159.0,2230.0,2359.0,2446.0,2489.0,2552.0,2483.0,2481.0,2500.0,2503.0,2556.0,2529.0,2539.0,2583.0,2611.0,2674.0,2729.0,2781.0,2831.0,2868.0,2862.0,2889.0,2898.0,2929.0,2702.0,2844.0,2952,3027,3095,3104,2966,2556.0,2862.0,2966,16.040688575899846,3.6338225017470296,0.47425474254742545,301542000470,100.0,1438.0,1454.0,1487.0,1514.0,1605.0,1614.0,1697.0,1788.0,1851.0,1793.0,1847.0,1824.0,1864.0,1831.0,1846.0,1867.0,1869.0,1648.0,1414.0,1407.0,1439.0,1485.0,1519.0,1516.0,1512.0,1474.0,1492.0,1529.0,1541.0,1516.0,1607.0,1607.0,1626.0,1628.0,242196.75720000267,448964.61400000006
Absarokee High School,PUBLIC,HS,High School,YES,327 South Woodard Avenue,Absarokee,MT,59001,1126,ABSAROKEE HIGH SCHOOL,0862,48,Stillwater,52,Secondary,01740,398560.335757,622.7505247,48,Stillwater,0862,ABSAROKEE H S,111.0,119.0,126.0,125.0,130.0,132.0,132.0,128.0,142.0,148.0,151.0,144.0,136.0,144.0,134.0,140.0,140.0,123.0,122.0,115.0,110.0,111.0,114.0,113.0,112.0,109.0,105.0,99.0,90.0,85.0,91.0,89.0,86.0,80.0,74,58,71,79,74,122.0,90.0,74,-39.34426229508197,-17.77777777777778,0.0,300174000002,100.0,131.0,122.0,125.0,137.0,141.0,146.0,139.0,129.0,138.0,129.0,135.0,138.0,121.0,117.0,95.0,103.0,109.0,109.0,108.0,102.0,103.0,96.0,87.0,78.0,81.0,87.0,85.0,92.0,86.0,80.0,74.0,58.0,71.0,79.0,604123.6067999974,140464.15740000084
Whitefish High School,PUBLIC,HS,High School,YES,1143 East 4th Street,Whitefish,MT,59937,0448,WHITEFISH HIGH SCHOOL,0335,15,Flathead,44,Secondary,27790,376084.404362,587.63188189,15,Flathead,0335,WHITEFISH H S,544.0,533.0,519.0,495.0,521.0,499.0,529.0,605.0,646.0,620.0,625.0,681.0,680.0,664.0,699.0,714.0,674.0,712.0,702.0,756.0,747.0,742.0,710.0,650.0,586.0,534.0,515.0,502.0,511.0,511.0,506.0,502.0,512.0,579.0,588,576,581,630,618,702.0,511.0,618,-11.965811965811966,20.939334637964773,5.1020408163265305,302779000775,100.0,493.0,530.0,587.0,634.0,606.0,607.0,657.0,660.0,649.0,678.0,697.0,659.0,697.0,674.0,743.0,725.0,704.0,641.0,551.0,510.0,492.0,500.0,478.0,497.0,497.0,480.0,482.0,484.0,524.0,579.0,588.0,576.0,581.0,630.0,243039.179399997,472998.0210000016
St Regis High School,PUBLIC,HS,High School,YES,90 Tiger Street,St Regis,MT,59866,0771,ST REGIS K-12 SCHOOLS,0582,31,Mineral,1,Unified,24930,297935.577806,465.52434038,31,Mineral,0582,ST REGIS K-12 SCHOOLS,51.0,49.0,58.0,58.0,57.0,57.0,56.0,72.0,68.0,76.0,74.0,228.0,215.0,203.0,194.0,190.0,178.0,188.0,183.0,189.0,174.0,172.0,180.0,174.0,182.0,177.0,171.0,167.0,163.0,166.0,159.0,178.0,165.0,167.0,184,195,179,187,183,183.0,163.0,183,0.0,12.269938650306749,-0.5434782608695652,302493000715,100.0,59.0,58.0,69.0,66.0,73.0,69.0,83.0,76.0,74.0,69.0,65.0,62.0,69.0,70.0,73.0,56.0,61.0,58.0,50.0,39.0,41.0,44.0,41.0,43.0,47.0,45.0,43.0,39.0,45.0,33.0,39.0,56.0,55.0,64.0,177017.4768999964,354043.74909999967
Fort Benton High School,PUBLIC,HS,High School,YES,1820 Washington Street,Fort Benton,MT,59442,0192,FORT BENTON HIGH SCHOOL,0134,08,Chouteau,1,Secondary,11260,802805.973323,1254.38433348,08,Chouteau,0134,FT BENTON H S,149.0,144.0,134.0,155.0,150.0,162.0,176.0,184.0,171.0,166.0,182.0,192.0,186.0,190.0,190.0,162.0,152.0,154.0,143.0,146.0,138.0,130.0,124.0,119.0,114.0,105.0,97.0,87.0,84.0,78.0,77.0,81.0,99.0,94.0,93,92,107,111,112,143.0,84.0,112,-21.678321678321677,33.33333333333333,20.43010752688172,301126000307,100.0,160.0,170.0,178.0,166.0,161.0,176.0,187.0,178.0,186.0,184.0,155.0,146.0,149.0,137.0,137.0,127.0,115.0,114.0,109.0,102.0,89.0,88.0,73.0,80.0,71.0,70.0,79.0,94.0,100.0,94.0,93.0,92.0,107.0,111.0,512653.4450000003,397669.124499999
Twin Bridges High School,PUBLIC,HS,High School,YES,212 West 6th Avenue,Twin Bridges,MT,59754,0724,TWIN BRIDGES K-12 SCHOOLS,0540,28,Madison,7,Unified,26730,448135.051216,700.21101762,28,Madison,0540,TWIN BRIDGES K-12 SCHOOLS,85.0,89.0,83.0,72.0,81.0,77.0,80.0,229.0,232.0,241.0,236.0,248.0,266.0,272.0,265.0,255.0,273.0,238.0,238.0,245.0,251.0,274.0,286.0,273.0,271.0,266.0,269.0,262.0,259.0,256.0,245.0,238.0,198.0,204.0,201,210,210,206,212,238.0,259.0,212,-10.92436974789916,-18.146718146718147,5.472636815920398,302673000753,100.0,76.0,80.0,77.0,81.0,74.0,70.0,77.0,86.0,88.0,97.0,82.0,89.0,67.0,63.0,74.0,83.0,100.0,108.0,104.0,100.0,98.0,104.0,93.0,98.0,100.0,93.0,88.0,83.0,74.0,67.0,70.0,57.0,63.0,58.0,378851.0993999988,148053.93710000068
Bozeman High School,PUBLIC,HS,High School,YES,205 North 11th Avenue,Bozeman,MT,59715,0473,BOZEMAN HIGH SCHOOL,0351,16,Gallatin,7,Secondary,04590,502775.722492,785.5870665,16,Gallatin,0351,BOZEMAN H S,1361.0,1330.0,1276.0,1266.0,1281.0,1278.0,1309.0,1394.0,1491.0,1618.0,1668.0,1701.0,1773.0,1843.0,1890.0,1926.0,1924.0,1920.0,1894.0,2005.0,2022.0,1999.0,1987.0,1948.0,1911.0,1872.0,1884.0,1936.0,2005.0,2016.0,2160.0,2242.0,2154.0,2260.0,2389,2498,2624,2736,2781,1894.0,2005.0,2781,46.83210137275607,38.70324189526185,16.408539137714527,300459000113,100.0,957.0,1323.0,1375.0,1449.0,1611.0,1628.0,1648.0,1719.0,1794.0,1828.0,1889.0,1883.0,1873.0,1842.0,1957.0,1992.0,1936.0,1907.0,1852.0,1820.0,1805.0,1825.0,1890.0,1951.0,1963.0,1989.0,2106.0,2157.0,2204.0,2243.0,1463.0,1228.0,1280.0,1265.0,479023.52329999954,160155.57140000165
Hellgate High School,PUBLIC,HS,High School,YES,900 South Higgins Avenue,Missoula,MT,59801,1432,MISSOULA HIGH SCHOOL,0584,32,Missoula,1,Secondary,18540,1322127.18712,2065.82373014,32,Missoula,0584,MISSOULA H S,3690.0,3506.0,3432.0,3322.0,3336.0,3271.0,3360.0,3572.0,3754.0,3832.0,3886.0,4010.0,4048.0,4049.0,4065.0,4133.0,4224.0,4119.0,4051.0,4087.0,4041.0,4024.0,3973.0,3900.0,3805.0,3741.0,3737.0,3701.0,3670.0,3643.0,3727.0,3756.0,3604.0,3625.0,3717,3828,3954,4012,3934,4051.0,3670.0,3934,-2.8881757590718338,7.193460490463215,5.83804143126177,301854000562,100.0,1161.0,1180.0,1182.0,1187.0,1194.0,1178.0,1198.0,1285.0,1268.0,1290.0,1334.0,1332.0,1294.0,1254.0,1253.0,1272.0,1283.0,1291.0,1226.0,1251.0,1272.0,1283.0,1250.0,1247.0,1205.0,1232.0,1203.0,1183.0,1231.0,1177.0,1210.0,1263.0,1304.0,1312.0,257506.9592999965,300140.0128000006
Polson High School,PUBLIC,HS,High School,YES,1712 2nd Street West,Polson,MT,59860,0633,POLSON HIGH SCHOOL,0478,24,Lake,23,Secondary,21090,283920.367072,443.62557361,24,Lake,0478,POLSON H S,415.0,416.0,429.0,422.0,427.0,435.0,463.0,457.0,474.0,516.0,542.0,534.0,573.0,566.0,561.0,558.0,535.0,543.0,541.0,573.0,564.0,562.0,555.0,538.0,527.0,528.0,535.0,525.0,522.0,507.0,497.0,486.0,450.0,482.0,507,511,524,547,517,541.0,522.0,517,-4.436229205175601,-0.9578544061302682,1.9723865877712032,302109000633,100.0,435.0,453.0,448.0,466.0,499.0,525.0,515.0,561.0,550.0,540.0,539.0,526.0,521.0,526.0,552.0,553.0,543.0,540.0,499.0,490.0,517.0,521.0,504.0,509.0,482.0,477.0,475.0,471.0,484.0,481.0,507.0,511.0,524.0,547.0,249858.27920000255,391415.1050999984
Hobson High School,PUBLIC,HS,High School,YES,108 6th Street East,Hobson,MT,59452,0623,HOBSON K-12 SCHOOLS,0469,23,Judith Basin,25,Unified,14430,381061.591728,595.40873715,23,Judith Basin,0469,HOBSON K-12 SCHOOLS,57.0,58.0,52.0,49.0,52.0,50.0,143.0,148.0,171.0,163.0,163.0,175.0,166.0,161.0,161.0,161.0,160.0,151.0,140.0,147.0,154.0,155.0,144.0,131.0,127.0,123.0,120.0,114.0,118.0,113.0,114.0,107.0,123.0,118.0,125,119,136,129,131,140.0,118.0,131,-6.428571428571428,11.016949152542372,4.8,301443000446,100.0,46.0,46.0,43.0,49.0,61.0,55.0,56.0,54.0,50.0,50.0,50.0,51.0,48.0,42.0,36.0,51.0,51.0,44.0,44.0,42.0,40.0,36.0,33.0,27.0,29.0,35.0,27.0,36.0,42.0,38.0,40.0,38.0,41.0,39.0,571577.1493000016,305454.99819999933
Harlem High School,PUBLIC,HS,High School,YES,610 1st Avenue Southeast,Harlem,MT,59526,0049,HARLEM HIGH SCHOOL,0031,03,Blaine,12,Secondary,13400,1145528.94368,1789.88897473,03,Blaine,0031,HARLEM H S,127.0,142.0,131.0,122.0,133.0,140.0,141.0,141.0,160.0,148.0,165.0,159.0,158.0,168.0,170.0,167.0,168.0,179.0,192.0,201.0,197.0,194.0,186.0,172.0,159.0,155.0,153.0,149.0,162.0,153.0,153.0,149.0,163.0,166.0,171,175,163,165,175,192.0,162.0,175,-8.854166666666668,8.024691358024691,2.3391812865497075,301340000400,100.0,140.0,136.0,138.0,153.0,144.0,164.0,155.0,154.0,160.0,162.0,161.0,164.0,175.0,186.0,193.0,195.0,180.0,169.0,152.0,143.0,152.0,150.0,137.0,157.0,158.0,138.0,144.0,137.0,160.0,166.0,171.0,175.0,163.0,165.0,653407.2747000009,475822.65139999986
Melstone High School,PUBLIC,HS,High School,YES,5 6th Avenue North,Melstone,MT,59054,0813,MELSTONE HIGH SCHOOL,0608,33,Musselshell,64-H,Secondary,18270,203622.833531,318.16067743,33,Musselshell,0608,MELSTONE H S,50.0,45.0,49.0,51.0,52.0,51.0,51.0,42.0,43.0,52.0,40.0,51.0,52.0,48.0,50.0,38.0,34.0,29.0,22.0,24.0,22.0,21.0,22.0,32.0,29.0,32.0,30.0,30.0,26.0,29.0,28.0,31.0,29.0,27.0,25,31,33,32,28,22.0,26.0,28,27.27272727272727,7.6923076923076925,12.0,301827000555,100.0,44.0,51.0,40.0,40.0,51.0,38.0,48.0,49.0,50.0,48.0,36.0,33.0,29.0,22.0,18.0,21.0,20.0,21.0,29.0,27.0,31.0,27.0,28.0,19.0,27.0,26.0,29.0,33.0,29.0,27.0,25.0,31.0,33.0,32.0,725002.8291999996,262550.88639999926
Forsyth High School,PUBLIC,HS,High School,YES,917 Park Street,Forsyth,MT,59327,1034,FORSYTH HIGH SCHOOL,0791,44,Rosebud,4,Secondary,11190,1173789.5519,1834.04617508,44,Rosebud,0791,FORSYTH H S,225.0,215.0,197.0,210.0,207.0,224.0,233.0,231.0,238.0,232.0,233.0,213.0,199.0,179.0,173.0,167.0,160.0,159.0,153.0,151.0,144.0,145.0,156.0,149.0,143.0,141.0,133.0,133.0,124.0,120.0,121.0,122.0,102.0,101.0,90,86,99,100,103,153.0,124.0,103,-32.6797385620915,-16.93548387096774,14.444444444444443,301119000304,100.0,232.0,233.0,233.0,230.0,222.0,231.0,208.0,192.0,174.0,169.0,159.0,158.0,157.0,147.0,132.0,134.0,138.0,150.0,140.0,124.0,134.0,121.0,121.0,112.0,111.0,117.0,118.0,107.0,107.0,101.0,90.0,86.0,99.0,100.0,817121.173299998,228251.02629999816
Geyser High School,PUBLIC,HS,High School,YES,103 3rd Street East,Geyser,MT,59447,0627,GEYSER K-12,0473,23,Judith Basin,58,Unified,12300,267500.148598,417.96898224,23,Judith Basin,0473,GEYSER K-12,48.0,36.0,24.0,24.0,32.0,30.0,32.0,36.0,33.0,33.0,35.0,36.0,37.0,39.0,44.0,36.0,44.0,39.0,40.0,48.0,46.0,46.0,42.0,34.0,26.0,20.0,24.0,22.0,24.0,24.0,24.0,24.0,17.0,13.0,37,38,36,36,34,40.0,24.0,34,-15.0,41.66666666666667,-8.108108108108109,301230000335,100.0,31.0,24.0,32.0,32.0,31.0,33.0,34.0,35.0,37.0,42.0,34.0,41.0,37.0,39.0,46.0,44.0,42.0,34.0,22.0,18.0,15.0,22.0,21.0,23.0,23.0,23.0,22.0,17.0,17.0,13.0,11.0,12.0,16.0,16.0,524894.3382999972,334665.6339999996
Heart Butte High School,PUBLIC,HS,High School,YES,1 School Road,Heart Butte,MT,59448,1656,HEART BUTTE K-12 SCHOOLS,1226,37,Pondera,1,Unified,00099,181124.262429,283.00666008,37,Pondera,1226,HEART BUTTE K-12 SCHOOLS,0.0,0.0,0.0,48.0,50.0,51.0,56.0,50.0,75.0,85.0,91.0,101.0,89.0,109.0,127.0,116.0,113.0,99.0,83.0,205.0,193.0,184.0,166.0,176.0,174.0,181.0,194.0,190.0,192.0,191.0,203.0,198.0,181.0,194.0,179,225,208,197,117,83.0,192.0,117,40.963855421686745,-39.0625,-34.63687150837989,300009900924,100.0,53.0,52.0,48.0,73.0,81.0,89.0,97.0,89.0,106.0,122.0,116.0,110.0,95.0,79.0,77.0,58.0,54.0,60.0,52.0,39.0,43.0,48.0,45.0,49.0,48.0,54.0,61.0,67.0,61.0,63.0,66.0,82.0,74.0,73.0,352695.15779999644,452517.4123999998
Capital High School,PUBLIC,HS,High School,YES,100 Valley Drive,Helena,MT,59601,1547,HELENA HIGH SCHOOL,0488,25,Lewis & Clark,1,Secondary,13830,879532.821526,1374.27003381,25,Lewis and Clark,0488,HELENA H S,2750.0,2720.0,2580.0,2462.0,2505.0,2425.0,2425.0,2595.0,2851.0,3033.0,3077.0,3001.0,3159.0,3185.0,3233.0,3296.0,3208.0,3146.0,3184.0,3148.0,3134.0,3104.0,3071.0,3048.0,3076.0,3111.0,3082.0,3079.0,3045.0,3004.0,2979.0,2963.0,2789.0,2704.0,2620,2461,2502,2440,2369,3184.0,3045.0,2369,-25.59673366834171,-22.20032840722496,-9.580152671755725,301383000429,100.0,1057.0,1070.0,1161.0,1242.0,1361.0,1384.0,1343.0,1402.0,1415.0,1421.0,1412.0,1372.0,1340.0,1419.0,1432.0,1425.0,1431.0,1404.0,1417.0,1369.0,1383.0,1369.0,1362.0,1324.0,1276.0,1269.0,1320.0,1357.0,1336.0,1353.0,1366.0,1350.0,1427.0,1367.0,404958.88440000266,265916.65100000054
Frenchtown High School,PUBLIC,HS,High School,YES,17620 Frontage Road,Frenchtown,MT,59834,0803,FRENCHTOWN K-12 SCHOOLS,0599,32,Missoula,40,Unified,11520,218640.456739,341.6257137,32,Missoula,0599,FRENCHTOWN H S,221.0,221.0,196.0,231.0,220.0,243.0,266.0,940.0,997.0,1031.0,1057.0,1036.0,1057.0,1098.0,1126.0,1166.0,1212.0,1199.0,1171.0,1208.0,1243.0,1273.0,1288.0,1294.0,1285.0,1263.0,1234.0,1214.0,1247.0,1254.0,1307.0,1335.0,1319.0,1345.0,1359,1473,1452,1369,1306,1171.0,1247.0,1306,11.52860802732707,4.731355252606255,-3.899926416482708,301152000313,100.0,240.0,247.0,278.0,288.0,301.0,315.0,324.0,339.0,357.0,366.0,365.0,384.0,372.0,371.0,389.0,412.0,410.0,400.0,402.0,399.0,390.0,393.0,388.0,389.0,370.0,389.0,398.0,412.0,382.0,417.0,457.0,490.0,475.0,453.0,239953.32859999686,318874.1229000017
Plains High School,PUBLIC,HS,High School,YES,412 Rittenour Street,Plains,MT,59859,1046,PLAINS K-12,0803,45,Sanders,1,Unified,20850,335255.764454,523.83713203,45,Sanders,0803,PLAINS K-12,0.0,0.0,0.0,0.0,177.0,164.0,165.0,192.0,189.0,192.0,186.0,182.0,184.0,204.0,198.0,194.0,196.0,179.0,189.0,192.0,189.0,184.0,178.0,170.0,162.0,157.0,162.0,156.0,151.0,147.0,142.0,463.0,455.0,471.0,447,447,453,425,404,189.0,151.0,404,113.75661375661377,167.54966887417217,-9.619686800894854,302085000623,100.0,159.0,165.0,182.0,182.0,188.0,171.0,171.0,181.0,196.0,191.0,189.0,190.0,175.0,181.0,188.0,182.0,178.0,167.0,153.0,149.0,155.0,162.0,149.0,142.0,143.0,133.0,113.0,117.0,132.0,149.0,150.0,143.0,138.0,133.0,194546.47029999644,371217.8449999988
Hamilton High School,PUBLIC,HS,High School,YES,327 Fairgrounds Road,Hamilton,MT,59840,1084,HAMILTON K-12 SCHOOLS,0735,41,Ravalli,3,Unified,13260,176776.517864,276.2133092,41,Ravalli,0735,HAMILTON K-12 SCHOOLS,466.0,465.0,426.0,430.0,422.0,423.0,1330.0,1407.0,1503.0,1506.0,1574.0,1605.0,1594.0,1579.0,1592.0,1604.0,1609.0,1626.0,1635.0,1616.0,1601.0,1631.0,1657.0,1664.0,1636.0,1655.0,1667.0,1647.0,1615.0,1598.0,1585.0,1569.0,1504.0,1486.0,1503,1588,1665,1653,1565,1635.0,1615.0,1565,-4.281345565749235,-3.0959752321981426,4.125083166999334,301326000389,100.0,425.0,435.0,448.0,488.0,468.0,524.0,520.0,518.0,536.0,540.0,564.0,555.0,580.0,592.0,557.0,582.0,558.0,576.0,563.0,534.0,533.0,564.0,533.0,512.0,528.0,505.0,497.0,486.0,495.0,474.0,505.0,543.0,558.0,555.0,242500.52870000154,233299.06830000132
Denton High School,PUBLIC,HS,High School,YES,1200 Lehman Avenue,Denton,MT,59430,0381,DENTON HIGH SCHOOL,0282,14,Fergus,84,Secondary,08850,360011.347164,562.51773002,14,Fergus,0282,DENTON H S,44.0,42.0,39.0,44.0,45.0,48.0,53.0,66.0,65.0,66.0,66.0,61.0,56.0,58.0,50.0,57.0,55.0,51.0,59.0,56.0,56.0,52.0,48.0,44.0,42.0,40.0,40.0,39.0,38.0,40.0,37.0,34.0,16.0,15.0,7,7,10,10,16,59.0,38.0,16,-72.88135593220339,-57.89473684210527,128.57142857142858,300885000252,100.0,48.0,54.0,63.0,62.0,63.0,63.0,59.0,53.0,56.0,47.0,54.0,53.0,50.0,58.0,53.0,48.0,45.0,42.0,35.0,40.0,36.0,37.0,36.0,33.0,38.0,32.0,24.0,19.0,17.0,15.0,7.0,7.0,10.0,10.0,566739.940899998,340863.17599999905
Harrison High School,PUBLIC,HS,High School,YES,120 South Main Street,Harrison,MT,59735,0727,HARRISON K-12 SCHOOLS,0543,28,Madison,23,Unified,13530,321599.285723,502.49888401,28,Madison,0543,HARRISON K-12 SCHOOLS,38.0,36.0,35.0,32.0,37.0,35.0,37.0,44.0,48.0,48.0,51.0,162.0,135.0,145.0,162.0,155.0,131.0,131.0,123.0,130.0,121.0,118.0,110.0,106.0,113.0,106.0,106.0,97.0,97.0,91.0,84.0,76.0,84.0,81.0,96,97,91,99,61,123.0,97.0,61,-50.40650406504065,-37.11340206185567,-36.45833333333333,301353000404,100.0,35.0,37.0,42.0,47.0,45.0,48.0,46.0,44.0,49.0,52.0,56.0,59.0,55.0,53.0,48.0,45.0,44.0,42.0,42.0,38.0,42.0,46.0,43.0,39.0,30.0,27.0,22.0,30.0,30.0,26.0,36.0,28.0,27.0,28.0,422121.11630000174,163661.5276999995
Great Falls High School,PUBLIC,HS,High School,YES,1900 2nd Avenue South,Great Falls,MT,59405,0134,GREAT FALLS HIGH SCHOOL,0099,07,Cascade,A,Secondary,13050,254649.143486,397.88928675,07,Cascade,0099,GREAT FALLS H S,3649.0,3488.0,3358.0,3340.0,3279.0,3247.0,3321.0,3597.0,3729.0,3790.0,3919.0,4009.0,3975.0,4020.0,3973.0,3837.0,3874.0,3758.0,3676.0,3703.0,3668.0,3699.0,3623.0,3549.0,3420.0,3311.0,3205.0,3110.0,3091.0,3062.0,3054.0,3025.0,2806.0,2967.0,2981,3110,3087,3064,2945,3676.0,3091.0,2945,-19.88574537540805,-4.723390488515044,-1.207648440120765,301305000380,100.0,1730.0,1878.0,1860.0,1920.0,1935.0,2007.0,2043.0,1960.0,1995.0,2019.0,1997.0,2043.0,1957.0,1873.0,1959.0,1937.0,1921.0,1793.0,1759.0,1769.0,1624.0,1566.0,1485.0,1514.0,1484.0,1480.0,1460.0,1444.0,1479.0,1530.0,1555.0,1640.0,1641.0,1612.0,466461.55680000037,362843.2514999993
Poplar High School,PUBLIC,HS,High School,YES,400 4th Avenue West,Poplar,MT,59255,1016,POPLAR HIGH SCHOOL,0776,43,Roosevelt,9B,Secondary,21270,472900.017208,738.90627698,43,Roosevelt,0776,POPLAR H S,220.0,214.0,215.0,217.0,205.0,180.0,179.0,197.0,202.0,201.0,222.0,219.0,234.0,225.0,229.0,244.0,223.0,246.0,249.0,242.0,240.0,227.0,221.0,209.0,210.0,212.0,210.0,213.0,210.0,207.0,206.0,229.0,218.0,248.0,252,242,276,271,273,249.0,210.0,273,9.63855421686747,30.0,8.333333333333332,302127000638,100.0,194.0,199.0,196.0,188.0,200.0,217.0,218.0,231.0,209.0,229.0,248.0,227.0,238.0,253.0,232.0,236.0,215.0,213.0,204.0,216.0,210.0,198.0,220.0,213.0,202.0,204.0,221.0,223.0,227.0,248.0,252.0,243.0,276.0,272.0,919565.2452000007,437940.9829999991
Baker High School,PUBLIC,HS,High School,YES,1015 South 3rd West,Baker,MT,59313,0335,BAKER K-12 SCHOOLS,0244,13,Fallon,12,Unified,02730,577328.788435,902.07623205,13,Fallon,0244,BAKER K-12 SCHOOLS,198.0,193.0,178.0,167.0,179.0,174.0,165.0,170.0,195.0,193.0,209.0,637.0,600.0,574.0,519.0,485.0,472.0,457.0,421.0,424.0,400.0,396.0,397.0,408.0,393.0,427.0,439.0,460.0,470.0,498.0,493.0,499.0,445.0,457.0,460,483,457,450,464,421.0,470.0,464,10.21377672209026,-1.276595744680851,0.8695652173913043,300273000035,100.0,165.0,152.0,163.0,186.0,183.0,202.0,220.0,211.0,209.0,196.0,180.0,186.0,181.0,170.0,144.0,149.0,139.0,127.0,139.0,119.0,118.0,125.0,117.0,132.0,150.0,148.0,155.0,133.0,127.0,129.0,130.0,132.0,128.0,122.0,1001175.8113999963,247462.33399999887
Powder River Co Dist High,PUBLIC,HS,High School,YES,500 North Trautman,Broadus,MT,59317,0931,POWDER RIVER COUNTY DISTRICT HIGH SCHOOL,0706,38,Powder River,79J,Secondary,04860,2168823.02919,3388.78598355,38,Powder River,0706,POWDER RVR CO DIST HS,160.0,147.0,146.0,192.0,146.0,132.0,133.0,136.0,131.0,146.0,158.0,167.0,158.0,149.0,146.0,136.0,142.0,157.0,142.0,150.0,144.0,141.0,142.0,134.0,132.0,131.0,125.0,120.0,116.0,112.0,108.0,100.0,66.0,61.0,69,78,74,63,70,142.0,116.0,70,-50.70422535211267,-39.6551724137931,1.4492753623188406,300486000119,100.0,123.0,131.0,131.0,124.0,139.0,150.0,160.0,153.0,142.0,142.0,131.0,139.0,151.0,137.0,143.0,135.0,128.0,139.0,120.0,122.0,128.0,112.0,109.0,111.0,101.0,98.0,86.0,69.0,64.0,61.0,69.0,78.0,74.0,63.0,920180.0020999983,141412.67489999905
Helena High School,PUBLIC,HS,High School,YES,1300 Billings Avenue,Helena,MT,59601,0661,HELENA HIGH SCHOOL,0488,25,Lewis & Clark,1,Secondary,13830,879532.821526,1374.27003381,25,Lewis and Clark,0488,HELENA H S,2750.0,2720.0,2580.0,2462.0,2505.0,2425.0,2425.0,2595.0,2851.0,3033.0,3077.0,3001.0,3159.0,3185.0,3233.0,3296.0,3208.0,3146.0,3184.0,3148.0,3134.0,3104.0,3071.0,3048.0,3076.0,3111.0,3082.0,3079.0,3045.0,3004.0,2979.0,2963.0,2789.0,2704.0,2620,2461,2502,2440,2369,3184.0,3045.0,2369,-25.59673366834171,-22.20032840722496,-9.580152671755725,301383000430,100.0,1370.0,1380.0,1428.0,1519.0,1589.0,1610.0,1554.0,1673.0,1694.0,1733.0,1805.0,1750.0,1730.0,1678.0,1615.0,1623.0,1630.0,1607.0,1569.0,1642.0,1655.0,1603.0,1623.0,1607.0,1582.0,1622.0,1574.0,1523.0,1538.0,1340.0,1254.0,1128.0,1087.0,1087.0,407121.16600000113,263690.9219000004
Reed Point High School,PUBLIC,HS,High School,YES,308 Central Avenue West,Reedpoint,MT,59069,1114,REED POINT HIGH SCHOOL,0851,48,Stillwater,9-Sep,Secondary,22260,116602.608831,182.19157632,48,Stillwater,0851,REEDPOINT H S,17.0,20.0,21.0,18.0,20.0,17.0,21.0,28.0,32.0,44.0,51.0,46.0,53.0,43.0,45.0,46.0,37.0,44.0,37.0,36.0,30.0,26.0,25.0,29.0,32.0,36.0,34.0,33.0,31.0,29.0,26.0,25.0,18.0,18.0,24,21,19,16,11,37.0,31.0,11,-70.27027027027027,-64.51612903225806,-54.166666666666664,302226000657,100.0,15.0,24.0,27.0,29.0,41.0,50.0,43.0,51.0,41.0,43.0,46.0,36.0,42.0,36.0,25.0,25.0,24.0,22.0,26.0,32.0,34.0,30.0,28.0,26.0,27.0,22.0,23.0,21.0,18.0,18.0,24.0,21.0,19.0,16.0,596257.483599998,161796.55999999866
Thompson Falls High Schl,PUBLIC,HS,High School,YES,601 Golf Street,Thompson Falls,MT,59873,1048,THOMPSON FALLS HIGH SCHOOL,0805,45,Sanders,2,Secondary,26100,623475.322679,974.18019181,45,Sanders,0805,THOMPSON FALLS H S,193.0,205.0,194.0,182.0,193.0,188.0,194.0,221.0,241.0,242.0,232.0,237.0,251.0,239.0,244.0,258.0,248.0,301.0,296.0,297.0,281.0,265.0,242.0,233.0,220.0,211.0,202.0,196.0,191.0,185.0,181.0,182.0,159.0,156.0,188,209,201,185,183,296.0,191.0,183,-38.17567567567568,-4.18848167539267,-2.6595744680851063,302610000738,100.0,185.0,182.0,212.0,234.0,239.0,225.0,232.0,247.0,231.0,238.0,252.0,243.0,330.0,316.0,357.0,257.0,246.0,215.0,213.0,199.0,187.0,188.0,180.0,174.0,171.0,173.0,164.0,176.0,159.0,156.0,188.0,209.0,201.0,185.0,162773.07329999655,387972.7305999994
Medicine Lake High School,PUBLIC,HS,High School,YES,311 Young Street,Medicine Lake,MT,59247,1065,MEDICINE LAKE K-12 SCHOOLS,0822,46,Sheridan,7,Unified,18170,363574.470307,568.08510993,46,Sheridan,0822,MEDICINE LK K-12 SCHOOLS,58.0,59.0,72.0,72.0,72.0,75.0,80.0,83.0,83.0,83.0,92.0,83.0,84.0,164.0,149.0,144.0,125.0,106.0,109.0,109.0,116.0,117.0,108.0,103.0,102.0,108.0,114.0,126.0,132.0,127.0,124.0,117.0,97.0,79.0,77,86,86,83,86,109.0,132.0,86,-21.100917431192663,-34.84848484848485,11.688311688311687,301817000552,100.0,73.0,82.0,79.0,79.0,81.0,89.0,80.0,80.0,82.0,67.0,57.0,48.0,38.0,42.0,41.0,36.0,25.0,26.0,28.0,31.0,34.0,39.0,38.0,36.0,31.0,25.0,24.0,21.0,27.0,24.0,23.0,30.0,24.0,22.0,968987.6933000013,484442.41690000147
Brockton High School,PUBLIC,HS,High School,YES,540 5th Street,Brockton,MT,59213,1026,BROCKTON HIGH SCHOOL,0783,43,Roosevelt,55F,Secondary,05040,55375.7199889,86.52456249,43,Roosevelt,0783,BROCKTON H S,42.0,34.0,39.0,38.0,41.0,41.0,47.0,50.0,41.0,39.0,45.0,50.0,50.0,48.0,56.0,57.0,55.0,65.0,69.0,66.0,65.0,62.0,58.0,56.0,46.0,40.0,29.0,25.0,22.0,32.0,39.0,49.0,40.0,28.0,37,0,52,56,49,69.0,22.0,49,-28.985507246376812,122.72727272727273,32.432432432432435,300504000125,100.0,38.0,42.0,48.0,41.0,38.0,44.0,46.0,46.0,48.0,56.0,55.0,51.0,62.0,66.0,59.0,58.0,61.0,53.0,50.0,31.0,34.0,19.0,18.0,20.0,31.0,39.0,51.0,30.0,35.0,28.0,37.0,43.0,52.0,56.0,940839.7829999998,443565.17980000004
Custer Co District High,PUBLIC,HS,High School,YES,20 South Center Avenue,Miles City,MT,59301,0266,CUSTER COUNTY HIGH SCHOOL,0192,09,Custer,1,Secondary,07930,2425174.37684,3789.3349643,09,Custer,0192,CUSTER CO H S,729.0,702.0,657.0,649.0,650.0,632.0,627.0,683.0,707.0,745.0,768.0,760.0,750.0,750.0,702.0,661.0,624.0,582.0,598.0,598.0,607.0,603.0,637.0,627.0,612.0,583.0,544.0,516.0,520.0,560.0,567.0,558.0,488.0,510.0,495,508,495,492,487,598.0,520.0,487,-18.561872909698995,-6.346153846153846,-1.6161616161616161,300793000226,100.0,625.0,630.0,673.0,688.0,724.0,748.0,735.0,726.0,719.0,685.0,647.0,607.0,570.0,581.0,584.0,595.0,588.0,622.0,611.0,559.0,547.0,494.0,474.0,504.0,546.0,556.0,537.0,529.0,500.0,510.0,495.0,508.0,495.0,492.0,881190.8638999984,246273.40850000083
Roundup H S,PUBLIC,HS,High School,YES,525 6th Avenue West,Roundup,MT,59072,0811,ROUNDUP HIGH SCHOOL,0606,33,Musselshell,55H,Secondary,23070,1019883.60321,1593.56813022,33,Musselshell,0606,ROUNDUP H S,243.0,246.0,213.0,199.0,205.0,202.0,195.0,224.0,240.0,237.0,264.0,251.0,257.0,256.0,255.0,238.0,222.0,215.0,188.0,195.0,184.0,192.0,200.0,199.0,197.0,191.0,186.0,188.0,202.0,212.0,197.0,190.0,159.0,179.0,166,174,172,171,156,188.0,202.0,156,-17.02127659574468,-22.772277227722775,-6.024096385542169,302307000675,100.0,202.0,190.0,221.0,236.0,236.0,254.0,241.0,248.0,248.0,249.0,239.0,218.0,207.0,184.0,171.0,174.0,184.0,197.0,198.0,187.0,181.0,177.0,182.0,194.0,204.0,171.0,178.0,166.0,166.0,179.0,166.0,174.0,172.0,171.0,672984.8207999989,244609.37889999896
Roy High School,PUBLIC,HS,High School,YES,502 4th Avenue,Roy,MT,59471,0379,ROY K-12 SCHOOLS,0280,14,Fergus,74,Unified,23160,635974.882777,993.71075447,14,Fergus,0280,ROY K-12 SCHOOLS,22.0,12.0,14.0,13.0,15.0,14.0,15.0,59.0,59.0,68.0,79.0,79.0,76.0,78.0,72.0,74.0,77.0,83.0,83.0,80.0,76.0,70.0,71.0,68.0,64.0,55.0,49.0,49.0,46.0,48.0,46.0,42.0,36.0,36.0,28,20,18,24,19,83.0,46.0,19,-77.10843373493977,-58.69565217391305,-32.142857142857146,302316000677,100.0,14.0,15.0,13.0,10.0,13.0,12.0,14.0,16.0,21.0,16.0,22.0,24.0,33.0,32.0,24.0,24.0,26.0,30.0,27.0,21.0,17.0,12.0,17.0,14.0,15.0,16.0,11.0,14.0,15.0,12.0,10.0,10.0,6.0,9.0,641147.2343000025,342488.5844999999
Judith Gap High School,PUBLIC,HS,High School,YES,306 4th Avenue,Judith Gap,MT,59453,1233,JUDITH GAP HIGH SCHOOL,0949,54,Wheatland,21J,Secondary,15390,160747.621957,251.16815934,54,Wheatland,0949,JUDITH GAP H S,27.0,31.0,31.0,29.0,31.0,30.0,30.0,37.0,37.0,45.0,45.0,42.0,38.0,33.0,34.0,34.0,35.0,32.0,44.0,38.0,37.0,32.0,24.0,20.0,20.0,17.0,16.0,12.0,9.0,7.0,6.0,11.0,6.0,5.0,7,5,3,5,4,44.0,9.0,4,-90.9090909090909,-55.55555555555556,-42.857142857142854,301539000469,100.0,28.0,28.0,35.0,35.0,43.0,42.0,40.0,35.0,32.0,32.0,33.0,36.0,30.0,42.0,36.0,26.0,29.0,14.0,13.0,19.0,17.0,10.0,7.0,6.0,4.0,6.0,11.0,13.0,6.0,5.0,7.0,5.0,3.0,6.0,580643.7653999999,269997.4411999993
Broadwater High School,PUBLIC,HS,High School,YES,201 North Spruce Street,Townsend,MT,59644,0081,TOWNSEND K-12 SCHOOLS,0055,04,Broadwater,1,Unified,04980,760465.110486,1188.22673529,04,Broadwater,0055,TOWNSEND K-12,225.0,240.0,222.0,196.0,217.0,187.0,192.0,749.0,760.0,785.0,805.0,821.0,784.0,777.0,752.0,751.0,741.0,736.0,723.0,723.0,712.0,695.0,731.0,747.0,743.0,729.0,709.0,686.0,670.0,684.0,686.0,688.0,642.0,647.0,636,667,708,700,717,723.0,670.0,717,-0.8298755186721992,7.014925373134329,12.735849056603774,300498000123,100.0,183.0,199.0,217.0,248.0,261.0,251.0,273.0,240.0,232.0,237.0,224.0,228.0,238.0,233.0,232.0,220.0,220.0,234.0,246.0,247.0,249.0,224.0,209.0,202.0,203.0,199.0,208.0,227.0,206.0,212.0,194.0,193.0,185.0,182.0,444610.5393999964,232257.48099999875
Fromberg High School,PUBLIC,HS,High School,YES,319 School Street,Fromberg,MT,59029,0099,FROMBERG K-12 SCHOOLS,0072,05,Carbon,6,Unified,11650,86762.5325233,135.56645709,05,Carbon,0072,FROMBERG H S,64.0,58.0,57.0,57.0,59.0,58.0,60.0,64.0,60.0,63.0,61.0,62.0,71.0,85.0,87.0,95.0,63.0,57.0,58.0,56.0,52.0,57.0,49.0,157.0,148.0,137.0,136.0,123.0,128.0,114.0,109.0,124.0,128.0,128.0,112,114,106,85,61,58.0,128.0,61,5.172413793103448,-52.34375,-45.535714285714285,301165000317,100.0,53.0,52.0,61.0,58.0,60.0,58.0,61.0,69.0,82.0,84.0,90.0,64.0,54.0,54.0,53.0,43.0,57.0,44.0,44.0,47.0,44.0,37.0,33.0,43.0,40.0,39.0,39.0,33.0,42.0,47.0,38.0,41.0,33.0,23.0,646028.8040999994,127225.74179999903
Sidney High School,PUBLIC,HS,High School,YES,1012 4th Avenue Southeast,Sidney,MT,59270,0981,SIDNEY HIGH SCHOOL,0746,42,Richland,1,Secondary,24230,477760.728781,746.50113882,42,Richland,0746,SIDNEY H S,484.0,478.0,494.0,490.0,502.0,508.0,538.0,513.0,540.0,566.0,533.0,543.0,526.0,515.0,505.0,491.0,503.0,479.0,461.0,479.0,459.0,452.0,435.0,430.0,416.0,399.0,384.0,418.0,404.0,418.0,425.0,406.0,383.0,403.0,408,388,387,377,355,461.0,404.0,355,-22.99349240780911,-12.128712871287128,-12.990196078431374,302423000702,100.0,505.0,545.0,504.0,520.0,551.0,519.0,522.0,509.0,496.0,489.0,477.0,487.0,470.0,446.0,469.0,417.0,429.0,421.0,406.0,389.0,365.0,371.0,402.0,397.0,402.0,417.0,364.0,387.0,387.0,403.0,408.0,388.0,387.0,378.0,1000492.8769999966,397580.8872999996
Rosebud High School,PUBLIC,HS,High School,YES,601 Main Street,Rosebud,MT,59347,1038,ROSEBUD K-12 SCHOOLS,0795,44,Rosebud,12,Unified,22920,980528.048113,1532.07507537,44,Rosebud,0795,ROSEBUD H S,38.0,38.0,33.0,30.0,35.0,27.0,28.0,33.0,37.0,37.0,33.0,36.0,39.0,40.0,39.0,31.0,28.0,29.0,39.0,34.0,33.0,35.0,37.0,44.0,48.0,97.0,100.0,99.0,98.0,88.0,74.0,57.0,31.0,50.0,46,41,41,53,50,39.0,98.0,50,28.205128205128204,-48.97959183673469,8.695652173913043,302292000672,100.0,25.0,28.0,30.0,35.0,35.0,31.0,35.0,37.0,39.0,37.0,29.0,26.0,26.0,35.0,30.0,27.0,31.0,36.0,40.0,44.0,35.0,39.0,38.0,36.0,31.0,13.0,17.0,13.0,15.0,18.0,15.0,10.0,10.0,12.0,835540.6942000017,229685.59340000153
Bigfork High School,PUBLIC,HS,High School,YES,600 Commerce Street,Bigfork,MT,59911,0443,BIGFORK HIGH SCHOOL,0331,15,Flathead,38,Secondary,03840,261701.289051,408.90826419,15,Flathead,0331,BIGFORK H S,297.0,272.0,275.0,287.0,285.0,286.0,306.0,364.0,345.0,360.0,381.0,385.0,413.0,397.0,393.0,380.0,379.0,400.0,380.0,383.0,386.0,378.0,370.0,348.0,321.0,294.0,275.0,277.0,293.0,300.0,295.0,309.0,310.0,342.0,315,343,354,352,331,380.0,293.0,331,-12.894736842105264,12.969283276450511,5.079365079365079,300384000058,100.0,279.0,306.0,350.0,335.0,354.0,373.0,379.0,404.0,388.0,381.0,367.0,368.0,391.0,375.0,366.0,375.0,367.0,335.0,310.0,287.0,257.0,259.0,267.0,280.0,290.0,282.0,299.0,311.0,317.0,339.0,315.0,343.0,354.0,352.0,259040.13539999723,433859.54520000145
Lambert High School,PUBLIC,HS,High School,YES,121 Third Avenue Northwest,Lambert,MT,59243,1006,LAMBERT HIGH SCHOOL,0769,42,Richland,4,Secondary,16020,307873.808799,481.05282631,42,Richland,0769,LAMBERT H S,33.0,31.0,33.0,33.0,34.0,38.0,40.0,43.0,44.0,38.0,44.0,43.0,47.0,44.0,43.0,40.0,41.0,35.0,35.0,37.0,38.0,36.0,34.0,32.0,32.0,33.0,36.0,42.0,42.0,48.0,47.0,47.0,31.0,34.0,26,38,43,40,33,35.0,42.0,33,-5.714285714285714,-21.428571428571427,26.923076923076923,301602000493,100.0,39.0,38.0,41.0,41.0,36.0,43.0,41.0,45.0,42.0,41.0,38.0,39.0,33.0,33.0,36.0,37.0,29.0,30.0,29.0,28.0,31.0,33.0,39.0,40.0,45.0,45.0,42.0,36.0,32.0,34.0,26.0,38.0,43.0,40.0,965769.7606000006,393093.8238000013
