{"type": "FeatureCollection", "name": "public_highschools_clean", "crs": {"type": "name", "properties": {"name": "urn:ogc:def:crs:EPSG::6514"}}, "features": [{"type": "Feature", "properties": {"SCHOOL_NAME": "Saco High School", "ncessch": "302340000683", "OPI_SC": "0873", "CITY": "Saco", "COUNTY": "Phillips", "DISTRICT_NAME": "SACO HIGH SCHOOL", "LE_NUMBER": 657, "DIST_TYPE": "Secondary", "pct_change_20yr": -53.333333333333336, "pct_change_10yr": -6.666666666666667, "pct_change_5yr": -17.647058823529413, "ccd_enroll_2003": 30.0, "ccd_enroll_2004": 32.0, "ccd_enroll_2005": 34.0, "ccd_enroll_2006": 30.0, "ccd_enroll_2007": 28.0, "ccd_enroll_2008": 33.0, "ccd_enroll_2009": 33.0, "ccd_enroll_2010": 30.0, "ccd_enroll_2011": 24.0, "ccd_enroll_2012": 17.0, "ccd_enroll_2013": 15.0, "ccd_enroll_2014": 15.0, "ccd_enroll_2015": 13.0, "ccd_enroll_2016": 12.0, "ccd_enroll_2017": 18.0, "ccd_enroll_2018": 17.0, "ccd_enroll_2019": 13.0, "ccd_enroll_2020": 16.0, "ccd_enroll_2021": 15.0, "ccd_enroll_2022": 10.0, "ccd_enroll_2023": 14.0, "longitude": -107.34472, "latitude": 48.460484}, "geometry": {"type": "Point", "coordinates": [759336.2264999971, 470072.3552000001]}}, {"type": "Feature", "properties": {"SCHOOL_NAME": "Simms High School", "ncessch": "302433000704", "OPI_SC": "0174", "CITY": "Simms", "COUNTY": "Cascade", "DISTRICT_NAME": "SIMMS HIGH SCHOOL", "LE_NUMBER": 118, "DIST_TYPE": "Secondary", "pct_change_20yr": -27.33812949640288, "pct_change_10yr": -1.9417475728155338, "pct_change_5yr": 2.0202020202020203, "ccd_enroll_2003": 139.0, "ccd_enroll_2004": 121.0, "ccd_enroll_2005": 123.0, "ccd_enroll_2006": 108.0, "ccd_enroll_2007": 113.0, "ccd_enroll_2008": 115.0, "ccd_enroll_2009": 106.0, "ccd_enroll_2010": 114.0, "ccd_enroll_2011": 105.0, "ccd_enroll_2012": 99.0, "ccd_enroll_2013": 103.0, "ccd_enroll_2014": 98.0, "ccd_enroll_2015": 89.0, "ccd_enroll_2016": 90.0, "ccd_enroll_2017": 101.0, "ccd_enroll_2018": 99.0, "ccd_enroll_2019": 100.0, "ccd_enroll_2020": 119.0, "ccd_enroll_2021": 112.0, "ccd_enroll_2022": 101.0, "ccd_enroll_2023": 101.0, "longitude": -111.928049, "latitude": 47.491617}, "geometry": {"type": "Point", "coordinates": [417166.9997999966, 363034.7060999982]}}, {"type": "Feature", "properties": {"SCHOOL_NAME": "Beaverhead Co High School", "ncessch": "300309000041", "OPI_SC": "0023", "CITY": "Dillon", "COUNTY": "Beaverhead", "DISTRICT_NAME": "BEAVERHEAD COUNTY HIGH SCHOOL", "LE_NUMBER": 6, "DIST_TYPE": "Secondary", "pct_change_20yr": -19.617224880382775, "pct_change_10yr": -3.7249283667621778, "pct_change_5yr": 9.446254071661238, "ccd_enroll_2003": 418.0, "ccd_enroll_2004": 414.0, "ccd_enroll_2005": 392.0, "ccd_enroll_2006": 375.0, "ccd_enroll_2007": 372.0, "ccd_enroll_2008": 336.0, "ccd_enroll_2009": 344.0, "ccd_enroll_2010": 363.0, "ccd_enroll_2011": 336.0, "ccd_enroll_2012": 355.0, "ccd_enroll_2013": 349.0, "ccd_enroll_2014": 343.0, "ccd_enroll_2015": 332.0, "ccd_enroll_2016": 326.0, "ccd_enroll_2017": 310.0, "ccd_enroll_2018": 307.0, "ccd_enroll_2019": 326.0, "ccd_enroll_2020": 323.0, "ccd_enroll_2021": 325.0, "ccd_enroll_2022": 339.0, "ccd_enroll_2023": 336.0, "longitude": -112.633216, "latitude": 45.216709}, "geometry": {"type": "Point", "coordinates": [353984.77899999917, 112367.80550000072]}}, {"type": "Feature", "properties": {"SCHOOL_NAME": "Superior High School", "ncessch": "302547000729", "OPI_SC": "0768", "CITY": "Superior", "COUNTY": "Mineral", "DISTRICT_NAME": "SUPERIOR K-12 SCHOOLS", "LE_NUMBER": 579, "DIST_TYPE": "Unified", "pct_change_20yr": -26.95035460992908, "pct_change_10yr": 3.0, "pct_change_5yr": 45.07042253521127, "ccd_enroll_2003": 141.0, "ccd_enroll_2004": 132.0, "ccd_enroll_2005": 124.0, "ccd_enroll_2006": 119.0, "ccd_enroll_2007": 138.0, "ccd_enroll_2008": 143.0, "ccd_enroll_2009": 135.0, "ccd_enroll_2010": 110.0, "ccd_enroll_2011": 110.0, "ccd_enroll_2012": 109.0, "ccd_enroll_2013": 100.0, "ccd_enroll_2014": 86.0, "ccd_enroll_2015": 76.0, "ccd_enroll_2016": 75.0, "ccd_enroll_2017": 73.0, "ccd_enroll_2018": 71.0, "ccd_enroll_2019": 89.0, "ccd_enroll_2020": 105.0, "ccd_enroll_2021": 110.0, "ccd_enroll_2022": 112.0, "ccd_enroll_2023": 103.0, "longitude": -114.879975, "latitude": 47.18872}, "geometry": {"type": "Point", "coordinates": [192829.7248999998, 340534.3376000002]}}, {"type": "Feature", "properties": {"SCHOOL_NAME": "Manhattan H S", "ncessch": "301764000548", "OPI_SC": "0465", "CITY": "Manhattan", "COUNTY": "Gallatin", "DISTRICT_NAME": "MANHATTAN HIGH SCHOOL", "LE_NUMBER": 348, "DIST_TYPE": "Secondary", "pct_change_20yr": 12.616822429906541, "pct_change_10yr": 20.5, "pct_change_5yr": -11.07011070110701, "ccd_enroll_2003": 214.0, "ccd_enroll_2004": 219.0, "ccd_enroll_2005": 205.0, "ccd_enroll_2006": 208.0, "ccd_enroll_2007": 223.0, "ccd_enroll_2008": 203.0, "ccd_enroll_2009": 196.0, "ccd_enroll_2010": 201.0, "ccd_enroll_2011": 183.0, "ccd_enroll_2012": 190.0, "ccd_enroll_2013": 200.0, "ccd_enroll_2014": 204.0, "ccd_enroll_2015": 220.0, "ccd_enroll_2016": 239.0, "ccd_enroll_2017": 256.0, "ccd_enroll_2018": 271.0, "ccd_enroll_2019": 259.0, "ccd_enroll_2020": 249.0, "ccd_enroll_2021": 260.0, "ccd_enroll_2022": 239.0, "ccd_enroll_2023": 241.0, "longitude": -111.329909, "latitude": 45.861827}, "geometry": {"type": "Point", "coordinates": [457967.6643999964, 180785.89970000088]}}, {"type": "Feature", "properties": {"SCHOOL_NAME": "Huntley Project High Schl", "ncessch": "301470000452", "OPI_SC": "1298", "CITY": "Worden", "COUNTY": "Yellowstone", "DISTRICT_NAME": "HUNTLEY PROJECT K-12 SCHOOLS", "LE_NUMBER": 983, "DIST_TYPE": "Unified", "pct_change_20yr": -20.437956204379564, "pct_change_10yr": -15.503875968992247, "pct_change_5yr": -13.147410358565736, "ccd_enroll_2003": 274.0, "ccd_enroll_2004": 269.0, "ccd_enroll_2005": 247.0, "ccd_enroll_2006": 253.0, "ccd_enroll_2007": 230.0, "ccd_enroll_2008": 227.0, "ccd_enroll_2009": 240.0, "ccd_enroll_2010": 228.0, "ccd_enroll_2011": 232.0, "ccd_enroll_2012": 240.0, "ccd_enroll_2013": 258.0, "ccd_enroll_2014": 247.0, "ccd_enroll_2015": 262.0, "ccd_enroll_2016": 261.0, "ccd_enroll_2017": 259.0, "ccd_enroll_2018": 251.0, "ccd_enroll_2019": 235.0, "ccd_enroll_2020": 228.0, "ccd_enroll_2021": 215.0, "ccd_enroll_2022": 230.0, "ccd_enroll_2023": 218.0, "longitude": -108.164978, "latitude": 45.960852}, "geometry": {"type": "Point", "coordinates": [703437.4909999967, 191010.1651000008]}}, {"type": "Feature", "properties": {"SCHOOL_NAME": "Laurel High School", "ncessch": "301623000501", "OPI_SC": "1284", "CITY": "Laurel", "COUNTY": "Yellowstone", "DISTRICT_NAME": "LAUREL HIGH SCHOOL", "LE_NUMBER": 971, "DIST_TYPE": "Secondary", "pct_change_20yr": 10.326086956521738, "pct_change_10yr": -6.163328197226503, "pct_change_5yr": -5.14018691588785, "ccd_enroll_2003": 552.0, "ccd_enroll_2004": 551.0, "ccd_enroll_2005": 585.0, "ccd_enroll_2006": 582.0, "ccd_enroll_2007": 613.0, "ccd_enroll_2008": 631.0, "ccd_enroll_2009": 616.0, "ccd_enroll_2010": 616.0, "ccd_enroll_2011": 631.0, "ccd_enroll_2012": 609.0, "ccd_enroll_2013": 649.0, "ccd_enroll_2014": 662.0, "ccd_enroll_2015": 661.0, "ccd_enroll_2016": 652.0, "ccd_enroll_2017": 635.0, "ccd_enroll_2018": 642.0, "ccd_enroll_2019": 641.0, "ccd_enroll_2020": 646.0, "ccd_enroll_2021": 629.0, "ccd_enroll_2022": 619.0, "ccd_enroll_2023": 609.0, "longitude": -108.769929, "latitude": 45.676939}, "geometry": {"type": "Point", "coordinates": [656861.8207999989, 158849.6801000014]}}, {"type": "Feature", "properties": {"SCHOOL_NAME": "St Ignatius High School", "ncessch": "300611000175", "OPI_SC": "0643", "CITY": "St Ignatius", "COUNTY": "Lake", "DISTRICT_NAME": "ST IGNATIUS K-12 SCHOOLS", "LE_NUMBER": 481, "DIST_TYPE": "Unified", "pct_change_20yr": -27.419354838709676, "pct_change_10yr": 5.46875, "pct_change_5yr": -2.1739130434782608, "ccd_enroll_2003": 186.0, "ccd_enroll_2004": 179.0, "ccd_enroll_2005": 166.0, "ccd_enroll_2006": 151.0, "ccd_enroll_2007": 147.0, "ccd_enroll_2008": 148.0, "ccd_enroll_2009": 155.0, "ccd_enroll_2010": 153.0, "ccd_enroll_2011": 150.0, "ccd_enroll_2012": 126.0, "ccd_enroll_2013": 128.0, "ccd_enroll_2014": 122.0, "ccd_enroll_2015": 139.0, "ccd_enroll_2016": 139.0, "ccd_enroll_2017": 138.0, "ccd_enroll_2018": 138.0, "ccd_enroll_2019": 128.0, "ccd_enroll_2020": 129.0, "ccd_enroll_2021": 136.0, "ccd_enroll_2022": 141.0, "ccd_enroll_2023": 135.0, "longitude": -114.091066, "latitude": 47.318739}, "geometry": {"type": "Point", "coordinates": [253308.3505000025, 351155.0489999987]}}, {"type": "Feature", "properties": {"SCHOOL_NAME": "Stanford High School", "ncessch": "302499000717", "OPI_SC": "0618", "CITY": "Stanford", "COUNTY": "Judith Basin", "DISTRICT_NAME": "STANFORD K-12 SCHOOLS", "LE_NUMBER": 464, "DIST_TYPE": "Unified", "pct_change_20yr": -43.103448275862064, "pct_change_10yr": 50.0, "pct_change_5yr": -5.714285714285714, "ccd_enroll_2003": 58.0, "ccd_enroll_2004": 50.0, "ccd_enroll_2005": 52.0, "ccd_enroll_2006": 53.0, "ccd_enroll_2007": 47.0, "ccd_enroll_2008": 47.0, "ccd_enroll_2009": 43.0, "ccd_enroll_2010": 36.0, "ccd_enroll_2011": 31.0, "ccd_enroll_2012": 24.0, "ccd_enroll_2013": 22.0, "ccd_enroll_2014": 19.0, "ccd_enroll_2015": 22.0, "ccd_enroll_2016": 28.0, "ccd_enroll_2017": 37.0, "ccd_enroll_2018": 35.0, "ccd_enroll_2019": 27.0, "ccd_enroll_2020": 25.0, "ccd_enroll_2021": 25.0, "ccd_enroll_2022": 30.0, "ccd_enroll_2023": 33.0, "longitude": -110.218523, "latitude": 47.14871}, "geometry": {"type": "Point", "coordinates": [545537.503700003, 322349.64939999953]}}, {"type": "Feature", "properties": {"SCHOOL_NAME": "Westby High School", "ncessch": "302773000771", "OPI_SC": "1062", "CITY": "Westby", "COUNTY": "Sheridan", "DISTRICT_NAME": "WESTBY K-12 SCHOOLS", "LE_NUMBER": 819, "DIST_TYPE": "Unified", "pct_change_20yr": 111.11111111111111, "pct_change_10yr": -24.0, "pct_change_5yr": 11.76470588235294, "ccd_enroll_2003": 9.0, "ccd_enroll_2004": 11.0, "ccd_enroll_2005": 14.0, "ccd_enroll_2006": 16.0, "ccd_enroll_2007": 17.0, "ccd_enroll_2008": 13.0, "ccd_enroll_2009": 18.0, "ccd_enroll_2010": 22.0, "ccd_enroll_2011": 25.0, "ccd_enroll_2012": 24.0, "ccd_enroll_2013": 25.0, "ccd_enroll_2014": 24.0, "ccd_enroll_2015": 20.0, "ccd_enroll_2016": 23.0, "ccd_enroll_2017": 19.0, "ccd_enroll_2018": 17.0, "ccd_enroll_2019": 24.0, "ccd_enroll_2020": 19.0, "ccd_enroll_2021": 24.0, "ccd_enroll_2022": 24.0, "ccd_enroll_2023": 19.0, "longitude": -104.050237, "latitude": 48.866972}, "geometry": {"type": "Point", "coordinates": [999475.7336999997, 526977.2892999984]}}, {"type": "Feature", "properties": {"SCHOOL_NAME": "Belgrade High School", "ncessch": "300333000046", "OPI_SC": "0491", "CITY": "Belgrade", "COUNTY": "Gallatin", "DISTRICT_NAME": "BELGRADE HIGH SCHOOL", "LE_NUMBER": 369, "DIST_TYPE": "Secondary", "pct_change_20yr": 33.60215053763441, "pct_change_10yr": 16.39344262295082, "pct_change_5yr": 3.005181347150259, "ccd_enroll_2003": 744.0, "ccd_enroll_2004": 781.0, "ccd_enroll_2005": 802.0, "ccd_enroll_2006": 813.0, "ccd_enroll_2007": 861.0, "ccd_enroll_2008": 828.0, "ccd_enroll_2009": 830.0, "ccd_enroll_2010": 887.0, "ccd_enroll_2011": 834.0, "ccd_enroll_2012": 849.0, "ccd_enroll_2013": 854.0, "ccd_enroll_2014": 857.0, "ccd_enroll_2015": 826.0, "ccd_enroll_2016": 860.0, "ccd_enroll_2017": 900.0, "ccd_enroll_2018": 965.0, "ccd_enroll_2019": 1001.0, "ccd_enroll_2020": 987.0, "ccd_enroll_2021": 1036.0, "ccd_enroll_2022": 994.0, "ccd_enroll_2023": 994.0, "longitude": -111.178171, "latitude": 45.781955}, "geometry": {"type": "Point", "coordinates": [469553.1371999979, 171650.09200000018]}}, {"type": "Feature", "properties": {"SCHOOL_NAME": "Belfry High School", "ncessch": "300327000043", "OPI_SC": "0103", "CITY": "Belfry", "COUNTY": "Carbon", "DISTRICT_NAME": "BELFRY K-12 SCHOOLS", "LE_NUMBER": 76, "DIST_TYPE": "Unified", "pct_change_20yr": -69.56521739130434, "pct_change_10yr": 75.0, "pct_change_5yr": -30.0, "ccd_enroll_2003": 46.0, "ccd_enroll_2004": 38.0, "ccd_enroll_2005": 47.0, "ccd_enroll_2006": 31.0, "ccd_enroll_2007": 34.0, "ccd_enroll_2008": 27.0, "ccd_enroll_2009": 17.0, "ccd_enroll_2010": 14.0, "ccd_enroll_2011": 9.0, "ccd_enroll_2012": 9.0, "ccd_enroll_2013": 8.0, "ccd_enroll_2014": 13.0, "ccd_enroll_2015": 12.0, "ccd_enroll_2016": 18.0, "ccd_enroll_2017": 15.0, "ccd_enroll_2018": 20.0, "ccd_enroll_2019": 18.0, "ccd_enroll_2020": 21.0, "ccd_enroll_2021": 16.0, "ccd_enroll_2022": 17.0, "ccd_enroll_2023": 14.0, "longitude": -109.005315, "latitude": 45.142883}, "geometry": {"type": "Point", "coordinates": [638903.8394000009, 99365.64400000125]}}, {"type": "Feature", "properties": {"SCHOOL_NAME": "Terry High School", "ncessch": "302595000736", "OPI_SC": "0958", "CITY": "Terry", "COUNTY": "Prairie", "DISTRICT_NAME": "TERRY K-12 SCHOOLS", "LE_NUMBER": 726, "DIST_TYPE": "Unified", "pct_change_20yr": -38.46153846153847, "pct_change_10yr": -4.761904761904762, "pct_change_5yr": 8.108108108108109, "ccd_enroll_2003": 65.0, "ccd_enroll_2004": 61.0, "ccd_enroll_2005": 53.0, "ccd_enroll_2006": 40.0, "ccd_enroll_2007": 35.0, "ccd_enroll_2008": 37.0, "ccd_enroll_2009": 42.0, "ccd_enroll_2010": 51.0, "ccd_enroll_2011": 54.0, "ccd_enroll_2012": 47.0, "ccd_enroll_2013": 42.0, "ccd_enroll_2014": 42.0, "ccd_enroll_2015": 45.0, "ccd_enroll_2016": 36.0, "ccd_enroll_2017": 45.0, "ccd_enroll_2018": 37.0, "ccd_enroll_2019": 29.0, "ccd_enroll_2020": 25.0, "ccd_enroll_2021": 29.0, "ccd_enroll_2022": 33.0, "ccd_enroll_2023": 40.0, "longitude": -105.307779, "latitude": 46.7913}, "geometry": {"type": "Point", "coordinates": [919738.2317000031, 290949.2435999997]}}, {"type": "Feature", "properties": {"SCHOOL_NAME": "White Sulphur Springs HS", "ncessch": "302877000803", "OPI_SC": "0759", "CITY": "White Sulphur Springs", "COUNTY": "Meagher", "DISTRICT_NAME": "WHITE SULPHUR SPRINGS K-12", "LE_NUMBER": 570, "DIST_TYPE": "Unified", "pct_change_20yr": -24.358974358974358, "pct_change_10yr": -3.278688524590164, "pct_change_5yr": -15.714285714285714, "ccd_enroll_2003": 78.0, "ccd_enroll_2004": 79.0, "ccd_enroll_2005": 86.0, "ccd_enroll_2006": 83.0, "ccd_enroll_2007": 85.0, "ccd_enroll_2008": 78.0, "ccd_enroll_2009": 76.0, "ccd_enroll_2010": 79.0, "ccd_enroll_2011": 69.0, "ccd_enroll_2012": 61.0, "ccd_enroll_2013": 61.0, "ccd_enroll_2014": 61.0, "ccd_enroll_2015": 60.0, "ccd_enroll_2016": 61.0, "ccd_enroll_2017": 62.0, "ccd_enroll_2018": 70.0, "ccd_enroll_2019": 71.0, "ccd_enroll_2020": 71.0, "ccd_enroll_2021": 67.0, "ccd_enroll_2022": 56.0, "ccd_enroll_2023": 59.0, "longitude": -110.903794, "latitude": 46.544451}, "geometry": {"type": "Point", "coordinates": [492396.56440000236, 255930.09369999915]}}, {"type": "Feature", "properties": {"SCHOOL_NAME": "East Helena High School", "ncessch": "300065501126", "OPI_SC": "1861", "CITY": "East Helena", "COUNTY": "Lewis and Clark", "DISTRICT_NAME": "EAST HELENA K-12", "LE_NUMBER": 1240, "DIST_TYPE": "Unified", "pct_change_20yr": null, "pct_change_10yr": null, "pct_change_5yr": null, "ccd_enroll_2003": null, "ccd_enroll_2004": null, "ccd_enroll_2005": null, "ccd_enroll_2006": null, "ccd_enroll_2007": null, "ccd_enroll_2008": null, "ccd_enroll_2009": null, "ccd_enroll_2010": null, "ccd_enroll_2011": null, "ccd_enroll_2012": null, "ccd_enroll_2013": null, "ccd_enroll_2014": null, "ccd_enroll_2015": null, "ccd_enroll_2016": null, "ccd_enroll_2017": null, "ccd_enroll_2018": null, "ccd_enroll_2019": 123.0, "ccd_enroll_2020": 260.0, "ccd_enroll_2021": 428.0, "ccd_enroll_2022": 580.0, "ccd_enroll_2023": 582.0, "longitude": -111.915944, "latitude": 46.603985}, "geometry": {"type": "Point", "coordinates": [415036.7747000009, 264432.79619999975]}}, {"type": "Feature", "properties": {"SCHOOL_NAME": "Augusta High School", "ncessch": "300245000025", "OPI_SC": "0677", "CITY": "Augusta", "COUNTY": "Lewis and Clark", "DISTRICT_NAME": "AUGUSTA HIGH SCHOOL", "LE_NUMBER": 503, "DIST_TYPE": "Secondary", "pct_change_20yr": -23.684210526315788, "pct_change_10yr": 11.538461538461538, "pct_change_5yr": -3.3333333333333335, "ccd_enroll_2003": 38.0, "ccd_enroll_2004": 37.0, "ccd_enroll_2005": 42.0, "ccd_enroll_2006": 38.0, "ccd_enroll_2007": 37.0, "ccd_enroll_2008": 36.0, "ccd_enroll_2009": 38.0, "ccd_enroll_2010": 40.0, "ccd_enroll_2011": 34.0, "ccd_enroll_2012": 28.0, "ccd_enroll_2013": 26.0, "ccd_enroll_2014": 25.0, "ccd_enroll_2015": 28.0, "ccd_enroll_2016": 26.0, "ccd_enroll_2017": 36.0, "ccd_enroll_2018": 30.0, "ccd_enroll_2019": 20.0, "ccd_enroll_2020": 22.0, "ccd_enroll_2021": 21.0, "ccd_enroll_2022": 24.0, "ccd_enroll_2023": 29.0, "longitude": -112.398103, "latitude": 47.49152}, "geometry": {"type": "Point", "coordinates": [381786.2502000034, 364227.3942999989]}}, {"type": "Feature", "properties": {"SCHOOL_NAME": "Lockwood High School", "ncessch": "300065601125", "OPI_SC": "1862", "CITY": "Lockwood", "COUNTY": "Yellowstone", "DISTRICT_NAME": "LOCKWOOD K-12", "LE_NUMBER": 1241, "DIST_TYPE": "Unified", "pct_change_20yr": null, "pct_change_10yr": null, "pct_change_5yr": null, "ccd_enroll_2003": null, "ccd_enroll_2004": null, "ccd_enroll_2005": null, "ccd_enroll_2006": null, "ccd_enroll_2007": null, "ccd_enroll_2008": null, "ccd_enroll_2009": null, "ccd_enroll_2010": null, "ccd_enroll_2011": null, "ccd_enroll_2012": null, "ccd_enroll_2013": null, "ccd_enroll_2014": null, "ccd_enroll_2015": null, "ccd_enroll_2016": null, "ccd_enroll_2017": null, "ccd_enroll_2018": null, "ccd_enroll_2019": 100.0, "ccd_enroll_2020": 222.0, "ccd_enroll_2021": 399.0, "ccd_enroll_2022": 546.0, "ccd_enroll_2023": 556.0, "longitude": -108.433577, "latitude": 45.795679}, "geometry": {"type": "Point", "coordinates": [682877.758100003, 172341.58069999889]}}, {"type": "Feature", "properties": {"SCHOOL_NAME": "Gallatin High School", "ncessch": "300459001128", "OPI_SC": "1864", "CITY": "Bozeman", "COUNTY": "Gallatin", "DISTRICT_NAME": "BOZEMAN HIGH SCHOOL", "LE_NUMBER": 351, "DIST_TYPE": "Secondary", "pct_change_20yr": null, "pct_change_10yr": null, "pct_change_5yr": null, "ccd_enroll_2003": null, "ccd_enroll_2004": null, "ccd_enroll_2005": null, "ccd_enroll_2006": null, "ccd_enroll_2007": null, "ccd_enroll_2008": null, "ccd_enroll_2009": null, "ccd_enroll_2010": null, "ccd_enroll_2011": null, "ccd_enroll_2012": null, "ccd_enroll_2013": null, "ccd_enroll_2014": null, "ccd_enroll_2015": null, "ccd_enroll_2016": null, "ccd_enroll_2017": null, "ccd_enroll_2018": null, "ccd_enroll_2019": null, "ccd_enroll_2020": 926.0, "ccd_enroll_2021": 1274.0, "ccd_enroll_2022": 1351.0, "ccd_enroll_2023": 1479.0, "longitude": -111.100814, "latitude": 45.691745}, "geometry": {"type": "Point", "coordinates": [475360.51829999685, 161503.5161000006]}}, {"type": "Feature", "properties": {"SCHOOL_NAME": "Power High School", "ncessch": "302154000644", "OPI_SC": "1159", "CITY": "Power", "COUNTY": "Teton", "DISTRICT_NAME": "POWER HIGH SCHOOL", "LE_NUMBER": 895, "DIST_TYPE": "Secondary", "pct_change_20yr": -30.0, "pct_change_10yr": -38.59649122807017, "pct_change_5yr": -5.405405405405405, "ccd_enroll_2003": 50.0, "ccd_enroll_2004": 54.0, "ccd_enroll_2005": 55.0, "ccd_enroll_2006": 62.0, "ccd_enroll_2007": 56.0, "ccd_enroll_2008": 47.0, "ccd_enroll_2009": 59.0, "ccd_enroll_2010": 53.0, "ccd_enroll_2011": 51.0, "ccd_enroll_2012": 54.0, "ccd_enroll_2013": 57.0, "ccd_enroll_2014": 40.0, "ccd_enroll_2015": 32.0, "ccd_enroll_2016": 35.0, "ccd_enroll_2017": 34.0, "ccd_enroll_2018": 37.0, "ccd_enroll_2019": 33.0, "ccd_enroll_2020": 31.0, "ccd_enroll_2021": 38.0, "ccd_enroll_2022": 37.0, "ccd_enroll_2023": 35.0, "longitude": -111.688224, "latitude": 47.716497}, "geometry": {"type": "Point", "coordinates": [435919.0468999967, 387481.70369999856]}}, {"type": "Feature", "properties": {"SCHOOL_NAME": "Nashua High School", "ncessch": "301917000594", "OPI_SC": "1219", "CITY": "Nashua", "COUNTY": "Valley", "DISTRICT_NAME": "NASHUA K-12 SCHOOLS", "LE_NUMBER": 937, "DIST_TYPE": "Unified", "pct_change_20yr": -38.0, "pct_change_10yr": -16.216216216216218, "pct_change_5yr": 3.3333333333333335, "ccd_enroll_2003": 50.0, "ccd_enroll_2004": 50.0, "ccd_enroll_2005": 49.0, "ccd_enroll_2006": 43.0, "ccd_enroll_2007": 44.0, "ccd_enroll_2008": 40.0, "ccd_enroll_2009": 56.0, "ccd_enroll_2010": 37.0, "ccd_enroll_2011": 33.0, "ccd_enroll_2012": 34.0, "ccd_enroll_2013": 37.0, "ccd_enroll_2014": 37.0, "ccd_enroll_2015": 39.0, "ccd_enroll_2016": 28.0, "ccd_enroll_2017": 30.0, "ccd_enroll_2018": 30.0, "ccd_enroll_2019": 31.0, "ccd_enroll_2020": 33.0, "ccd_enroll_2021": 29.0, "ccd_enroll_2022": 34.0, "ccd_enroll_2023": 31.0, "longitude": -106.354162, "latitude": 48.1357}, "geometry": {"type": "Point", "coordinates": [833982.9465999976, 436477.3929999992]}}, {"type": "Feature", "properties": {"SCHOOL_NAME": "Three Forks High School", "ncessch": "302619000741", "OPI_SC": "0483", "CITY": "Three Forks", "COUNTY": "Gallatin", "DISTRICT_NAME": "THREE FORKS HIGH SCHOOL", "LE_NUMBER": 361, "DIST_TYPE": "Secondary", "pct_change_20yr": 46.55172413793103, "pct_change_10yr": 55.487804878048784, "pct_change_5yr": 27.500000000000004, "ccd_enroll_2003": 174.0, "ccd_enroll_2004": 179.0, "ccd_enroll_2005": 189.0, "ccd_enroll_2006": 199.0, "ccd_enroll_2007": 184.0, "ccd_enroll_2008": 211.0, "ccd_enroll_2009": 212.0, "ccd_enroll_2010": 195.0, "ccd_enroll_2011": 204.0, "ccd_enroll_2012": 171.0, "ccd_enroll_2013": 164.0, "ccd_enroll_2014": 168.0, "ccd_enroll_2015": 167.0, "ccd_enroll_2016": 177.0, "ccd_enroll_2017": 195.0, "ccd_enroll_2018": 200.0, "ccd_enroll_2019": 226.0, "ccd_enroll_2020": 226.0, "ccd_enroll_2021": 255.0, "ccd_enroll_2022": 278.0, "ccd_enroll_2023": 255.0, "longitude": -111.548284, "latitude": 45.896298}, "geometry": {"type": "Point", "coordinates": [441121.8025000021, 185034.0373999998]}}, {"type": "Feature", "properties": {"SCHOOL_NAME": "Bridger High School", "ncessch": "300480000118", "OPI_SC": "0086", "CITY": "Bridger", "COUNTY": "Carbon", "DISTRICT_NAME": "BRIDGER K-12 SCHOOLS", "LE_NUMBER": 59, "DIST_TYPE": "Unified", "pct_change_20yr": -15.384615384615385, "pct_change_10yr": -16.666666666666664, "pct_change_5yr": -3.508771929824561, "ccd_enroll_2003": 65.0, "ccd_enroll_2004": 72.0, "ccd_enroll_2005": 64.0, "ccd_enroll_2006": 65.0, "ccd_enroll_2007": 64.0, "ccd_enroll_2008": 59.0, "ccd_enroll_2009": 57.0, "ccd_enroll_2010": 55.0, "ccd_enroll_2011": 62.0, "ccd_enroll_2012": 69.0, "ccd_enroll_2013": 66.0, "ccd_enroll_2014": 61.0, "ccd_enroll_2015": 59.0, "ccd_enroll_2016": 58.0, "ccd_enroll_2017": 60.0, "ccd_enroll_2018": 57.0, "ccd_enroll_2019": 58.0, "ccd_enroll_2020": 52.0, "ccd_enroll_2021": 52.0, "ccd_enroll_2022": 56.0, "ccd_enroll_2023": 55.0, "longitude": -108.919602, "latitude": 45.297295}, "geometry": {"type": "Point", "coordinates": [645517.3443000019, 116569.95659999922]}}, {"type": "Feature", "properties": {"SCHOOL_NAME": "Fairview High School", "ncessch": "301029000284", "OPI_SC": "0987", "CITY": "Fairview", "COUNTY": "Richland", "DISTRICT_NAME": "FAIRVIEW HIGH SCHOOL", "LE_NUMBER": 751, "DIST_TYPE": "Secondary", "pct_change_20yr": -0.9523809523809524, "pct_change_10yr": 8.333333333333332, "pct_change_5yr": -11.11111111111111, "ccd_enroll_2003": 105.0, "ccd_enroll_2004": 101.0, "ccd_enroll_2005": 99.0, "ccd_enroll_2006": 123.0, "ccd_enroll_2007": 109.0, "ccd_enroll_2008": 101.0, "ccd_enroll_2009": 107.0, "ccd_enroll_2010": 104.0, "ccd_enroll_2011": 103.0, "ccd_enroll_2012": 96.0, "ccd_enroll_2013": 96.0, "ccd_enroll_2014": 101.0, "ccd_enroll_2015": 107.0, "ccd_enroll_2016": 114.0, "ccd_enroll_2017": 119.0, "ccd_enroll_2018": 117.0, "ccd_enroll_2019": 124.0, "ccd_enroll_2020": 117.0, "ccd_enroll_2021": 120.0, "ccd_enroll_2022": 116.0, "ccd_enroll_2023": 104.0, "longitude": -104.049037, "latitude": 47.849879}, "geometry": {"type": "Point", "coordinates": [1007425.5190000013, 414194.95059999824]}}, {"type": "Feature", "properties": {"SCHOOL_NAME": "Colstrip High School", "ncessch": "300708000194", "OPI_SC": "1040", "CITY": "Colstrip", "COUNTY": "Rosebud", "DISTRICT_NAME": "COLSTRIP HIGH SCHOOL", "LE_NUMBER": 797, "DIST_TYPE": "Secondary", "pct_change_20yr": -41.85185185185185, "pct_change_10yr": -20.707070707070706, "pct_change_5yr": -3.6809815950920246, "ccd_enroll_2003": 270.0, "ccd_enroll_2004": 246.0, "ccd_enroll_2005": 252.0, "ccd_enroll_2006": 231.0, "ccd_enroll_2007": 243.0, "ccd_enroll_2008": 241.0, "ccd_enroll_2009": 212.0, "ccd_enroll_2010": 215.0, "ccd_enroll_2011": 201.0, "ccd_enroll_2012": 211.0, "ccd_enroll_2013": 198.0, "ccd_enroll_2014": 202.0, "ccd_enroll_2015": 204.0, "ccd_enroll_2016": 192.0, "ccd_enroll_2017": 183.0, "ccd_enroll_2018": 163.0, "ccd_enroll_2019": 166.0, "ccd_enroll_2020": 152.0, "ccd_enroll_2021": 147.0, "ccd_enroll_2022": 151.0, "ccd_enroll_2023": 157.0, "longitude": -106.634258, "latitude": 45.914522}, "geometry": {"type": "Point", "coordinates": [822187.1947000027, 189046.37310000136]}}, {"type": "Feature", "properties": {"SCHOOL_NAME": "Wibaux High School", "ncessch": "302802000783", "OPI_SC": "1239", "CITY": "Wibaux", "COUNTY": "Wibaux", "DISTRICT_NAME": "WIBAUX K-12 SCHOOLS", "LE_NUMBER": 964, "DIST_TYPE": "Unified", "pct_change_20yr": -40.32258064516129, "pct_change_10yr": -35.08771929824561, "pct_change_5yr": 0.0, "ccd_enroll_2003": 62.0, "ccd_enroll_2004": 58.0, "ccd_enroll_2005": 56.0, "ccd_enroll_2006": 54.0, "ccd_enroll_2007": 53.0, "ccd_enroll_2008": 47.0, "ccd_enroll_2009": 45.0, "ccd_enroll_2010": 44.0, "ccd_enroll_2011": 49.0, "ccd_enroll_2012": 51.0, "ccd_enroll_2013": 57.0, "ccd_enroll_2014": 61.0, "ccd_enroll_2015": 48.0, "ccd_enroll_2016": 53.0, "ccd_enroll_2017": 40.0, "ccd_enroll_2018": 37.0, "ccd_enroll_2019": 38.0, "ccd_enroll_2020": 43.0, "ccd_enroll_2021": 38.0, "ccd_enroll_2022": 32.0, "ccd_enroll_2023": 37.0, "longitude": -104.19599, "latitude": 46.990463}, "geometry": {"type": "Point", "coordinates": [1002920.3994999975, 318165.35909999907]}}, {"type": "Feature", "properties": {"SCHOOL_NAME": "Billings West High School", "ncessch": "300390000091", "OPI_SC": "1251", "CITY": "Billings", "COUNTY": "Yellowstone", "DISTRICT_NAME": "BILLINGS HIGH SCHOOL", "LE_NUMBER": 966, "DIST_TYPE": "Secondary", "pct_change_20yr": 4.491725768321513, "pct_change_10yr": 17.36590546999469, "pct_change_5yr": 17.5531914893617, "ccd_enroll_2003": 2115.0, "ccd_enroll_2004": 2133.0, "ccd_enroll_2005": 2143.0, "ccd_enroll_2006": 2078.0, "ccd_enroll_2007": 2016.0, "ccd_enroll_2008": 1996.0, "ccd_enroll_2009": 1956.0, "ccd_enroll_2010": 1906.0, "ccd_enroll_2011": 1958.0, "ccd_enroll_2012": 1973.0, "ccd_enroll_2013": 1883.0, "ccd_enroll_2014": 1864.0, "ccd_enroll_2015": 1843.0, "ccd_enroll_2016": 1813.0, "ccd_enroll_2017": 1815.0, "ccd_enroll_2018": 1880.0, "ccd_enroll_2019": 1973.0, "ccd_enroll_2020": 2098.0, "ccd_enroll_2021": 2180.0, "ccd_enroll_2022": 2269.0, "ccd_enroll_2023": 2210.0, "longitude": -108.571901, "latitude": 45.771833}, "geometry": {"type": "Point", "coordinates": [672159.7537999973, 169555.56080000103]}}, {"type": "Feature", "properties": {"SCHOOL_NAME": "Havre High School", "ncessch": "301359000411", "OPI_SC": "1450", "CITY": "Havre", "COUNTY": "Hill", "DISTRICT_NAME": "HAVRE HIGH SCHOOL", "LE_NUMBER": 428, "DIST_TYPE": "Secondary", "pct_change_20yr": -24.707602339181285, "pct_change_10yr": -7.706093189964158, "pct_change_5yr": 1.3779527559055118, "ccd_enroll_2003": 684.0, "ccd_enroll_2004": 672.0, "ccd_enroll_2005": 705.0, "ccd_enroll_2006": 672.0, "ccd_enroll_2007": 609.0, "ccd_enroll_2008": 605.0, "ccd_enroll_2009": 569.0, "ccd_enroll_2010": 561.0, "ccd_enroll_2011": 570.0, "ccd_enroll_2012": 555.0, "ccd_enroll_2013": 558.0, "ccd_enroll_2014": 538.0, "ccd_enroll_2015": 583.0, "ccd_enroll_2016": 550.0, "ccd_enroll_2017": 539.0, "ccd_enroll_2018": 508.0, "ccd_enroll_2019": 504.0, "ccd_enroll_2020": 534.0, "ccd_enroll_2021": 520.0, "ccd_enroll_2022": 531.0, "ccd_enroll_2023": 515.0, "longitude": -109.671729, "latitude": 48.534656}, "geometry": {"type": "Point", "coordinates": [587320.8704999983, 476139.6020000018]}}, {"type": "Feature", "properties": {"SCHOOL_NAME": "Big Sky High School", "ncessch": "301854000824", "OPI_SC": "1592", "CITY": "Missoula", "COUNTY": "Missoula", "DISTRICT_NAME": "MISSOULA HIGH SCHOOL", "LE_NUMBER": 584, "DIST_TYPE": "Secondary", "pct_change_20yr": -10.698689956331878, "pct_change_10yr": 15.754716981132075, "pct_change_5yr": 9.946236559139784, "ccd_enroll_2003": 1374.0, "ccd_enroll_2004": 1438.0, "ccd_enroll_2005": 1349.0, "ccd_enroll_2006": 1292.0, "ccd_enroll_2007": 1226.0, "ccd_enroll_2008": 1093.0, "ccd_enroll_2009": 1061.0, "ccd_enroll_2010": 1038.0, "ccd_enroll_2011": 1043.0, "ccd_enroll_2012": 1010.0, "ccd_enroll_2013": 1060.0, "ccd_enroll_2014": 1060.0, "ccd_enroll_2015": 1075.0, "ccd_enroll_2016": 1138.0, "ccd_enroll_2017": 1112.0, "ccd_enroll_2018": 1116.0, "ccd_enroll_2019": 1100.0, "ccd_enroll_2020": 1137.0, "ccd_enroll_2021": 1157.0, "ccd_enroll_2022": 1186.0, "ccd_enroll_2023": 1227.0, "longitude": -114.05669, "latitude": 46.849789}, "geometry": {"type": "Point", "coordinates": [252871.8716999963, 298988.7991999984]}}, {"type": "Feature", "properties": {"SCHOOL_NAME": "Belt High School", "ncessch": "300345000048", "OPI_SC": "0169", "CITY": "Belt", "COUNTY": "Cascade", "DISTRICT_NAME": "BELT HIGH SCHOOL", "LE_NUMBER": 113, "DIST_TYPE": "Secondary", "pct_change_20yr": -7.547169811320755, "pct_change_10yr": 6.521739130434782, "pct_change_5yr": 27.27272727272727, "ccd_enroll_2003": 106.0, "ccd_enroll_2004": 99.0, "ccd_enroll_2005": 110.0, "ccd_enroll_2006": 108.0, "ccd_enroll_2007": 117.0, "ccd_enroll_2008": 112.0, "ccd_enroll_2009": 101.0, "ccd_enroll_2010": 98.0, "ccd_enroll_2011": 85.0, "ccd_enroll_2012": 94.0, "ccd_enroll_2013": 92.0, "ccd_enroll_2014": 83.0, "ccd_enroll_2015": 83.0, "ccd_enroll_2016": 86.0, "ccd_enroll_2017": 75.0, "ccd_enroll_2018": 77.0, "ccd_enroll_2019": 81.0, "ccd_enroll_2020": 81.0, "ccd_enroll_2021": 83.0, "ccd_enroll_2022": 91.0, "ccd_enroll_2023": 98.0, "longitude": -110.928019, "latitude": 47.389489}, "geometry": {"type": "Point", "coordinates": [492251.47389999777, 349834.99340000004]}}, {"type": "Feature", "properties": {"SCHOOL_NAME": "Libby High School", "ncessch": "301653000518", "OPI_SC": "0705", "CITY": "Libby", "COUNTY": "Lincoln", "DISTRICT_NAME": "LIBBY K-12 SCHOOLS", "LE_NUMBER": 522, "DIST_TYPE": "Unified", "pct_change_20yr": -40.94076655052265, "pct_change_10yr": -2.586206896551724, "pct_change_5yr": 5.279503105590062, "ccd_enroll_2003": 574.0, "ccd_enroll_2004": 568.0, "ccd_enroll_2005": 532.0, "ccd_enroll_2006": 565.0, "ccd_enroll_2007": 517.0, "ccd_enroll_2008": 503.0, "ccd_enroll_2009": 467.0, "ccd_enroll_2010": 426.0, "ccd_enroll_2011": 398.0, "ccd_enroll_2012": 335.0, "ccd_enroll_2013": 348.0, "ccd_enroll_2014": 354.0, "ccd_enroll_2015": 358.0, "ccd_enroll_2016": 367.0, "ccd_enroll_2017": 359.0, "ccd_enroll_2018": 322.0, "ccd_enroll_2019": 333.0, "ccd_enroll_2020": 347.0, "ccd_enroll_2021": 340.0, "ccd_enroll_2022": 356.0, "ccd_enroll_2023": 339.0, "longitude": -115.571281, "latitude": 48.394275}, "geometry": {"type": "Point", "coordinates": [150983.14289999753, 477930.9419]}}, {"type": "Feature", "properties": {"SCHOOL_NAME": "Glacier High School", "ncessch": "301542000358", "OPI_SC": "1835", "CITY": "Kalispell", "COUNTY": "Flathead", "DISTRICT_NAME": "FLATHEAD HIGH SCHOOL", "LE_NUMBER": 311, "DIST_TYPE": "Secondary", "pct_change_20yr": null, "pct_change_10yr": 16.666666666666664, "pct_change_5yr": 10.141685309470544, "ccd_enroll_2003": null, "ccd_enroll_2004": null, "ccd_enroll_2005": null, "ccd_enroll_2006": null, "ccd_enroll_2007": 907.0, "ccd_enroll_2008": 1191.0, "ccd_enroll_2009": 1252.0, "ccd_enroll_2010": 1264.0, "ccd_enroll_2011": 1268.0, "ccd_enroll_2012": 1273.0, "ccd_enroll_2013": 1266.0, "ccd_enroll_2014": 1294.0, "ccd_enroll_2015": 1343.0, "ccd_enroll_2016": 1345.0, "ccd_enroll_2017": 1367.0, "ccd_enroll_2018": 1341.0, "ccd_enroll_2019": 1328.0, "ccd_enroll_2020": 1345.0, "ccd_enroll_2021": 1430.0, "ccd_enroll_2022": 1475.0, "ccd_enroll_2023": 1477.0, "longitude": -114.344624, "latitude": 48.238597}, "geometry": {"type": "Point", "coordinates": [240503.54980000108, 454336.3847000003]}}, {"type": "Feature", "properties": {"SCHOOL_NAME": "Anaconda Sr High School", "ncessch": "300203000015", "OPI_SC": "0326", "CITY": "Anaconda", "COUNTY": "Deer Lodge", "DISTRICT_NAME": "ANACONDA HIGH SCHOOL", "LE_NUMBER": 237, "DIST_TYPE": "Secondary", "pct_change_20yr": -40.87301587301587, "pct_change_10yr": -5.095541401273886, "pct_change_5yr": -4.180064308681672, "ccd_enroll_2003": 504.0, "ccd_enroll_2004": 479.0, "ccd_enroll_2005": 479.0, "ccd_enroll_2006": 457.0, "ccd_enroll_2007": 421.0, "ccd_enroll_2008": 385.0, "ccd_enroll_2009": 361.0, "ccd_enroll_2010": 354.0, "ccd_enroll_2011": 355.0, "ccd_enroll_2012": 339.0, "ccd_enroll_2013": 314.0, "ccd_enroll_2014": 321.0, "ccd_enroll_2015": 330.0, "ccd_enroll_2016": 327.0, "ccd_enroll_2017": 321.0, "ccd_enroll_2018": 311.0, "ccd_enroll_2019": 313.0, "ccd_enroll_2020": 309.0, "ccd_enroll_2021": 293.0, "ccd_enroll_2022": 281.0, "ccd_enroll_2023": 298.0, "longitude": -112.953729, "latitude": 46.125778}, "geometry": {"type": "Point", "coordinates": [333286.5297999978, 214333.25499999896]}}, {"type": "Feature", "properties": {"SCHOOL_NAME": "Columbus High School", "ncessch": "300720000205", "OPI_SC": "1112", "CITY": "Columbus", "COUNTY": "Stillwater", "DISTRICT_NAME": "COLUMBUS HIGH SCHOOL", "LE_NUMBER": 849, "DIST_TYPE": "Secondary", "pct_change_20yr": 21.82741116751269, "pct_change_10yr": 15.384615384615385, "pct_change_5yr": 4.3478260869565215, "ccd_enroll_2003": 197.0, "ccd_enroll_2004": 195.0, "ccd_enroll_2005": 220.0, "ccd_enroll_2006": 233.0, "ccd_enroll_2007": 229.0, "ccd_enroll_2008": 221.0, "ccd_enroll_2009": 219.0, "ccd_enroll_2010": 202.0, "ccd_enroll_2011": 216.0, "ccd_enroll_2012": 217.0, "ccd_enroll_2013": 208.0, "ccd_enroll_2014": 194.0, "ccd_enroll_2015": 208.0, "ccd_enroll_2016": 198.0, "ccd_enroll_2017": 218.0, "ccd_enroll_2018": 230.0, "ccd_enroll_2019": 213.0, "ccd_enroll_2020": 214.0, "ccd_enroll_2021": 234.0, "ccd_enroll_2022": 244.0, "ccd_enroll_2023": 240.0, "longitude": -109.255376, "latitude": 45.643052}, "geometry": {"type": "Point", "coordinates": [619064.6335999966, 154849.35929999873]}}, {"type": "Feature", "properties": {"SCHOOL_NAME": "Noxon High School", "ncessch": "301950000600", "OPI_SC": "1055", "CITY": "Noxon", "COUNTY": "Sanders", "DISTRICT_NAME": "NOXON HIGH SCHOOL", "LE_NUMBER": 812, "DIST_TYPE": "Secondary", "pct_change_20yr": -42.97520661157025, "pct_change_10yr": -16.867469879518072, "pct_change_5yr": -2.8169014084507045, "ccd_enroll_2003": 121.0, "ccd_enroll_2004": 105.0, "ccd_enroll_2005": 106.0, "ccd_enroll_2006": 87.0, "ccd_enroll_2007": 65.0, "ccd_enroll_2008": 83.0, "ccd_enroll_2009": 81.0, "ccd_enroll_2010": 77.0, "ccd_enroll_2011": 67.0, "ccd_enroll_2012": 72.0, "ccd_enroll_2013": 83.0, "ccd_enroll_2014": 78.0, "ccd_enroll_2015": 74.0, "ccd_enroll_2016": 72.0, "ccd_enroll_2017": 65.0, "ccd_enroll_2018": 71.0, "ccd_enroll_2019": 67.0, "ccd_enroll_2020": 55.0, "ccd_enroll_2021": 68.0, "ccd_enroll_2022": 67.0, "ccd_enroll_2023": 69.0, "longitude": -115.77664, "latitude": 47.993296}, "geometry": {"type": "Point", "coordinates": [132259.56920000166, 434702.0595000014]}}, {"type": "Feature", "properties": {"SCHOOL_NAME": "Lincoln Co High School", "ncessch": "301677000521", "OPI_SC": "0711", "CITY": "Eureka", "COUNTY": "Lincoln", "DISTRICT_NAME": "LINCOLN COUNTY HIGH SCHOOL", "LE_NUMBER": 528, "DIST_TYPE": "Secondary", "pct_change_20yr": -22.391857506361323, "pct_change_10yr": 6.2717770034843205, "pct_change_5yr": 15.530303030303031, "ccd_enroll_2003": 393.0, "ccd_enroll_2004": 390.0, "ccd_enroll_2005": 374.0, "ccd_enroll_2006": 343.0, "ccd_enroll_2007": 314.0, "ccd_enroll_2008": 351.0, "ccd_enroll_2009": 340.0, "ccd_enroll_2010": 313.0, "ccd_enroll_2011": 319.0, "ccd_enroll_2012": 306.0, "ccd_enroll_2013": 287.0, "ccd_enroll_2014": 280.0, "ccd_enroll_2015": 275.0, "ccd_enroll_2016": 285.0, "ccd_enroll_2017": 291.0, "ccd_enroll_2018": 264.0, "ccd_enroll_2019": 275.0, "ccd_enroll_2020": 285.0, "ccd_enroll_2021": 293.0, "ccd_enroll_2022": 306.0, "ccd_enroll_2023": 305.0, "longitude": -115.051772, "latitude": 48.886512}, "geometry": {"type": "Point", "coordinates": [193213.18789999932, 529669.738499999]}}, {"type": "Feature", "properties": {"SCHOOL_NAME": "Plenty Coups High School", "ncessch": "301336000398", "OPI_SC": "1553", "CITY": "Pryor", "COUNTY": "Big Horn", "DISTRICT_NAME": "PLENTY COUPS HIGH SCHOOL", "LE_NUMBER": 1214, "DIST_TYPE": "Secondary", "pct_change_20yr": -20.3125, "pct_change_10yr": 0.0, "pct_change_5yr": -15.0, "ccd_enroll_2003": 64.0, "ccd_enroll_2004": 79.0, "ccd_enroll_2005": 65.0, "ccd_enroll_2006": 77.0, "ccd_enroll_2007": 65.0, "ccd_enroll_2008": 55.0, "ccd_enroll_2009": 38.0, "ccd_enroll_2010": 46.0, "ccd_enroll_2011": 41.0, "ccd_enroll_2012": 49.0, "ccd_enroll_2013": 51.0, "ccd_enroll_2014": 43.0, "ccd_enroll_2015": 42.0, "ccd_enroll_2016": 45.0, "ccd_enroll_2017": 61.0, "ccd_enroll_2018": 60.0, "ccd_enroll_2019": 57.0, "ccd_enroll_2020": 70.0, "ccd_enroll_2021": 75.0, "ccd_enroll_2022": 58.0, "ccd_enroll_2023": 51.0, "longitude": -108.53604, "latitude": 45.4259}, "geometry": {"type": "Point", "coordinates": [675420.8478000015, 131155.66259999946]}}, {"type": "Feature", "properties": {"SCHOOL_NAME": "Box Elder High School", "ncessch": "300450000104", "OPI_SC": "0571", "CITY": "Box Elder", "COUNTY": "Hill", "DISTRICT_NAME": "BOX ELDER HIGH SCHOOL", "LE_NUMBER": 426, "DIST_TYPE": "Secondary", "pct_change_20yr": -0.9900990099009901, "pct_change_10yr": -0.9900990099009901, "pct_change_5yr": -4.761904761904762, "ccd_enroll_2003": 101.0, "ccd_enroll_2004": 87.0, "ccd_enroll_2005": 108.0, "ccd_enroll_2006": 85.0, "ccd_enroll_2007": 95.0, "ccd_enroll_2008": 88.0, "ccd_enroll_2009": 87.0, "ccd_enroll_2010": 79.0, "ccd_enroll_2011": 98.0, "ccd_enroll_2012": 85.0, "ccd_enroll_2013": 101.0, "ccd_enroll_2014": 107.0, "ccd_enroll_2015": 113.0, "ccd_enroll_2016": 129.0, "ccd_enroll_2017": 101.0, "ccd_enroll_2018": 105.0, "ccd_enroll_2019": 97.0, "ccd_enroll_2020": 105.0, "ccd_enroll_2021": 113.0, "ccd_enroll_2022": 108.0, "ccd_enroll_2023": 100.0, "longitude": -110.009474, "latitude": 48.316626}, "geometry": {"type": "Point", "coordinates": [562226.9015000015, 452011.2122000009]}}, {"type": "Feature", "properties": {"SCHOOL_NAME": "Granite High School", "ncessch": "301284000349", "OPI_SC": "0565", "CITY": "Philipsburg", "COUNTY": "Granite", "DISTRICT_NAME": "PHILIPSBURG K-12 SCHOOL", "LE_NUMBER": 416, "DIST_TYPE": "Unified", "pct_change_20yr": -23.61111111111111, "pct_change_10yr": -12.698412698412698, "pct_change_5yr": -6.779661016949152, "ccd_enroll_2003": 72.0, "ccd_enroll_2004": 70.0, "ccd_enroll_2005": 71.0, "ccd_enroll_2006": 65.0, "ccd_enroll_2007": 63.0, "ccd_enroll_2008": 55.0, "ccd_enroll_2009": 45.0, "ccd_enroll_2010": 55.0, "ccd_enroll_2011": 63.0, "ccd_enroll_2012": 70.0, "ccd_enroll_2013": 63.0, "ccd_enroll_2014": 61.0, "ccd_enroll_2015": 58.0, "ccd_enroll_2016": 47.0, "ccd_enroll_2017": 44.0, "ccd_enroll_2018": 59.0, "ccd_enroll_2019": 60.0, "ccd_enroll_2020": 54.0, "ccd_enroll_2021": 68.0, "ccd_enroll_2022": 62.0, "ccd_enroll_2023": 55.0, "longitude": -113.296372, "latitude": 46.328744}, "geometry": {"type": "Point", "coordinates": [307938.22850000113, 238080.53539999947]}}, {"type": "Feature", "properties": {"SCHOOL_NAME": "Dawson High School", "ncessch": "300834000240", "OPI_SC": "0284", "CITY": "Glendive", "COUNTY": "Dawson", "DISTRICT_NAME": "DAWSON HIGH SCHOOL", "LE_NUMBER": 207, "DIST_TYPE": "Secondary", "pct_change_20yr": -22.758620689655174, "pct_change_10yr": 2.7522935779816518, "pct_change_5yr": -4.273504273504273, "ccd_enroll_2003": 435.0, "ccd_enroll_2004": 438.0, "ccd_enroll_2005": 427.0, "ccd_enroll_2006": 412.0, "ccd_enroll_2007": 420.0, "ccd_enroll_2008": 378.0, "ccd_enroll_2009": 361.0, "ccd_enroll_2010": 335.0, "ccd_enroll_2011": 311.0, "ccd_enroll_2012": 319.0, "ccd_enroll_2013": 327.0, "ccd_enroll_2014": 363.0, "ccd_enroll_2015": 389.0, "ccd_enroll_2016": 375.0, "ccd_enroll_2017": 361.0, "ccd_enroll_2018": 351.0, "ccd_enroll_2019": 333.0, "ccd_enroll_2020": 334.0, "ccd_enroll_2021": 341.0, "ccd_enroll_2022": 343.0, "ccd_enroll_2023": 336.0, "longitude": -104.706876, "latitude": 47.112444}, "geometry": {"type": "Point", "coordinates": [963333.0834999979, 329190.934799999]}}, {"type": "Feature", "properties": {"SCHOOL_NAME": "Centerville High School", "ncessch": "302514000722", "OPI_SC": "0161", "CITY": "Stockett", "COUNTY": "Cascade", "DISTRICT_NAME": "CENTERVILLE HIGH SCHOOL", "LE_NUMBER": 105, "DIST_TYPE": "Secondary", "pct_change_20yr": -17.391304347826086, "pct_change_10yr": -7.317073170731707, "pct_change_5yr": 22.58064516129032, "ccd_enroll_2003": 92.0, "ccd_enroll_2004": 94.0, "ccd_enroll_2005": 91.0, "ccd_enroll_2006": 89.0, "ccd_enroll_2007": 86.0, "ccd_enroll_2008": 84.0, "ccd_enroll_2009": 88.0, "ccd_enroll_2010": 91.0, "ccd_enroll_2011": 81.0, "ccd_enroll_2012": 78.0, "ccd_enroll_2013": 82.0, "ccd_enroll_2014": 71.0, "ccd_enroll_2015": 68.0, "ccd_enroll_2016": 74.0, "ccd_enroll_2017": 58.0, "ccd_enroll_2018": 62.0, "ccd_enroll_2019": 66.0, "ccd_enroll_2020": 53.0, "ccd_enroll_2021": 63.0, "ccd_enroll_2022": 69.0, "ccd_enroll_2023": 76.0, "longitude": -111.141355, "latitude": 47.388726}, "geometry": {"type": "Point", "coordinates": [476155.07329999655, 350065.5689999983]}}, {"type": "Feature", "properties": {"SCHOOL_NAME": "Highwood High School", "ncessch": "301407000437", "OPI_SC": "0205", "CITY": "Highwood", "COUNTY": "Chouteau", "DISTRICT_NAME": "HIGHWOOD K-12", "LE_NUMBER": 146, "DIST_TYPE": "Unified", "pct_change_20yr": -20.0, "pct_change_10yr": 23.076923076923077, "pct_change_5yr": 60.0, "ccd_enroll_2003": 40.0, "ccd_enroll_2004": 43.0, "ccd_enroll_2005": 45.0, "ccd_enroll_2006": 43.0, "ccd_enroll_2007": 43.0, "ccd_enroll_2008": 33.0, "ccd_enroll_2009": 32.0, "ccd_enroll_2010": 29.0, "ccd_enroll_2011": 27.0, "ccd_enroll_2012": 31.0, "ccd_enroll_2013": 26.0, "ccd_enroll_2014": 29.0, "ccd_enroll_2015": 18.0, "ccd_enroll_2016": 21.0, "ccd_enroll_2017": 19.0, "ccd_enroll_2018": 20.0, "ccd_enroll_2019": 28.0, "ccd_enroll_2020": 29.0, "ccd_enroll_2021": 35.0, "ccd_enroll_2022": 39.0, "ccd_enroll_2023": 32.0, "longitude": -110.796913, "latitude": 47.584175}, "geometry": {"type": "Point", "coordinates": [502501.0727000013, 371292.78660000116]}}, {"type": "Feature", "properties": {"SCHOOL_NAME": "Winifred High School", "ncessch": "302838000790", "OPI_SC": "0392", "CITY": "Winifred", "COUNTY": "Fergus", "DISTRICT_NAME": "WINIFRED K-12 SCHOOLS", "LE_NUMBER": 291, "DIST_TYPE": "Unified", "pct_change_20yr": 4.651162790697675, "pct_change_10yr": 45.16129032258064, "pct_change_5yr": 18.421052631578945, "ccd_enroll_2003": 43.0, "ccd_enroll_2004": 54.0, "ccd_enroll_2005": 42.0, "ccd_enroll_2006": 44.0, "ccd_enroll_2007": 41.0, "ccd_enroll_2008": 30.0, "ccd_enroll_2009": 27.0, "ccd_enroll_2010": 21.0, "ccd_enroll_2011": 22.0, "ccd_enroll_2012": 29.0, "ccd_enroll_2013": 31.0, "ccd_enroll_2014": 27.0, "ccd_enroll_2015": 34.0, "ccd_enroll_2016": 34.0, "ccd_enroll_2017": 37.0, "ccd_enroll_2018": 38.0, "ccd_enroll_2019": 36.0, "ccd_enroll_2020": 35.0, "ccd_enroll_2021": 42.0, "ccd_enroll_2022": 44.0, "ccd_enroll_2023": 45.0, "longitude": -109.381396, "latitude": 47.55876}, "geometry": {"type": "Point", "coordinates": [608921.0587000027, 367668.26139999926]}}, {"type": "Feature", "properties": {"SCHOOL_NAME": "Arlee High School", "ncessch": "300225000020", "OPI_SC": "0629", "CITY": "Arlee", "COUNTY": "Lake", "DISTRICT_NAME": "ARLEE HIGH SCHOOL", "LE_NUMBER": 475, "DIST_TYPE": "Secondary", "pct_change_20yr": 3.7037037037037033, "pct_change_10yr": 23.893805309734514, "pct_change_5yr": 12.903225806451612, "ccd_enroll_2003": 135.0, "ccd_enroll_2004": 137.0, "ccd_enroll_2005": 128.0, "ccd_enroll_2006": 115.0, "ccd_enroll_2007": 127.0, "ccd_enroll_2008": 130.0, "ccd_enroll_2009": 126.0, "ccd_enroll_2010": 130.0, "ccd_enroll_2011": 132.0, "ccd_enroll_2012": 129.0, "ccd_enroll_2013": 113.0, "ccd_enroll_2014": 110.0, "ccd_enroll_2015": 120.0, "ccd_enroll_2016": 132.0, "ccd_enroll_2017": 122.0, "ccd_enroll_2018": 124.0, "ccd_enroll_2019": 110.0, "ccd_enroll_2020": 115.0, "ccd_enroll_2021": 140.0, "ccd_enroll_2022": 145.0, "ccd_enroll_2023": 140.0, "longitude": -114.082573, "latitude": 47.164511}, "geometry": {"type": "Point", "coordinates": [252946.9755000025, 334010.67599999905]}}, {"type": "Feature", "properties": {"SCHOOL_NAME": "Hardin High School", "ncessch": "301334000397", "OPI_SC": "0037", "CITY": "Hardin", "COUNTY": "Big Horn", "DISTRICT_NAME": "HARDIN HIGH SCHOOL", "LE_NUMBER": 1189, "DIST_TYPE": "Secondary", "pct_change_20yr": 11.34020618556701, "pct_change_10yr": 26.46370023419204, "pct_change_5yr": -1.098901098901099, "ccd_enroll_2003": 485.0, "ccd_enroll_2004": 521.0, "ccd_enroll_2005": 485.0, "ccd_enroll_2006": 506.0, "ccd_enroll_2007": 481.0, "ccd_enroll_2008": 479.0, "ccd_enroll_2009": 464.0, "ccd_enroll_2010": 453.0, "ccd_enroll_2011": 452.0, "ccd_enroll_2012": 448.0, "ccd_enroll_2013": 427.0, "ccd_enroll_2014": 443.0, "ccd_enroll_2015": 462.0, "ccd_enroll_2016": 486.0, "ccd_enroll_2017": 508.0, "ccd_enroll_2018": 546.0, "ccd_enroll_2019": 509.0, "ccd_enroll_2020": 512.0, "ccd_enroll_2021": 529.0, "ccd_enroll_2022": 512.0, "ccd_enroll_2023": 540.0, "longitude": -107.615355, "latitude": 45.735528}, "geometry": {"type": "Point", "coordinates": [746617.6055999994, 166858.3823999986]}}, {"type": "Feature", "properties": {"SCHOOL_NAME": "Broadview High School", "ncessch": "300492000122", "OPI_SC": "1293", "CITY": "Broadview", "COUNTY": "Yellowstone", "DISTRICT_NAME": "BROADVIEW K-12", "LE_NUMBER": 979, "DIST_TYPE": "Unified", "pct_change_20yr": 21.27659574468085, "pct_change_10yr": 7.547169811320755, "pct_change_5yr": 42.5, "ccd_enroll_2003": 47.0, "ccd_enroll_2004": 44.0, "ccd_enroll_2005": 54.0, "ccd_enroll_2006": 59.0, "ccd_enroll_2007": 56.0, "ccd_enroll_2008": 59.0, "ccd_enroll_2009": 56.0, "ccd_enroll_2010": 59.0, "ccd_enroll_2011": 46.0, "ccd_enroll_2012": 50.0, "ccd_enroll_2013": 53.0, "ccd_enroll_2014": 40.0, "ccd_enroll_2015": 46.0, "ccd_enroll_2016": 45.0, "ccd_enroll_2017": 42.0, "ccd_enroll_2018": 40.0, "ccd_enroll_2019": 41.0, "ccd_enroll_2020": 38.0, "ccd_enroll_2021": 43.0, "ccd_enroll_2022": 56.0, "ccd_enroll_2023": 57.0, "longitude": -108.877712, "latitude": 46.102675}, "geometry": {"type": "Point", "coordinates": [648091.4943000004, 206076.24639999866]}}, {"type": "Feature", "properties": {"SCHOOL_NAME": "Willow Creek High School", "ncessch": "302817000786", "OPI_SC": "0477", "CITY": "Willow Creek", "COUNTY": "Gallatin", "DISTRICT_NAME": "WILLOW CREEK HIGH SCHOOL", "LE_NUMBER": 355, "DIST_TYPE": "Secondary", "pct_change_20yr": -65.0, "pct_change_10yr": -53.333333333333336, "pct_change_5yr": -22.22222222222222, "ccd_enroll_2003": 20.0, "ccd_enroll_2004": 28.0, "ccd_enroll_2005": 26.0, "ccd_enroll_2006": 23.0, "ccd_enroll_2007": 18.0, "ccd_enroll_2008": 15.0, "ccd_enroll_2009": 14.0, "ccd_enroll_2010": 14.0, "ccd_enroll_2011": 16.0, "ccd_enroll_2012": 17.0, "ccd_enroll_2013": 15.0, "ccd_enroll_2014": 9.0, "ccd_enroll_2015": 10.0, "ccd_enroll_2016": 4.0, "ccd_enroll_2017": 8.0, "ccd_enroll_2018": 9.0, "ccd_enroll_2019": 11.0, "ccd_enroll_2020": 8.0, "ccd_enroll_2021": 11.0, "ccd_enroll_2022": 9.0, "ccd_enroll_2023": 7.0, "longitude": -111.645484, "latitude": 45.824416}, "geometry": {"type": "Point", "coordinates": [433365.4226000011, 177252.563000001]}}, {"type": "Feature", "properties": {"SCHOOL_NAME": "Park City High School", "ncessch": "302007000610", "OPI_SC": "1110", "CITY": "Park City", "COUNTY": "Stillwater", "DISTRICT_NAME": "PARK CITY HIGH SCHOOL", "LE_NUMBER": 847, "DIST_TYPE": "Secondary", "pct_change_20yr": 10.344827586206897, "pct_change_10yr": 4.3478260869565215, "pct_change_5yr": -2.0408163265306123, "ccd_enroll_2003": 87.0, "ccd_enroll_2004": 94.0, "ccd_enroll_2005": 96.0, "ccd_enroll_2006": 93.0, "ccd_enroll_2007": 100.0, "ccd_enroll_2008": 92.0, "ccd_enroll_2009": 85.0, "ccd_enroll_2010": 82.0, "ccd_enroll_2011": 95.0, "ccd_enroll_2012": 97.0, "ccd_enroll_2013": 92.0, "ccd_enroll_2014": 94.0, "ccd_enroll_2015": 94.0, "ccd_enroll_2016": 99.0, "ccd_enroll_2017": 95.0, "ccd_enroll_2018": 98.0, "ccd_enroll_2019": 98.0, "ccd_enroll_2020": 102.0, "ccd_enroll_2021": 102.0, "ccd_enroll_2022": 102.0, "ccd_enroll_2023": 96.0, "longitude": -108.915921, "latitude": 45.630024}, "geometry": {"type": "Point", "coordinates": [645530.320600003, 153541.85009999946]}}, {"type": "Feature", "properties": {"SCHOOL_NAME": "Roberts High School", "ncessch": "302271000665", "OPI_SC": "0096", "CITY": "Roberts", "COUNTY": "Carbon", "DISTRICT_NAME": "ROBERTS K-12 SCHOOLS", "LE_NUMBER": 69, "DIST_TYPE": "Unified", "pct_change_20yr": -36.0655737704918, "pct_change_10yr": 39.285714285714285, "pct_change_5yr": 8.333333333333332, "ccd_enroll_2003": 61.0, "ccd_enroll_2004": 61.0, "ccd_enroll_2005": 64.0, "ccd_enroll_2006": 53.0, "ccd_enroll_2007": 47.0, "ccd_enroll_2008": 40.0, "ccd_enroll_2009": 42.0, "ccd_enroll_2010": 26.0, "ccd_enroll_2011": 28.0, "ccd_enroll_2012": 28.0, "ccd_enroll_2013": 28.0, "ccd_enroll_2014": 35.0, "ccd_enroll_2015": 34.0, "ccd_enroll_2016": 27.0, "ccd_enroll_2017": 31.0, "ccd_enroll_2018": 36.0, "ccd_enroll_2019": 31.0, "ccd_enroll_2020": 36.0, "ccd_enroll_2021": 43.0, "ccd_enroll_2022": 43.0, "ccd_enroll_2023": 39.0, "longitude": -109.165353, "latitude": 45.361257}, "geometry": {"type": "Point", "coordinates": [626214.2269999981, 123564.66299999878]}}, {"type": "Feature", "properties": {"SCHOOL_NAME": "Corvallis High School", "ncessch": "300741000215", "OPI_SC": "0964", "CITY": "Corvallis", "COUNTY": "Ravalli", "DISTRICT_NAME": "CORVALLIS K-12 SCHOOLS", "LE_NUMBER": 731, "DIST_TYPE": "Unified", "pct_change_20yr": -6.694560669456067, "pct_change_10yr": 2.528735632183908, "pct_change_5yr": -1.9780219780219779, "ccd_enroll_2003": 478.0, "ccd_enroll_2004": 458.0, "ccd_enroll_2005": 475.0, "ccd_enroll_2006": 496.0, "ccd_enroll_2007": 479.0, "ccd_enroll_2008": 472.0, "ccd_enroll_2009": 474.0, "ccd_enroll_2010": 456.0, "ccd_enroll_2011": 467.0, "ccd_enroll_2012": 442.0, "ccd_enroll_2013": 435.0, "ccd_enroll_2014": 425.0, "ccd_enroll_2015": 405.0, "ccd_enroll_2016": 448.0, "ccd_enroll_2017": 493.0, "ccd_enroll_2018": 455.0, "ccd_enroll_2019": 481.0, "ccd_enroll_2020": 479.0, "ccd_enroll_2021": 476.0, "ccd_enroll_2022": 480.0, "ccd_enroll_2023": 446.0, "longitude": -114.115438, "latitude": 46.316621}, "geometry": {"type": "Point", "coordinates": [244913.21850000322, 240119.40549999848]}}, {"type": "Feature", "properties": {"SCHOOL_NAME": "Lincoln High School", "ncessch": "301681000892", "OPI_SC": "1610", "CITY": "Lincoln", "COUNTY": "Lewis and Clark", "DISTRICT_NAME": "LINCOLN K-12 SCHOOLS", "LE_NUMBER": 1221, "DIST_TYPE": "Unified", "pct_change_20yr": -47.72727272727273, "pct_change_10yr": -11.538461538461538, "pct_change_5yr": -2.127659574468085, "ccd_enroll_2003": 88.0, "ccd_enroll_2004": 82.0, "ccd_enroll_2005": 79.0, "ccd_enroll_2006": 71.0, "ccd_enroll_2007": 68.0, "ccd_enroll_2008": 64.0, "ccd_enroll_2009": 66.0, "ccd_enroll_2010": 64.0, "ccd_enroll_2011": 60.0, "ccd_enroll_2012": 56.0, "ccd_enroll_2013": 52.0, "ccd_enroll_2014": 46.0, "ccd_enroll_2015": 42.0, "ccd_enroll_2016": 38.0, "ccd_enroll_2017": 40.0, "ccd_enroll_2018": 47.0, "ccd_enroll_2019": 36.0, "ccd_enroll_2020": 33.0, "ccd_enroll_2021": 46.0, "ccd_enroll_2022": 42.0, "ccd_enroll_2023": 46.0, "longitude": -112.674042, "latitude": 46.95583}, "geometry": {"type": "Point", "coordinates": [358608.93090000004, 305561.7137000002]}}, {"type": "Feature", "properties": {"SCHOOL_NAME": "Whitewater High School", "ncessch": "302793000780", "OPI_SC": "0879", "CITY": "Whitewater", "COUNTY": "Phillips", "DISTRICT_NAME": "WHITEWATER K-12 SCHOOLS", "LE_NUMBER": 663, "DIST_TYPE": "Unified", "pct_change_20yr": -70.58823529411765, "pct_change_10yr": -56.52173913043478, "pct_change_5yr": 25.0, "ccd_enroll_2003": 34.0, "ccd_enroll_2004": 39.0, "ccd_enroll_2005": 34.0, "ccd_enroll_2006": 28.0, "ccd_enroll_2007": 22.0, "ccd_enroll_2008": 17.0, "ccd_enroll_2009": 15.0, "ccd_enroll_2010": 13.0, "ccd_enroll_2011": 20.0, "ccd_enroll_2012": 18.0, "ccd_enroll_2013": 23.0, "ccd_enroll_2014": 25.0, "ccd_enroll_2015": 17.0, "ccd_enroll_2016": 11.0, "ccd_enroll_2017": 9.0, "ccd_enroll_2018": 8.0, "ccd_enroll_2019": 9.0, "ccd_enroll_2020": 11.0, "ccd_enroll_2021": 10.0, "ccd_enroll_2022": 13.0, "ccd_enroll_2023": 10.0, "longitude": -107.629618, "latitude": 48.761651}, "geometry": {"type": "Point", "coordinates": [737479.0204999968, 503004.72949999943]}}, {"type": "Feature", "properties": {"SCHOOL_NAME": "Rapelje High School", "ncessch": "302190000650", "OPI_SC": "1123", "CITY": "Rapelje", "COUNTY": "Stillwater", "DISTRICT_NAME": "RAPELJE HIGH SCHOOL", "LE_NUMBER": 859, "DIST_TYPE": "Secondary", "pct_change_20yr": -25.925925925925924, "pct_change_10yr": 66.66666666666666, "pct_change_5yr": 5.263157894736842, "ccd_enroll_2003": 27.0, "ccd_enroll_2004": 33.0, "ccd_enroll_2005": 19.0, "ccd_enroll_2006": 21.0, "ccd_enroll_2007": 24.0, "ccd_enroll_2008": 18.0, "ccd_enroll_2009": 20.0, "ccd_enroll_2010": 22.0, "ccd_enroll_2011": 19.0, "ccd_enroll_2012": 23.0, "ccd_enroll_2013": 12.0, "ccd_enroll_2014": 17.0, "ccd_enroll_2015": 17.0, "ccd_enroll_2016": 17.0, "ccd_enroll_2017": 22.0, "ccd_enroll_2018": 19.0, "ccd_enroll_2019": 22.0, "ccd_enroll_2020": 22.0, "ccd_enroll_2021": 16.0, "ccd_enroll_2022": 18.0, "ccd_enroll_2023": 20.0, "longitude": -109.260873, "latitude": 45.972781}, "geometry": {"type": "Point", "coordinates": [618524.3867999986, 191482.21829999983]}}, {"type": "Feature", "properties": {"SCHOOL_NAME": "Dutton/Brady High School", "ncessch": "300010200266", "OPI_SC": "1157", "CITY": "Dutton", "COUNTY": "Teton", "DISTRICT_NAME": "DUTTON/BRADY K-12 SCHOOLS", "LE_NUMBER": 1235, "DIST_TYPE": "Unified", "pct_change_20yr": null, "pct_change_10yr": -8.571428571428571, "pct_change_5yr": 3.225806451612903, "ccd_enroll_2003": null, "ccd_enroll_2004": null, "ccd_enroll_2005": 62.0, "ccd_enroll_2006": 35.0, "ccd_enroll_2007": 41.0, "ccd_enroll_2008": 39.0, "ccd_enroll_2009": 35.0, "ccd_enroll_2010": 37.0, "ccd_enroll_2011": 36.0, "ccd_enroll_2012": 38.0, "ccd_enroll_2013": 35.0, "ccd_enroll_2014": 34.0, "ccd_enroll_2015": 35.0, "ccd_enroll_2016": 27.0, "ccd_enroll_2017": 30.0, "ccd_enroll_2018": 31.0, "ccd_enroll_2019": 31.0, "ccd_enroll_2020": 30.0, "ccd_enroll_2021": 29.0, "ccd_enroll_2022": 28.0, "ccd_enroll_2023": 32.0, "longitude": -111.714071, "latitude": 47.851213}, "geometry": {"type": "Point", "coordinates": [434404.52899999917, 402501.04740000144]}}, {"type": "Feature", "properties": {"SCHOOL_NAME": "Whitehall High School", "ncessch": "302784000778", "OPI_SC": "0608", "CITY": "Whitehall", "COUNTY": "Jefferson", "DISTRICT_NAME": "WHITEHALL HIGH SCHOOL", "LE_NUMBER": 454, "DIST_TYPE": "Secondary", "pct_change_20yr": -25.12315270935961, "pct_change_10yr": 16.923076923076923, "pct_change_5yr": 16.923076923076923, "ccd_enroll_2003": 203.0, "ccd_enroll_2004": 223.0, "ccd_enroll_2005": 216.0, "ccd_enroll_2006": 205.0, "ccd_enroll_2007": 209.0, "ccd_enroll_2008": 194.0, "ccd_enroll_2009": 191.0, "ccd_enroll_2010": 153.0, "ccd_enroll_2011": 147.0, "ccd_enroll_2012": 137.0, "ccd_enroll_2013": 130.0, "ccd_enroll_2014": 137.0, "ccd_enroll_2015": 127.0, "ccd_enroll_2016": 122.0, "ccd_enroll_2017": 136.0, "ccd_enroll_2018": 130.0, "ccd_enroll_2019": 132.0, "ccd_enroll_2020": 146.0, "ccd_enroll_2021": 130.0, "ccd_enroll_2022": 144.0, "ccd_enroll_2023": 152.0, "longitude": -112.0979, "latitude": 45.874998}, "geometry": {"type": "Point", "coordinates": [398425.5650999993, 183933.25950000063]}}, {"type": "Feature", "properties": {"SCHOOL_NAME": "Glasgow High School", "ncessch": "301242000343", "OPI_SC": "1204", "CITY": "Glasgow", "COUNTY": "Valley", "DISTRICT_NAME": "GLASGOW K-12 SCHOOLS", "LE_NUMBER": 926, "DIST_TYPE": "Unified", "pct_change_20yr": 0.0, "pct_change_10yr": -10.236220472440944, "pct_change_5yr": -13.636363636363635, "ccd_enroll_2003": 228.0, "ccd_enroll_2004": 226.0, "ccd_enroll_2005": 228.0, "ccd_enroll_2006": 247.0, "ccd_enroll_2007": 251.0, "ccd_enroll_2008": 266.0, "ccd_enroll_2009": 239.0, "ccd_enroll_2010": 233.0, "ccd_enroll_2011": 243.0, "ccd_enroll_2012": 243.0, "ccd_enroll_2013": 254.0, "ccd_enroll_2014": 241.0, "ccd_enroll_2015": 246.0, "ccd_enroll_2016": 256.0, "ccd_enroll_2017": 262.0, "ccd_enroll_2018": 264.0, "ccd_enroll_2019": 254.0, "ccd_enroll_2020": 244.0, "ccd_enroll_2021": 245.0, "ccd_enroll_2022": 234.0, "ccd_enroll_2023": 228.0, "longitude": -106.613144, "latitude": 48.20372}, "geometry": {"type": "Point", "coordinates": [814450.8034000024, 443290.86089999974]}}, {"type": "Feature", "properties": {"SCHOOL_NAME": "Garfield Co Dist HS", "ncessch": "301188000323", "OPI_SC": "0534", "CITY": "Jordan", "COUNTY": "Garfield", "DISTRICT_NAME": "GARFIELD COUNTY HIGH SCHOOL", "LE_NUMBER": 378, "DIST_TYPE": "Secondary", "pct_change_20yr": -17.391304347826086, "pct_change_10yr": -13.636363636363635, "pct_change_5yr": 32.55813953488372, "ccd_enroll_2003": 69.0, "ccd_enroll_2004": 75.0, "ccd_enroll_2005": 68.0, "ccd_enroll_2006": 58.0, "ccd_enroll_2007": 57.0, "ccd_enroll_2008": 44.0, "ccd_enroll_2009": 44.0, "ccd_enroll_2010": 49.0, "ccd_enroll_2011": 56.0, "ccd_enroll_2012": 64.0, "ccd_enroll_2013": 66.0, "ccd_enroll_2014": 53.0, "ccd_enroll_2015": 39.0, "ccd_enroll_2016": 33.0, "ccd_enroll_2017": 35.0, "ccd_enroll_2018": 43.0, "ccd_enroll_2019": 48.0, "ccd_enroll_2020": 58.0, "ccd_enroll_2021": 51.0, "ccd_enroll_2022": 55.0, "ccd_enroll_2023": 57.0, "longitude": -106.907095, "latitude": 47.318507}, "geometry": {"type": "Point", "coordinates": [795878.9087999985, 344208.1768999994]}}, {"type": "Feature", "properties": {"SCHOOL_NAME": "Harlowton High School", "ncessch": "301347000402", "OPI_SC": "1230", "CITY": "Harlowton", "COUNTY": "Wheatland", "DISTRICT_NAME": "HARLOWTON K-12", "LE_NUMBER": 946, "DIST_TYPE": "Unified", "pct_change_20yr": -38.59649122807017, "pct_change_10yr": -7.894736842105263, "pct_change_5yr": 7.6923076923076925, "ccd_enroll_2003": 114.0, "ccd_enroll_2004": 115.0, "ccd_enroll_2005": 113.0, "ccd_enroll_2006": 103.0, "ccd_enroll_2007": 88.0, "ccd_enroll_2008": 83.0, "ccd_enroll_2009": 70.0, "ccd_enroll_2010": 73.0, "ccd_enroll_2011": 70.0, "ccd_enroll_2012": 74.0, "ccd_enroll_2013": 76.0, "ccd_enroll_2014": 74.0, "ccd_enroll_2015": 71.0, "ccd_enroll_2016": 64.0, "ccd_enroll_2017": 70.0, "ccd_enroll_2018": 65.0, "ccd_enroll_2019": 60.0, "ccd_enroll_2020": 61.0, "ccd_enroll_2021": 61.0, "ccd_enroll_2022": 69.0, "ccd_enroll_2023": 70.0, "longitude": -109.828665, "latitude": 46.436022}, "geometry": {"type": "Point", "coordinates": [574755.374499999, 242972.56329999864]}}, {"type": "Feature", "properties": {"SCHOOL_NAME": "Big Sandy High School", "ncessch": "300375000054", "OPI_SC": "0195", "CITY": "Big Sandy", "COUNTY": "Chouteau", "DISTRICT_NAME": "BIG SANDY K-12", "LE_NUMBER": 138, "DIST_TYPE": "Unified", "pct_change_20yr": -22.857142857142858, "pct_change_10yr": 10.204081632653061, "pct_change_5yr": -6.896551724137931, "ccd_enroll_2003": 70.0, "ccd_enroll_2004": 66.0, "ccd_enroll_2005": 70.0, "ccd_enroll_2006": 70.0, "ccd_enroll_2007": 62.0, "ccd_enroll_2008": 50.0, "ccd_enroll_2009": 54.0, "ccd_enroll_2010": 49.0, "ccd_enroll_2011": 52.0, "ccd_enroll_2012": 52.0, "ccd_enroll_2013": 49.0, "ccd_enroll_2014": 49.0, "ccd_enroll_2015": 43.0, "ccd_enroll_2016": 49.0, "ccd_enroll_2017": 60.0, "ccd_enroll_2018": 58.0, "ccd_enroll_2019": 65.0, "ccd_enroll_2020": 59.0, "ccd_enroll_2021": 54.0, "ccd_enroll_2022": 63.0, "ccd_enroll_2023": 54.0, "longitude": -110.116626, "latitude": 48.179383}, "geometry": {"type": "Point", "coordinates": [554162.5756999999, 436813.691300001]}}, {"type": "Feature", "properties": {"SCHOOL_NAME": "Fergus High School", "ncessch": "301053000287", "OPI_SC": "0358", "CITY": "Lewistown", "COUNTY": "Fergus", "DISTRICT_NAME": "FERGUS HIGH SCHOOL", "LE_NUMBER": 259, "DIST_TYPE": "Secondary", "pct_change_20yr": -23.655913978494624, "pct_change_10yr": 5.970149253731343, "pct_change_5yr": 5.341246290801187, "ccd_enroll_2003": 465.0, "ccd_enroll_2004": 455.0, "ccd_enroll_2005": 454.0, "ccd_enroll_2006": 436.0, "ccd_enroll_2007": 422.0, "ccd_enroll_2008": 410.0, "ccd_enroll_2009": 402.0, "ccd_enroll_2010": 378.0, "ccd_enroll_2011": 364.0, "ccd_enroll_2012": 347.0, "ccd_enroll_2013": 335.0, "ccd_enroll_2014": 353.0, "ccd_enroll_2015": 366.0, "ccd_enroll_2016": 352.0, "ccd_enroll_2017": 348.0, "ccd_enroll_2018": 337.0, "ccd_enroll_2019": 306.0, "ccd_enroll_2020": 332.0, "ccd_enroll_2021": 339.0, "ccd_enroll_2022": 356.0, "ccd_enroll_2023": 355.0, "longitude": -109.423418, "latitude": 47.053445}, "geometry": {"type": "Point", "coordinates": [605815.1642000005, 311518.1534000002]}}, {"type": "Feature", "properties": {"SCHOOL_NAME": "Opheim High School", "ncessch": "301974000603", "OPI_SC": "1215", "CITY": "Opheim", "COUNTY": "Valley", "DISTRICT_NAME": "OPHEIM K-12 SCHOOLS", "LE_NUMBER": 935, "DIST_TYPE": "Unified", "pct_change_20yr": -65.21739130434783, "pct_change_10yr": -20.0, "pct_change_5yr": -33.33333333333333, "ccd_enroll_2003": 23.0, "ccd_enroll_2004": 18.0, "ccd_enroll_2005": 24.0, "ccd_enroll_2006": 21.0, "ccd_enroll_2007": 16.0, "ccd_enroll_2008": 23.0, "ccd_enroll_2009": 16.0, "ccd_enroll_2010": 18.0, "ccd_enroll_2011": 16.0, "ccd_enroll_2012": 10.0, "ccd_enroll_2013": 10.0, "ccd_enroll_2014": 11.0, "ccd_enroll_2015": 12.0, "ccd_enroll_2016": 15.0, "ccd_enroll_2017": 9.0, "ccd_enroll_2018": 12.0, "ccd_enroll_2019": 10.0, "ccd_enroll_2020": 11.0, "ccd_enroll_2021": 12.0, "ccd_enroll_2022": 5.0, "ccd_enroll_2023": 8.0, "longitude": -106.411414, "latitude": 48.858269}, "geometry": {"type": "Point", "coordinates": [826560.1696999967, 516573.99650000036]}}, {"type": "Feature", "properties": {"SCHOOL_NAME": "Red Lodge High School", "ncessch": "302211000655", "OPI_SC": "0084", "CITY": "Red Lodge", "COUNTY": "Carbon", "DISTRICT_NAME": "RED LODGE HIGH SCHOOL", "LE_NUMBER": 57, "DIST_TYPE": "Secondary", "pct_change_20yr": 8.641975308641975, "pct_change_10yr": 1.7341040462427744, "pct_change_5yr": -3.296703296703297, "ccd_enroll_2003": 162.0, "ccd_enroll_2004": 169.0, "ccd_enroll_2005": 171.0, "ccd_enroll_2006": 200.0, "ccd_enroll_2007": 187.0, "ccd_enroll_2008": 179.0, "ccd_enroll_2009": 172.0, "ccd_enroll_2010": 164.0, "ccd_enroll_2011": 173.0, "ccd_enroll_2012": 181.0, "ccd_enroll_2013": 173.0, "ccd_enroll_2014": 165.0, "ccd_enroll_2015": 157.0, "ccd_enroll_2016": 160.0, "ccd_enroll_2017": 161.0, "ccd_enroll_2018": 182.0, "ccd_enroll_2019": 191.0, "ccd_enroll_2020": 185.0, "ccd_enroll_2021": 180.0, "ccd_enroll_2022": 176.0, "ccd_enroll_2023": 176.0, "longitude": -109.240746, "latitude": 45.195403}, "geometry": {"type": "Point", "coordinates": [620369.4554999992, 105112.69559999928]}}, {"type": "Feature", "properties": {"SCHOOL_NAME": "Ryegate High School", "ncessch": "302334000681", "OPI_SC": "0551", "CITY": "Ryegate", "COUNTY": "Golden Valley", "DISTRICT_NAME": "RYEGATE K-12 SCHOOLS", "LE_NUMBER": 407, "DIST_TYPE": "Unified", "pct_change_20yr": -58.620689655172406, "pct_change_10yr": 71.42857142857143, "pct_change_5yr": 33.33333333333333, "ccd_enroll_2003": 29.0, "ccd_enroll_2004": 26.0, "ccd_enroll_2005": 30.0, "ccd_enroll_2006": 30.0, "ccd_enroll_2007": 27.0, "ccd_enroll_2008": 23.0, "ccd_enroll_2009": 18.0, "ccd_enroll_2010": 15.0, "ccd_enroll_2011": 24.0, "ccd_enroll_2012": 18.0, "ccd_enroll_2013": 7.0, "ccd_enroll_2014": 9.0, "ccd_enroll_2015": 12.0, "ccd_enroll_2016": 15.0, "ccd_enroll_2017": 14.0, "ccd_enroll_2018": 9.0, "ccd_enroll_2019": 7.0, "ccd_enroll_2020": 13.0, "ccd_enroll_2021": 14.0, "ccd_enroll_2022": 10.0, "ccd_enroll_2023": 12.0, "longitude": -109.258685, "latitude": 46.298832}, "geometry": {"type": "Point", "coordinates": [618582.2727999985, 227706.7333999984]}}, {"type": "Feature", "properties": {"SCHOOL_NAME": "Charlo High School", "ncessch": "300611500177", "OPI_SC": "0636", "CITY": "Charlo", "COUNTY": "Lake", "DISTRICT_NAME": "CHARLO HIGH SCHOOL", "LE_NUMBER": 1206, "DIST_TYPE": "Secondary", "pct_change_20yr": -15.463917525773196, "pct_change_10yr": -13.684210526315791, "pct_change_5yr": -7.865168539325842, "ccd_enroll_2003": 97.0, "ccd_enroll_2004": 112.0, "ccd_enroll_2005": 125.0, "ccd_enroll_2006": 120.0, "ccd_enroll_2007": 121.0, "ccd_enroll_2008": 127.0, "ccd_enroll_2009": 100.0, "ccd_enroll_2010": 102.0, "ccd_enroll_2011": 83.0, "ccd_enroll_2012": 85.0, "ccd_enroll_2013": 95.0, "ccd_enroll_2014": 94.0, "ccd_enroll_2015": 90.0, "ccd_enroll_2016": 84.0, "ccd_enroll_2017": 94.0, "ccd_enroll_2018": 89.0, "ccd_enroll_2019": 86.0, "ccd_enroll_2020": 85.0, "ccd_enroll_2021": 80.0, "ccd_enroll_2022": 83.0, "ccd_enroll_2023": 82.0, "longitude": -114.174729, "latitude": 47.440418}, "geometry": {"type": "Point", "coordinates": [247804.49750000238, 365024.79190000147]}}, {"type": "Feature", "properties": {"SCHOOL_NAME": "Winnett High School", "ncessch": "302847000792", "OPI_SC": "0853", "CITY": "Winnett", "COUNTY": "Petroleum", "DISTRICT_NAME": "WINNETT K-12 SCHOOLS", "LE_NUMBER": 642, "DIST_TYPE": "Unified", "pct_change_20yr": -68.57142857142857, "pct_change_10yr": -70.27027027027027, "pct_change_5yr": -54.166666666666664, "ccd_enroll_2003": 35.0, "ccd_enroll_2004": 30.0, "ccd_enroll_2005": 31.0, "ccd_enroll_2006": 32.0, "ccd_enroll_2007": 33.0, "ccd_enroll_2008": 37.0, "ccd_enroll_2009": 38.0, "ccd_enroll_2010": 34.0, "ccd_enroll_2011": 36.0, "ccd_enroll_2012": 32.0, "ccd_enroll_2013": 37.0, "ccd_enroll_2014": 36.0, "ccd_enroll_2015": 37.0, "ccd_enroll_2016": 36.0, "ccd_enroll_2017": 31.0, "ccd_enroll_2018": 24.0, "ccd_enroll_2019": 19.0, "ccd_enroll_2020": 19.0, "ccd_enroll_2021": 19.0, "ccd_enroll_2022": 14.0, "ccd_enroll_2023": 11.0, "longitude": -108.352565, "latitude": 47.00181}, "geometry": {"type": "Point", "coordinates": [687210.2346000001, 306417.2729999982]}}, {"type": "Feature", "properties": {"SCHOOL_NAME": "Geraldine High School", "ncessch": "301221000333", "OPI_SC": "0214", "CITY": "Geraldine", "COUNTY": "Chouteau", "DISTRICT_NAME": "GERALDINE K-12", "LE_NUMBER": 154, "DIST_TYPE": "Unified", "pct_change_20yr": -58.97435897435898, "pct_change_10yr": -51.515151515151516, "pct_change_5yr": -42.857142857142854, "ccd_enroll_2003": 39.0, "ccd_enroll_2004": 37.0, "ccd_enroll_2005": 37.0, "ccd_enroll_2006": 33.0, "ccd_enroll_2007": 42.0, "ccd_enroll_2008": 39.0, "ccd_enroll_2009": 38.0, "ccd_enroll_2010": 35.0, "ccd_enroll_2011": 26.0, "ccd_enroll_2012": 29.0, "ccd_enroll_2013": 33.0, "ccd_enroll_2014": 32.0, "ccd_enroll_2015": 32.0, "ccd_enroll_2016": 32.0, "ccd_enroll_2017": 24.0, "ccd_enroll_2018": 28.0, "ccd_enroll_2019": 18.0, "ccd_enroll_2020": 15.0, "ccd_enroll_2021": 14.0, "ccd_enroll_2022": 11.0, "ccd_enroll_2023": 16.0, "longitude": -110.269861, "latitude": 47.603107}, "geometry": {"type": "Point", "coordinates": [542142.5870999992, 372873.70050000027]}}, {"type": "Feature", "properties": {"SCHOOL_NAME": "Browning High School", "ncessch": "300519000136", "OPI_SC": "0543", "CITY": "Browning", "COUNTY": "Glacier", "DISTRICT_NAME": "BROWNING HIGH SCHOOL", "LE_NUMBER": 401, "DIST_TYPE": "Secondary", "pct_change_20yr": 5.163511187607573, "pct_change_10yr": 12.52302025782689, "pct_change_5yr": -0.6504065040650406, "ccd_enroll_2003": 581.0, "ccd_enroll_2004": 602.0, "ccd_enroll_2005": 636.0, "ccd_enroll_2006": 604.0, "ccd_enroll_2007": 603.0, "ccd_enroll_2008": 571.0, "ccd_enroll_2009": 553.0, "ccd_enroll_2010": 518.0, "ccd_enroll_2011": 504.0, "ccd_enroll_2012": 506.0, "ccd_enroll_2013": 543.0, "ccd_enroll_2014": 511.0, "ccd_enroll_2015": 550.0, "ccd_enroll_2016": 583.0, "ccd_enroll_2017": 576.0, "ccd_enroll_2018": 615.0, "ccd_enroll_2019": 595.0, "ccd_enroll_2020": 611.0, "ccd_enroll_2021": 553.0, "ccd_enroll_2022": 563.0, "ccd_enroll_2023": 611.0, "longitude": -113.039868, "latitude": 48.5521}, "geometry": {"type": "Point", "coordinates": [338819.6525000036, 483967.92650000006]}}, {"type": "Feature", "properties": {"SCHOOL_NAME": "Billings Sr High School", "ncessch": "300390000090", "OPI_SC": "1250", "CITY": "Billings", "COUNTY": "Yellowstone", "DISTRICT_NAME": "BILLINGS HIGH SCHOOL", "LE_NUMBER": 966, "DIST_TYPE": "Secondary", "pct_change_20yr": -8.61974904528096, "pct_change_10yr": -2.954808806488992, "pct_change_5yr": -14.102564102564102, "ccd_enroll_2003": 1833.0, "ccd_enroll_2004": 1878.0, "ccd_enroll_2005": 1786.0, "ccd_enroll_2006": 1900.0, "ccd_enroll_2007": 1934.0, "ccd_enroll_2008": 1833.0, "ccd_enroll_2009": 1742.0, "ccd_enroll_2010": 1704.0, "ccd_enroll_2011": 1664.0, "ccd_enroll_2012": 1685.0, "ccd_enroll_2013": 1726.0, "ccd_enroll_2014": 1717.0, "ccd_enroll_2015": 1842.0, "ccd_enroll_2016": 1876.0, "ccd_enroll_2017": 1924.0, "ccd_enroll_2018": 1950.0, "ccd_enroll_2019": 1855.0, "ccd_enroll_2020": 1806.0, "ccd_enroll_2021": 1823.0, "ccd_enroll_2022": 1739.0, "ccd_enroll_2023": 1675.0, "longitude": -108.526792, "latitude": 45.784479}, "geometry": {"type": "Point", "coordinates": [675649.3187000006, 171003.01529999822]}}, {"type": "Feature", "properties": {"SCHOOL_NAME": "North Star High School", "ncessch": "300009700679", "OPI_SC": "0591", "CITY": "Rudyard", "COUNTY": "Hill", "DISTRICT_NAME": "NORTH STAR HIGH SCHOOL", "LE_NUMBER": 1234, "DIST_TYPE": "Secondary", "pct_change_20yr": null, "pct_change_10yr": 0.0, "pct_change_5yr": 14.000000000000002, "ccd_enroll_2003": null, "ccd_enroll_2004": null, "ccd_enroll_2005": 83.0, "ccd_enroll_2006": 76.0, "ccd_enroll_2007": 67.0, "ccd_enroll_2008": 55.0, "ccd_enroll_2009": 48.0, "ccd_enroll_2010": 50.0, "ccd_enroll_2011": 48.0, "ccd_enroll_2012": 61.0, "ccd_enroll_2013": 57.0, "ccd_enroll_2014": 53.0, "ccd_enroll_2015": 60.0, "ccd_enroll_2016": 61.0, "ccd_enroll_2017": 51.0, "ccd_enroll_2018": 50.0, "ccd_enroll_2019": 53.0, "ccd_enroll_2020": 49.0, "ccd_enroll_2021": 48.0, "ccd_enroll_2022": 53.0, "ccd_enroll_2023": 57.0, "longitude": -110.552833, "latitude": 48.562517}, "geometry": {"type": "Point", "coordinates": [522310.78350000083, 479745.21189999953]}}, {"type": "Feature", "properties": {"SCHOOL_NAME": "Joliet High School", "ncessch": "301526000464", "OPI_SC": "0088", "CITY": "Joliet", "COUNTY": "Carbon", "DISTRICT_NAME": "JOLIET HIGH SCHOOL", "LE_NUMBER": 61, "DIST_TYPE": "Secondary", "pct_change_20yr": 16.666666666666664, "pct_change_10yr": 12.903225806451612, "pct_change_5yr": 25.0, "ccd_enroll_2003": 120.0, "ccd_enroll_2004": 129.0, "ccd_enroll_2005": 116.0, "ccd_enroll_2006": 119.0, "ccd_enroll_2007": 134.0, "ccd_enroll_2008": 128.0, "ccd_enroll_2009": 136.0, "ccd_enroll_2010": 136.0, "ccd_enroll_2011": 136.0, "ccd_enroll_2012": 133.0, "ccd_enroll_2013": 124.0, "ccd_enroll_2014": 122.0, "ccd_enroll_2015": 125.0, "ccd_enroll_2016": 118.0, "ccd_enroll_2017": 114.0, "ccd_enroll_2018": 112.0, "ccd_enroll_2019": 106.0, "ccd_enroll_2020": 121.0, "ccd_enroll_2021": 129.0, "ccd_enroll_2022": 139.0, "ccd_enroll_2023": 140.0, "longitude": -108.973861, "latitude": 45.487341}, "geometry": {"type": "Point", "coordinates": [641120.3285000026, 137656.57730000094]}}, {"type": "Feature", "properties": {"SCHOOL_NAME": "Sentinel High School", "ncessch": "301854000564", "OPI_SC": "1433", "CITY": "Missoula", "COUNTY": "Missoula", "DISTRICT_NAME": "MISSOULA HIGH SCHOOL", "LE_NUMBER": 584, "DIST_TYPE": "Secondary", "pct_change_20yr": 19.27710843373494, "pct_change_10yr": 19.379844961240313, "pct_change_5yr": 9.305993690851736, "ccd_enroll_2003": 1162.0, "ccd_enroll_2004": 1105.0, "ccd_enroll_2005": 1105.0, "ccd_enroll_2006": 1184.0, "ccd_enroll_2007": 1207.0, "ccd_enroll_2008": 1248.0, "ccd_enroll_2009": 1199.0, "ccd_enroll_2010": 1221.0, "ccd_enroll_2011": 1207.0, "ccd_enroll_2012": 1166.0, "ccd_enroll_2013": 1161.0, "ccd_enroll_2014": 1169.0, "ccd_enroll_2015": 1205.0, "ccd_enroll_2016": 1219.0, "ccd_enroll_2017": 1243.0, "ccd_enroll_2018": 1268.0, "ccd_enroll_2019": 1250.0, "ccd_enroll_2020": 1278.0, "ccd_enroll_2021": 1318.0, "ccd_enroll_2022": 1378.0, "ccd_enroll_2023": 1386.0, "longitude": -114.009452, "latitude": 46.847361}, "geometry": {"type": "Point", "coordinates": [256450.96169999987, 298511.1590999998]}}, {"type": "Feature", "properties": {"SCHOOL_NAME": "Savage High School", "ncessch": "302355000686", "OPI_SC": "0983", "CITY": "Savage", "COUNTY": "Richland", "DISTRICT_NAME": "SAVAGE HIGH SCHOOL", "LE_NUMBER": 748, "DIST_TYPE": "Secondary", "pct_change_20yr": -42.62295081967213, "pct_change_10yr": 6.0606060606060606, "pct_change_5yr": 34.61538461538461, "ccd_enroll_2003": 61.0, "ccd_enroll_2004": 50.0, "ccd_enroll_2005": 49.0, "ccd_enroll_2006": 46.0, "ccd_enroll_2007": 41.0, "ccd_enroll_2008": 46.0, "ccd_enroll_2009": 32.0, "ccd_enroll_2010": 29.0, "ccd_enroll_2011": 31.0, "ccd_enroll_2012": 33.0, "ccd_enroll_2013": 33.0, "ccd_enroll_2014": 35.0, "ccd_enroll_2015": 36.0, "ccd_enroll_2016": 32.0, "ccd_enroll_2017": 30.0, "ccd_enroll_2018": 26.0, "ccd_enroll_2019": 22.0, "ccd_enroll_2020": 25.0, "ccd_enroll_2021": 27.0, "ccd_enroll_2022": 29.0, "ccd_enroll_2023": 35.0, "longitude": -104.342165, "latitude": 47.450571}, "geometry": {"type": "Point", "coordinates": [988468.4597000033, 368434.9151000008]}}, {"type": "Feature", "properties": {"SCHOOL_NAME": "Culbertson High School", "ncessch": "300786000225", "OPI_SC": "1018", "CITY": "Culbertson", "COUNTY": "Roosevelt", "DISTRICT_NAME": "CULBERTSON HIGH SCHOOL", "LE_NUMBER": 778, "DIST_TYPE": "Secondary", "pct_change_20yr": 33.82352941176471, "pct_change_10yr": 8.333333333333332, "pct_change_5yr": 12.345679012345679, "ccd_enroll_2003": 68.0, "ccd_enroll_2004": 67.0, "ccd_enroll_2005": 90.0, "ccd_enroll_2006": 96.0, "ccd_enroll_2007": 98.0, "ccd_enroll_2008": 100.0, "ccd_enroll_2009": 88.0, "ccd_enroll_2010": 91.0, "ccd_enroll_2011": 80.0, "ccd_enroll_2012": 81.0, "ccd_enroll_2013": 84.0, "ccd_enroll_2014": 74.0, "ccd_enroll_2015": 65.0, "ccd_enroll_2016": 67.0, "ccd_enroll_2017": 74.0, "ccd_enroll_2018": 81.0, "ccd_enroll_2019": 84.0, "ccd_enroll_2020": 81.0, "ccd_enroll_2021": 78.0, "ccd_enroll_2022": 94.0, "ccd_enroll_2023": 91.0, "longitude": -104.520511, "latitude": 48.148076}, "geometry": {"type": "Point", "coordinates": [970130.054399997, 444922.8299999982]}}, {"type": "Feature", "properties": {"SCHOOL_NAME": "Wolf Point High School", "ncessch": "302862000799", "OPI_SC": "1023", "CITY": "Wolf Point", "COUNTY": "Roosevelt", "DISTRICT_NAME": "WOLF POINT HIGH SCHOOL", "LE_NUMBER": 781, "DIST_TYPE": "Secondary", "pct_change_20yr": -29.09698996655518, "pct_change_10yr": -3.6363636363636362, "pct_change_5yr": -8.225108225108226, "ccd_enroll_2003": 299.0, "ccd_enroll_2004": 277.0, "ccd_enroll_2005": 250.0, "ccd_enroll_2006": 261.0, "ccd_enroll_2007": 280.0, "ccd_enroll_2008": 254.0, "ccd_enroll_2009": 253.0, "ccd_enroll_2010": 231.0, "ccd_enroll_2011": 237.0, "ccd_enroll_2012": 204.0, "ccd_enroll_2013": 220.0, "ccd_enroll_2014": 232.0, "ccd_enroll_2015": 217.0, "ccd_enroll_2016": 224.0, "ccd_enroll_2017": 216.0, "ccd_enroll_2018": 231.0, "ccd_enroll_2019": 222.0, "ccd_enroll_2020": 245.0, "ccd_enroll_2021": 239.0, "ccd_enroll_2022": 225.0, "ccd_enroll_2023": 212.0, "longitude": -105.648347, "latitude": 48.089448}, "geometry": {"type": "Point", "coordinates": [886694.7331999987, 433687.8390999995]}}, {"type": "Feature", "properties": {"SCHOOL_NAME": "Ronan High School", "ncessch": "302280000670", "OPI_SC": "0640", "CITY": "Ronan", "COUNTY": "Lake", "DISTRICT_NAME": "RONAN HIGH SCHOOL", "LE_NUMBER": 1200, "DIST_TYPE": "Secondary", "pct_change_20yr": -0.5333333333333333, "pct_change_10yr": 6.571428571428571, "pct_change_5yr": 8.746355685131196, "ccd_enroll_2003": 375.0, "ccd_enroll_2004": 370.0, "ccd_enroll_2005": 378.0, "ccd_enroll_2006": 386.0, "ccd_enroll_2007": 351.0, "ccd_enroll_2008": 321.0, "ccd_enroll_2009": 332.0, "ccd_enroll_2010": 316.0, "ccd_enroll_2011": 324.0, "ccd_enroll_2012": 321.0, "ccd_enroll_2013": 350.0, "ccd_enroll_2014": 337.0, "ccd_enroll_2015": 341.0, "ccd_enroll_2016": 341.0, "ccd_enroll_2017": 345.0, "ccd_enroll_2018": 343.0, "ccd_enroll_2019": 335.0, "ccd_enroll_2020": 367.0, "ccd_enroll_2021": 371.0, "ccd_enroll_2022": 416.0, "ccd_enroll_2023": 373.0, "longitude": -114.100757, "latitude": 47.531402}, "geometry": {"type": "Point", "coordinates": [253964.57519999892, 374787.19519999996]}}, {"type": "Feature", "properties": {"SCHOOL_NAME": "Alberton High School", "ncessch": "300186000004", "OPI_SC": "0766", "CITY": "Alberton", "COUNTY": "Mineral", "DISTRICT_NAME": "ALBERTON K-12 SCHOOLS", "LE_NUMBER": 577, "DIST_TYPE": "Unified", "pct_change_20yr": -54.43037974683544, "pct_change_10yr": -21.73913043478261, "pct_change_5yr": -16.27906976744186, "ccd_enroll_2003": 79.0, "ccd_enroll_2004": 89.0, "ccd_enroll_2005": 79.0, "ccd_enroll_2006": 83.0, "ccd_enroll_2007": 82.0, "ccd_enroll_2008": 74.0, "ccd_enroll_2009": 54.0, "ccd_enroll_2010": 51.0, "ccd_enroll_2011": 49.0, "ccd_enroll_2012": 45.0, "ccd_enroll_2013": 46.0, "ccd_enroll_2014": 46.0, "ccd_enroll_2015": 32.0, "ccd_enroll_2016": 40.0, "ccd_enroll_2017": 39.0, "ccd_enroll_2018": 43.0, "ccd_enroll_2019": 40.0, "ccd_enroll_2020": 37.0, "ccd_enroll_2021": 41.0, "ccd_enroll_2022": 43.0, "ccd_enroll_2023": 36.0, "longitude": -114.480877, "latitude": 47.004451}, "geometry": {"type": "Point", "coordinates": [221691.02899999917, 318104.6479999982]}}, {"type": "Feature", "properties": {"SCHOOL_NAME": "Chinook High School", "ncessch": "300627000182", "OPI_SC": "0047", "CITY": "Chinook", "COUNTY": "Blaine", "DISTRICT_NAME": "CHINOOK HIGH SCHOOL", "LE_NUMBER": 29, "DIST_TYPE": "Secondary", "pct_change_20yr": -21.333333333333336, "pct_change_10yr": -16.901408450704224, "pct_change_5yr": 6.306306306306306, "ccd_enroll_2003": 150.0, "ccd_enroll_2004": 116.0, "ccd_enroll_2005": 127.0, "ccd_enroll_2006": 120.0, "ccd_enroll_2007": 121.0, "ccd_enroll_2008": 120.0, "ccd_enroll_2009": 113.0, "ccd_enroll_2010": 114.0, "ccd_enroll_2011": 123.0, "ccd_enroll_2012": 130.0, "ccd_enroll_2013": 142.0, "ccd_enroll_2014": 133.0, "ccd_enroll_2015": 117.0, "ccd_enroll_2016": 115.0, "ccd_enroll_2017": 106.0, "ccd_enroll_2018": 111.0, "ccd_enroll_2019": 108.0, "ccd_enroll_2020": 109.0, "ccd_enroll_2021": 114.0, "ccd_enroll_2022": 114.0, "ccd_enroll_2023": 118.0, "longitude": -109.229059, "latitude": 48.590067}, "geometry": {"type": "Point", "coordinates": [619982.8968999982, 482320.60819999874]}}, {"type": "Feature", "properties": {"SCHOOL_NAME": "Valier High School", "ncessch": "302709000759", "OPI_SC": "0899", "CITY": "Valier", "COUNTY": "Pondera", "DISTRICT_NAME": "VALIER HIGH SCHOOL", "LE_NUMBER": 680, "DIST_TYPE": "Secondary", "pct_change_20yr": -49.333333333333336, "pct_change_10yr": -20.833333333333336, "pct_change_5yr": -20.833333333333336, "ccd_enroll_2003": 75.0, "ccd_enroll_2004": 67.0, "ccd_enroll_2005": 79.0, "ccd_enroll_2006": 83.0, "ccd_enroll_2007": 68.0, "ccd_enroll_2008": 58.0, "ccd_enroll_2009": 57.0, "ccd_enroll_2010": 58.0, "ccd_enroll_2011": 58.0, "ccd_enroll_2012": 58.0, "ccd_enroll_2013": 48.0, "ccd_enroll_2014": 59.0, "ccd_enroll_2015": 58.0, "ccd_enroll_2016": 48.0, "ccd_enroll_2017": 55.0, "ccd_enroll_2018": 48.0, "ccd_enroll_2019": 46.0, "ccd_enroll_2020": 45.0, "ccd_enroll_2021": 42.0, "ccd_enroll_2022": 46.0, "ccd_enroll_2023": 38.0, "longitude": -112.255038, "latitude": 48.304698}, "geometry": {"type": "Point", "coordinates": [395731.91860000044, 454155.35009999946]}}, {"type": "Feature", "properties": {"SCHOOL_NAME": "Sweet Grass Co High Schl", "ncessch": "302556000732", "OPI_SC": "1130", "CITY": "Big Timber", "COUNTY": "Sweet Grass", "DISTRICT_NAME": "SWEET GRASS HIGH SCHOOL", "LE_NUMBER": 882, "DIST_TYPE": "Secondary", "pct_change_20yr": -26.570048309178745, "pct_change_10yr": -12.643678160919542, "pct_change_5yr": -6.172839506172839, "ccd_enroll_2003": 207.0, "ccd_enroll_2004": 207.0, "ccd_enroll_2005": 209.0, "ccd_enroll_2006": 203.0, "ccd_enroll_2007": 205.0, "ccd_enroll_2008": 207.0, "ccd_enroll_2009": 195.0, "ccd_enroll_2010": 185.0, "ccd_enroll_2011": 175.0, "ccd_enroll_2012": 179.0, "ccd_enroll_2013": 174.0, "ccd_enroll_2014": 175.0, "ccd_enroll_2015": 164.0, "ccd_enroll_2016": 165.0, "ccd_enroll_2017": 163.0, "ccd_enroll_2018": 162.0, "ccd_enroll_2019": 170.0, "ccd_enroll_2020": 166.0, "ccd_enroll_2021": 164.0, "ccd_enroll_2022": 161.0, "ccd_enroll_2023": 152.0, "longitude": -109.955988, "latitude": 45.827813}, "geometry": {"type": "Point", "coordinates": [564582.5091999993, 175450.76469999924]}}, {"type": "Feature", "properties": {"SCHOOL_NAME": "Custer High School", "ncessch": "300813000232", "OPI_SC": "1289", "CITY": "Custer", "COUNTY": "Yellowstone", "DISTRICT_NAME": "CUSTER K-12 SCHOOLS", "LE_NUMBER": 975, "DIST_TYPE": "Unified", "pct_change_20yr": 0.0, "pct_change_10yr": 11.11111111111111, "pct_change_5yr": 50.0, "ccd_enroll_2003": 30.0, "ccd_enroll_2004": 32.0, "ccd_enroll_2005": 24.0, "ccd_enroll_2006": 31.0, "ccd_enroll_2007": 37.0, "ccd_enroll_2008": 39.0, "ccd_enroll_2009": 34.0, "ccd_enroll_2010": 31.0, "ccd_enroll_2011": 29.0, "ccd_enroll_2012": 26.0, "ccd_enroll_2013": 27.0, "ccd_enroll_2014": 27.0, "ccd_enroll_2015": 26.0, "ccd_enroll_2016": 20.0, "ccd_enroll_2017": 19.0, "ccd_enroll_2018": 20.0, "ccd_enroll_2019": 23.0, "ccd_enroll_2020": 38.0, "ccd_enroll_2021": 43.0, "ccd_enroll_2022": 36.0, "ccd_enroll_2023": 30.0, "longitude": -107.556535, "latitude": 46.126768}, "geometry": {"type": "Point", "coordinates": [750114.1828000024, 210424.38390000165]}}, {"type": "Feature", "properties": {"SCHOOL_NAME": "Malta High School", "ncessch": "301758000546", "OPI_SC": "0875", "CITY": "Malta", "COUNTY": "Phillips", "DISTRICT_NAME": "MALTA K-12 SCHOOLS", "LE_NUMBER": 659, "DIST_TYPE": "Unified", "pct_change_20yr": -36.12565445026178, "pct_change_10yr": -24.22360248447205, "pct_change_5yr": -14.685314685314685, "ccd_enroll_2003": 191.0, "ccd_enroll_2004": 195.0, "ccd_enroll_2005": 206.0, "ccd_enroll_2006": 198.0, "ccd_enroll_2007": 201.0, "ccd_enroll_2008": 210.0, "ccd_enroll_2009": 192.0, "ccd_enroll_2010": 190.0, "ccd_enroll_2011": 178.0, "ccd_enroll_2012": 162.0, "ccd_enroll_2013": 161.0, "ccd_enroll_2014": 150.0, "ccd_enroll_2015": 147.0, "ccd_enroll_2016": 146.0, "ccd_enroll_2017": 137.0, "ccd_enroll_2018": 143.0, "ccd_enroll_2019": 138.0, "ccd_enroll_2020": 124.0, "ccd_enroll_2021": 147.0, "ccd_enroll_2022": 143.0, "ccd_enroll_2023": 122.0, "longitude": -107.879359, "latitude": 48.352912}, "geometry": {"type": "Point", "coordinates": [720065.2884000018, 457164.02259999886]}}, {"type": "Feature", "properties": {"SCHOOL_NAME": "Hinsdale High School", "ncessch": "301437000444", "OPI_SC": "1213", "CITY": "Hinsdale", "COUNTY": "Valley", "DISTRICT_NAME": "HINSDALE HIGH SCHOOL", "LE_NUMBER": 933, "DIST_TYPE": "Secondary", "pct_change_20yr": -53.65853658536586, "pct_change_10yr": -26.923076923076923, "pct_change_5yr": -13.636363636363635, "ccd_enroll_2003": 41.0, "ccd_enroll_2004": 35.0, "ccd_enroll_2005": 32.0, "ccd_enroll_2006": 34.0, "ccd_enroll_2007": 31.0, "ccd_enroll_2008": 32.0, "ccd_enroll_2009": 32.0, "ccd_enroll_2010": 29.0, "ccd_enroll_2011": 30.0, "ccd_enroll_2012": 23.0, "ccd_enroll_2013": 26.0, "ccd_enroll_2014": 22.0, "ccd_enroll_2015": 20.0, "ccd_enroll_2016": 19.0, "ccd_enroll_2017": 23.0, "ccd_enroll_2018": 22.0, "ccd_enroll_2019": 26.0, "ccd_enroll_2020": 24.0, "ccd_enroll_2021": 24.0, "ccd_enroll_2022": 26.0, "ccd_enroll_2023": 19.0, "longitude": -107.084488, "latitude": 48.394735}, "geometry": {"type": "Point", "coordinates": [778794.3874000013, 463328.1378999986]}}, {"type": "Feature", "properties": {"SCHOOL_NAME": "Columbia Falls High Schl", "ncessch": "300714000203", "OPI_SC": "0425", "CITY": "Columbia Falls", "COUNTY": "Flathead", "DISTRICT_NAME": "COLUMBIA FALLS HIGH SCHOOL", "LE_NUMBER": 313, "DIST_TYPE": "Secondary", "pct_change_20yr": -18.579881656804734, "pct_change_10yr": -0.43415340086830684, "pct_change_5yr": 4.084720121028744, "ccd_enroll_2003": 845.0, "ccd_enroll_2004": 863.0, "ccd_enroll_2005": 862.0, "ccd_enroll_2006": 878.0, "ccd_enroll_2007": 877.0, "ccd_enroll_2008": 830.0, "ccd_enroll_2009": 781.0, "ccd_enroll_2010": 727.0, "ccd_enroll_2011": 719.0, "ccd_enroll_2012": 690.0, "ccd_enroll_2013": 691.0, "ccd_enroll_2014": 688.0, "ccd_enroll_2015": 638.0, "ccd_enroll_2016": 643.0, "ccd_enroll_2017": 621.0, "ccd_enroll_2018": 661.0, "ccd_enroll_2019": 658.0, "ccd_enroll_2020": 645.0, "ccd_enroll_2021": 671.0, "ccd_enroll_2022": 687.0, "ccd_enroll_2023": 688.0, "longitude": -114.191314, "latitude": 48.366603}, "geometry": {"type": "Point", "coordinates": [252717.8818999976, 467847.124499999]}}, {"type": "Feature", "properties": {"SCHOOL_NAME": "Seeley-Swan High School", "ncessch": "301854000563", "OPI_SC": "1434", "CITY": "Seeley Lake", "COUNTY": "Missoula", "DISTRICT_NAME": "MISSOULA HIGH SCHOOL", "LE_NUMBER": 584, "DIST_TYPE": "Secondary", "pct_change_20yr": -41.95402298850575, "pct_change_10yr": -9.00900900900901, "pct_change_5yr": 14.772727272727273, "ccd_enroll_2003": 174.0, "ccd_enroll_2004": 181.0, "ccd_enroll_2005": 158.0, "ccd_enroll_2006": 135.0, "ccd_enroll_2007": 137.0, "ccd_enroll_2008": 109.0, "ccd_enroll_2009": 104.0, "ccd_enroll_2010": 103.0, "ccd_enroll_2011": 110.0, "ccd_enroll_2012": 116.0, "ccd_enroll_2013": 111.0, "ccd_enroll_2014": 102.0, "ccd_enroll_2015": 107.0, "ccd_enroll_2016": 102.0, "ccd_enroll_2017": 99.0, "ccd_enroll_2018": 88.0, "ccd_enroll_2019": 93.0, "ccd_enroll_2020": 92.0, "ccd_enroll_2021": 96.0, "ccd_enroll_2022": 98.0, "ccd_enroll_2023": 101.0, "longitude": -113.467344, "latitude": 47.174394}, "geometry": {"type": "Point", "coordinates": [299552.86879999936, 332564.1550000012]}}, {"type": "Feature", "properties": {"SCHOOL_NAME": "Shields Valley High Schl", "ncessch": "300093301026", "OPI_SC": "1666", "CITY": "Clyde Park", "COUNTY": "Park", "DISTRICT_NAME": "SHIELDS VALLEY HIGH SCHOOL", "LE_NUMBER": 1228, "DIST_TYPE": "Secondary", "pct_change_20yr": -29.761904761904763, "pct_change_10yr": -18.055555555555554, "pct_change_5yr": -3.278688524590164, "ccd_enroll_2003": 84.0, "ccd_enroll_2004": 91.0, "ccd_enroll_2005": 92.0, "ccd_enroll_2006": 99.0, "ccd_enroll_2007": 87.0, "ccd_enroll_2008": 77.0, "ccd_enroll_2009": 71.0, "ccd_enroll_2010": 75.0, "ccd_enroll_2011": 77.0, "ccd_enroll_2012": 77.0, "ccd_enroll_2013": 72.0, "ccd_enroll_2014": 78.0, "ccd_enroll_2015": 68.0, "ccd_enroll_2016": 66.0, "ccd_enroll_2017": 59.0, "ccd_enroll_2018": 61.0, "ccd_enroll_2019": 58.0, "ccd_enroll_2020": 53.0, "ccd_enroll_2021": 53.0, "ccd_enroll_2022": 50.0, "ccd_enroll_2023": 59.0, "longitude": -110.597872, "latitude": 45.887451}, "geometry": {"type": "Point", "coordinates": [514821.19860000163, 182570.61190000176]}}, {"type": "Feature", "properties": {"SCHOOL_NAME": "Dodson High School", "ncessch": "300912000261", "OPI_SC": "0863", "CITY": "Dodson", "COUNTY": "Phillips", "DISTRICT_NAME": "DODSON K-12 SCHOOLS", "LE_NUMBER": 648, "DIST_TYPE": "Unified", "pct_change_20yr": -21.951219512195124, "pct_change_10yr": 88.23529411764706, "pct_change_5yr": 33.33333333333333, "ccd_enroll_2003": 41.0, "ccd_enroll_2004": 24.0, "ccd_enroll_2005": 20.0, "ccd_enroll_2006": 23.0, "ccd_enroll_2007": 24.0, "ccd_enroll_2008": 21.0, "ccd_enroll_2009": 18.0, "ccd_enroll_2010": 24.0, "ccd_enroll_2011": 20.0, "ccd_enroll_2012": 16.0, "ccd_enroll_2013": 17.0, "ccd_enroll_2014": 27.0, "ccd_enroll_2015": 25.0, "ccd_enroll_2016": 27.0, "ccd_enroll_2017": 27.0, "ccd_enroll_2018": 24.0, "ccd_enroll_2019": 34.0, "ccd_enroll_2020": 35.0, "ccd_enroll_2021": 34.0, "ccd_enroll_2022": 31.0, "ccd_enroll_2023": 32.0, "longitude": -108.249404, "latitude": 48.396276}, "geometry": {"type": "Point", "coordinates": [692576.1770000011, 461481.4107000008]}}, {"type": "Feature", "properties": {"SCHOOL_NAME": "Park High School", "ncessch": "302010000611", "OPI_SC": "0823", "CITY": "Livingston", "COUNTY": "Park", "DISTRICT_NAME": "PARK HIGH SCHOOL", "LE_NUMBER": 613, "DIST_TYPE": "Secondary", "pct_change_20yr": -23.56020942408377, "pct_change_10yr": -8.368200836820083, "pct_change_5yr": -0.22779043280182232, "ccd_enroll_2003": 573.0, "ccd_enroll_2004": 570.0, "ccd_enroll_2005": 564.0, "ccd_enroll_2006": 539.0, "ccd_enroll_2007": 528.0, "ccd_enroll_2008": 529.0, "ccd_enroll_2009": 534.0, "ccd_enroll_2010": 549.0, "ccd_enroll_2011": 513.0, "ccd_enroll_2012": 494.0, "ccd_enroll_2013": 478.0, "ccd_enroll_2014": 498.0, "ccd_enroll_2015": 500.0, "ccd_enroll_2016": 462.0, "ccd_enroll_2017": 447.0, "ccd_enroll_2018": 439.0, "ccd_enroll_2019": 418.0, "ccd_enroll_2020": 413.0, "ccd_enroll_2021": 422.0, "ccd_enroll_2022": 418.0, "ccd_enroll_2023": 438.0, "longitude": -110.554928, "latitude": 45.65688}, "geometry": {"type": "Point", "coordinates": [517807.83139999956, 156909.4893000014]}}, {"type": "Feature", "properties": {"SCHOOL_NAME": "Victor High School", "ncessch": "302727000763", "OPI_SC": "0972", "CITY": "Victor", "COUNTY": "Ravalli", "DISTRICT_NAME": "VICTOR K-12 SCHOOLS", "LE_NUMBER": 738, "DIST_TYPE": "Unified", "pct_change_20yr": -27.927927927927925, "pct_change_10yr": -31.62393162393162, "pct_change_5yr": -22.330097087378643, "ccd_enroll_2003": 111.0, "ccd_enroll_2004": 125.0, "ccd_enroll_2005": 118.0, "ccd_enroll_2006": 129.0, "ccd_enroll_2007": 113.0, "ccd_enroll_2008": 91.0, "ccd_enroll_2009": 114.0, "ccd_enroll_2010": 104.0, "ccd_enroll_2011": 109.0, "ccd_enroll_2012": 97.0, "ccd_enroll_2013": 117.0, "ccd_enroll_2014": 109.0, "ccd_enroll_2015": 108.0, "ccd_enroll_2016": 121.0, "ccd_enroll_2017": 108.0, "ccd_enroll_2018": 103.0, "ccd_enroll_2019": 102.0, "ccd_enroll_2020": 85.0, "ccd_enroll_2021": 74.0, "ccd_enroll_2022": 75.0, "ccd_enroll_2023": 80.0, "longitude": -114.150934, "latitude": 46.414922}, "geometry": {"type": "Point", "coordinates": [242833.63809999824, 251182.7082999982]}}, {"type": "Feature", "properties": {"SCHOOL_NAME": "Cut Bank High School", "ncessch": "300819000236", "OPI_SC": "0547", "CITY": "Cut Bank", "COUNTY": "Glacier", "DISTRICT_NAME": "CUT BANK HIGH SCHOOL", "LE_NUMBER": 403, "DIST_TYPE": "Secondary", "pct_change_20yr": -34.868421052631575, "pct_change_10yr": 2.5906735751295336, "pct_change_5yr": 18.562874251497004, "ccd_enroll_2003": 304.0, "ccd_enroll_2004": 308.0, "ccd_enroll_2005": 280.0, "ccd_enroll_2006": 262.0, "ccd_enroll_2007": 247.0, "ccd_enroll_2008": 215.0, "ccd_enroll_2009": 215.0, "ccd_enroll_2010": 209.0, "ccd_enroll_2011": 206.0, "ccd_enroll_2012": 195.0, "ccd_enroll_2013": 193.0, "ccd_enroll_2014": 182.0, "ccd_enroll_2015": 172.0, "ccd_enroll_2016": 157.0, "ccd_enroll_2017": 150.0, "ccd_enroll_2018": 167.0, "ccd_enroll_2019": 210.0, "ccd_enroll_2020": 218.0, "ccd_enroll_2021": 240.0, "ccd_enroll_2022": 227.0, "ccd_enroll_2023": 198.0, "longitude": -112.330919, "latitude": 48.632219}, "geometry": {"type": "Point", "coordinates": [391423.9020999968, 490742.0989000015]}}, {"type": "Feature", "properties": {"SCHOOL_NAME": "Froid High School", "ncessch": "301158000315", "OPI_SC": "1030", "CITY": "Froid", "COUNTY": "Roosevelt", "DISTRICT_NAME": "FROID HIGH SCHOOL", "LE_NUMBER": 787, "DIST_TYPE": "Secondary", "pct_change_20yr": 40.74074074074074, "pct_change_10yr": 15.151515151515152, "pct_change_5yr": 90.0, "ccd_enroll_2003": 27.0, "ccd_enroll_2004": 19.0, "ccd_enroll_2005": 14.0, "ccd_enroll_2006": 15.0, "ccd_enroll_2007": 23.0, "ccd_enroll_2008": 27.0, "ccd_enroll_2009": 25.0, "ccd_enroll_2010": 25.0, "ccd_enroll_2011": 24.0, "ccd_enroll_2012": 26.0, "ccd_enroll_2013": 33.0, "ccd_enroll_2014": 31.0, "ccd_enroll_2015": 30.0, "ccd_enroll_2016": 26.0, "ccd_enroll_2017": 24.0, "ccd_enroll_2018": 20.0, "ccd_enroll_2019": 22.0, "ccd_enroll_2020": 27.0, "ccd_enroll_2021": 35.0, "ccd_enroll_2022": 38.0, "ccd_enroll_2023": 38.0, "longitude": -104.488288, "latitude": 48.335856}, "geometry": {"type": "Point", "coordinates": [971187.3699000031, 465905.2380999997]}}, {"type": "Feature", "properties": {"SCHOOL_NAME": "Hysham High School", "ncessch": "301476000454", "OPI_SC": "1194", "CITY": "Hysham", "COUNTY": "Treasure", "DISTRICT_NAME": "HYSHAM K-12 SCHOOLS", "LE_NUMBER": 923, "DIST_TYPE": "Unified", "pct_change_20yr": -69.56521739130434, "pct_change_10yr": -57.57575757575758, "pct_change_5yr": 7.6923076923076925, "ccd_enroll_2003": 46.0, "ccd_enroll_2004": 39.0, "ccd_enroll_2005": 36.0, "ccd_enroll_2006": 40.0, "ccd_enroll_2007": 42.0, "ccd_enroll_2008": 42.0, "ccd_enroll_2009": 41.0, "ccd_enroll_2010": 36.0, "ccd_enroll_2011": 29.0, "ccd_enroll_2012": 33.0, "ccd_enroll_2013": 33.0, "ccd_enroll_2014": 18.0, "ccd_enroll_2015": 22.0, "ccd_enroll_2016": 18.0, "ccd_enroll_2017": 11.0, "ccd_enroll_2018": 13.0, "ccd_enroll_2019": 13.0, "ccd_enroll_2020": 7.0, "ccd_enroll_2021": 13.0, "ccd_enroll_2022": 13.0, "ccd_enroll_2023": 14.0, "longitude": -107.231688, "latitude": 46.292623}, "geometry": {"type": "Point", "coordinates": [774665.4673999995, 229517.6000000015]}}, {"type": "Feature", "properties": {"SCHOOL_NAME": "West Yellowstone HS", "ncessch": "302763000769", "OPI_SC": "0496", "CITY": "West Yellowstone", "COUNTY": "Gallatin", "DISTRICT_NAME": "WEST YELLOWSTONE K-12 SCHOOLS", "LE_NUMBER": 374, "DIST_TYPE": "Unified", "pct_change_20yr": -2.7777777777777777, "pct_change_10yr": 29.629629629629626, "pct_change_5yr": -11.39240506329114, "ccd_enroll_2003": 72.0, "ccd_enroll_2004": 67.0, "ccd_enroll_2005": 61.0, "ccd_enroll_2006": 68.0, "ccd_enroll_2007": 65.0, "ccd_enroll_2008": 62.0, "ccd_enroll_2009": 66.0, "ccd_enroll_2010": 57.0, "ccd_enroll_2011": 53.0, "ccd_enroll_2012": 52.0, "ccd_enroll_2013": 54.0, "ccd_enroll_2014": 52.0, "ccd_enroll_2015": 51.0, "ccd_enroll_2016": 57.0, "ccd_enroll_2017": 67.0, "ccd_enroll_2018": 79.0, "ccd_enroll_2019": 87.0, "ccd_enroll_2020": 89.0, "ccd_enroll_2021": 86.0, "ccd_enroll_2022": 81.0, "ccd_enroll_2023": 70.0, "longitude": -111.108382, "latitude": 44.666034}, "geometry": {"type": "Point", "coordinates": [472430.97349999845, 47557.15920000151]}}, {"type": "Feature", "properties": {"SCHOOL_NAME": "Darby High School", "ncessch": "300828000238", "OPI_SC": "0974", "CITY": "Darby", "COUNTY": "Ravalli", "DISTRICT_NAME": "DARBY K-12 SCHOOLS", "LE_NUMBER": 740, "DIST_TYPE": "Unified", "pct_change_20yr": -38.79781420765027, "pct_change_10yr": 36.58536585365854, "pct_change_5yr": 0.0, "ccd_enroll_2003": 183.0, "ccd_enroll_2004": 206.0, "ccd_enroll_2005": 161.0, "ccd_enroll_2006": 155.0, "ccd_enroll_2007": 168.0, "ccd_enroll_2008": 144.0, "ccd_enroll_2009": 132.0, "ccd_enroll_2010": 111.0, "ccd_enroll_2011": 87.0, "ccd_enroll_2012": 88.0, "ccd_enroll_2013": 82.0, "ccd_enroll_2014": 99.0, "ccd_enroll_2015": 104.0, "ccd_enroll_2016": 115.0, "ccd_enroll_2017": 104.0, "ccd_enroll_2018": 112.0, "ccd_enroll_2019": 123.0, "ccd_enroll_2020": 109.0, "ccd_enroll_2021": 112.0, "ccd_enroll_2022": 107.0, "ccd_enroll_2023": 112.0, "longitude": -114.180711, "latitude": 46.02715}, "geometry": {"type": "Point", "coordinates": [237976.66359999776, 208314.74960000068]}}, {"type": "Feature", "properties": {"SCHOOL_NAME": "Gardiner High School", "ncessch": "301185000322", "OPI_SC": "0824", "CITY": "Gardiner", "COUNTY": "Park", "DISTRICT_NAME": "GARDINER HIGH SCHOOL", "LE_NUMBER": 1191, "DIST_TYPE": "Secondary", "pct_change_20yr": -48.38709677419355, "pct_change_10yr": -43.529411764705884, "pct_change_5yr": -23.809523809523807, "ccd_enroll_2003": 93.0, "ccd_enroll_2004": 90.0, "ccd_enroll_2005": 80.0, "ccd_enroll_2006": 85.0, "ccd_enroll_2007": 99.0, "ccd_enroll_2008": 92.0, "ccd_enroll_2009": 95.0, "ccd_enroll_2010": 91.0, "ccd_enroll_2011": 81.0, "ccd_enroll_2012": 84.0, "ccd_enroll_2013": 85.0, "ccd_enroll_2014": 78.0, "ccd_enroll_2015": 83.0, "ccd_enroll_2016": 83.0, "ccd_enroll_2017": 66.0, "ccd_enroll_2018": 63.0, "ccd_enroll_2019": 58.0, "ccd_enroll_2020": 48.0, "ccd_enroll_2021": 48.0, "ccd_enroll_2022": 56.0, "ccd_enroll_2023": 48.0, "longitude": -110.711291, "latitude": 45.031901}, "geometry": {"type": "Point", "coordinates": [504552.19609999657, 87647.58810000122]}}, {"type": "Feature", "properties": {"SCHOOL_NAME": "Richey High School", "ncessch": "302241000660", "OPI_SC": "0311", "CITY": "Richey", "COUNTY": "Dawson", "DISTRICT_NAME": "RICHEY HIGH SCHOOL", "LE_NUMBER": 228, "DIST_TYPE": "Secondary", "pct_change_20yr": -38.46153846153847, "pct_change_10yr": 9.090909090909092, "pct_change_5yr": -14.285714285714285, "ccd_enroll_2003": 39.0, "ccd_enroll_2004": 33.0, "ccd_enroll_2005": 28.0, "ccd_enroll_2006": 23.0, "ccd_enroll_2007": 24.0, "ccd_enroll_2008": 27.0, "ccd_enroll_2009": 25.0, "ccd_enroll_2010": 30.0, "ccd_enroll_2011": 29.0, "ccd_enroll_2012": 22.0, "ccd_enroll_2013": 22.0, "ccd_enroll_2014": 21.0, "ccd_enroll_2015": 22.0, "ccd_enroll_2016": 26.0, "ccd_enroll_2017": 31.0, "ccd_enroll_2018": 28.0, "ccd_enroll_2019": 26.0, "ccd_enroll_2020": 26.0, "ccd_enroll_2021": 26.0, "ccd_enroll_2022": 29.0, "ccd_enroll_2023": 24.0, "longitude": -105.067684, "latitude": 47.642572}, "geometry": {"type": "Point", "coordinates": [932681.5934000015, 386390.1458999999]}}, {"type": "Feature", "properties": {"SCHOOL_NAME": "Butte High School", "ncessch": "300531000156", "OPI_SC": "1103", "CITY": "Butte", "COUNTY": "Silver Bow", "DISTRICT_NAME": "BUTTE HIGH SCHOOL", "LE_NUMBER": 1212, "DIST_TYPE": "Secondary", "pct_change_20yr": -18.146718146718147, "pct_change_10yr": -1.8518518518518516, "pct_change_5yr": 5.298013245033113, "ccd_enroll_2003": 1554.0, "ccd_enroll_2004": 1554.0, "ccd_enroll_2005": 1521.0, "ccd_enroll_2006": 1533.0, "ccd_enroll_2007": 1543.0, "ccd_enroll_2008": 1493.0, "ccd_enroll_2009": 1438.0, "ccd_enroll_2010": 1361.0, "ccd_enroll_2011": 1300.0, "ccd_enroll_2012": 1288.0, "ccd_enroll_2013": 1296.0, "ccd_enroll_2014": 1260.0, "ccd_enroll_2015": 1199.0, "ccd_enroll_2016": 1199.0, "ccd_enroll_2017": 1206.0, "ccd_enroll_2018": 1208.0, "ccd_enroll_2019": 1216.0, "ccd_enroll_2020": 1280.0, "ccd_enroll_2021": 1295.0, "ccd_enroll_2022": 1317.0, "ccd_enroll_2023": 1272.0, "longitude": -112.533551, "latitude": 46.00861}, "geometry": {"type": "Point", "coordinates": [365213.2484000027, 199981.77580000088]}}, {"type": "Feature", "properties": {"SCHOOL_NAME": "Troy High School", "ncessch": "302658000749", "OPI_SC": "0697", "CITY": "Troy", "COUNTY": "Lincoln", "DISTRICT_NAME": "TROY HIGH SCHOOL", "LE_NUMBER": 520, "DIST_TYPE": "Secondary", "pct_change_20yr": -30.65326633165829, "pct_change_10yr": 5.343511450381679, "pct_change_5yr": 8.661417322834646, "ccd_enroll_2003": 199.0, "ccd_enroll_2004": 178.0, "ccd_enroll_2005": 187.0, "ccd_enroll_2006": 169.0, "ccd_enroll_2007": 169.0, "ccd_enroll_2008": 163.0, "ccd_enroll_2009": 164.0, "ccd_enroll_2010": 158.0, "ccd_enroll_2011": 146.0, "ccd_enroll_2012": 136.0, "ccd_enroll_2013": 131.0, "ccd_enroll_2014": 139.0, "ccd_enroll_2015": 127.0, "ccd_enroll_2016": 117.0, "ccd_enroll_2017": 120.0, "ccd_enroll_2018": 127.0, "ccd_enroll_2019": 141.0, "ccd_enroll_2020": 135.0, "ccd_enroll_2021": 127.0, "ccd_enroll_2022": 128.0, "ccd_enroll_2023": 138.0, "longitude": -115.89726, "latitude": 48.463833}, "geometry": {"type": "Point", "coordinates": [127557.61100000143, 487556.31819999963]}}, {"type": "Feature", "properties": {"SCHOOL_NAME": "Lame Deer High School", "ncessch": "300009500137", "OPI_SC": "1816", "CITY": "Lame Deer", "COUNTY": "Rosebud", "DISTRICT_NAME": "LAME DEER HIGH SCHOOL", "LE_NUMBER": 1230, "DIST_TYPE": "Secondary", "pct_change_20yr": 2.083333333333333, "pct_change_10yr": 84.90566037735849, "pct_change_5yr": 31.543624161073826, "ccd_enroll_2003": 192.0, "ccd_enroll_2004": 146.0, "ccd_enroll_2005": 157.0, "ccd_enroll_2006": 175.0, "ccd_enroll_2007": 177.0, "ccd_enroll_2008": 153.0, "ccd_enroll_2009": 141.0, "ccd_enroll_2010": 125.0, "ccd_enroll_2011": 120.0, "ccd_enroll_2012": 122.0, "ccd_enroll_2013": 106.0, "ccd_enroll_2014": 95.0, "ccd_enroll_2015": 136.0, "ccd_enroll_2016": 133.0, "ccd_enroll_2017": 152.0, "ccd_enroll_2018": 149.0, "ccd_enroll_2019": 132.0, "ccd_enroll_2020": 172.0, "ccd_enroll_2021": 182.0, "ccd_enroll_2022": 169.0, "ccd_enroll_2023": 196.0, "longitude": -106.655883, "latitude": 45.590135}, "geometry": {"type": "Point", "coordinates": [821819.7149000019, 152967.79980000108]}}, {"type": "Feature", "properties": {"SCHOOL_NAME": "Cascade High School", "ncessch": "300591000170", "OPI_SC": "0157", "CITY": "Cascade", "COUNTY": "Cascade", "DISTRICT_NAME": "CASCADE HIGH SCHOOL", "LE_NUMBER": 102, "DIST_TYPE": "Secondary", "pct_change_20yr": -25.675675675675674, "pct_change_10yr": 15.789473684210526, "pct_change_5yr": 35.80246913580247, "ccd_enroll_2003": 148.0, "ccd_enroll_2004": 146.0, "ccd_enroll_2005": 143.0, "ccd_enroll_2006": 146.0, "ccd_enroll_2007": 154.0, "ccd_enroll_2008": 147.0, "ccd_enroll_2009": 151.0, "ccd_enroll_2010": 130.0, "ccd_enroll_2011": 116.0, "ccd_enroll_2012": 102.0, "ccd_enroll_2013": 95.0, "ccd_enroll_2014": 100.0, "ccd_enroll_2015": 97.0, "ccd_enroll_2016": 106.0, "ccd_enroll_2017": 89.0, "ccd_enroll_2018": 81.0, "ccd_enroll_2019": 92.0, "ccd_enroll_2020": 91.0, "ccd_enroll_2021": 84.0, "ccd_enroll_2022": 101.0, "ccd_enroll_2023": 110.0, "longitude": -111.705398, "latitude": 47.271677}, "geometry": {"type": "Point", "coordinates": [433240.0621000007, 338110.26740000024]}}, {"type": "Feature", "properties": {"SCHOOL_NAME": "Drummond High School", "ncessch": "300921000263", "OPI_SC": "0564", "CITY": "Drummond", "COUNTY": "Granite", "DISTRICT_NAME": "DRUMMOND HIGH SCHOOL", "LE_NUMBER": 420, "DIST_TYPE": "Secondary", "pct_change_20yr": -28.999999999999996, "pct_change_10yr": 1.4285714285714286, "pct_change_5yr": 5.970149253731343, "ccd_enroll_2003": 100.0, "ccd_enroll_2004": 98.0, "ccd_enroll_2005": 100.0, "ccd_enroll_2006": 96.0, "ccd_enroll_2007": 87.0, "ccd_enroll_2008": 90.0, "ccd_enroll_2009": 87.0, "ccd_enroll_2010": 79.0, "ccd_enroll_2011": 70.0, "ccd_enroll_2012": 64.0, "ccd_enroll_2013": 70.0, "ccd_enroll_2014": 72.0, "ccd_enroll_2015": 84.0, "ccd_enroll_2016": 72.0, "ccd_enroll_2017": 73.0, "ccd_enroll_2018": 67.0, "ccd_enroll_2019": 57.0, "ccd_enroll_2020": 61.0, "ccd_enroll_2021": 61.0, "ccd_enroll_2022": 63.0, "ccd_enroll_2023": 71.0, "longitude": -113.148248, "latitude": 46.670533}, "geometry": {"type": "Point", "coordinates": [321093.3022999987, 275469.91690000147]}}, {"type": "Feature", "properties": {"SCHOOL_NAME": "Lima High School", "ncessch": "301671000520", "OPI_SC": "0010", "CITY": "Lima", "COUNTY": "Beaverhead", "DISTRICT_NAME": "LIMA K-12 SCHOOLS", "LE_NUMBER": 9, "DIST_TYPE": "Unified", "pct_change_20yr": -48.57142857142857, "pct_change_10yr": -30.76923076923077, "pct_change_5yr": -10.0, "ccd_enroll_2003": 35.0, "ccd_enroll_2004": 41.0, "ccd_enroll_2005": 35.0, "ccd_enroll_2006": 36.0, "ccd_enroll_2007": 25.0, "ccd_enroll_2008": 25.0, "ccd_enroll_2009": 26.0, "ccd_enroll_2010": 29.0, "ccd_enroll_2011": 29.0, "ccd_enroll_2012": 24.0, "ccd_enroll_2013": 26.0, "ccd_enroll_2014": 26.0, "ccd_enroll_2015": 17.0, "ccd_enroll_2016": 21.0, "ccd_enroll_2017": 20.0, "ccd_enroll_2018": 20.0, "ccd_enroll_2019": 21.0, "ccd_enroll_2020": 22.0, "ccd_enroll_2021": 18.0, "ccd_enroll_2022": 25.0, "ccd_enroll_2023": 18.0, "longitude": -112.592964, "latitude": 44.635063}, "geometry": {"type": "Point", "coordinates": [354591.7148000002, 47650.90469999984]}}, {"type": "Feature", "properties": {"SCHOOL_NAME": "Lone Peak High School", "ncessch": "300065401099", "OPI_SC": "1837", "CITY": "Big Sky", "COUNTY": "Gallatin", "DISTRICT_NAME": "BIG SKY K-12 SCHOOLS", "LE_NUMBER": 1239, "DIST_TYPE": "Unified", "pct_change_20yr": null, "pct_change_10yr": 88.33333333333333, "pct_change_5yr": 16.49484536082474, "ccd_enroll_2003": null, "ccd_enroll_2004": null, "ccd_enroll_2005": null, "ccd_enroll_2006": null, "ccd_enroll_2007": null, "ccd_enroll_2008": null, "ccd_enroll_2009": 23.0, "ccd_enroll_2010": 21.0, "ccd_enroll_2011": 50.0, "ccd_enroll_2012": 47.0, "ccd_enroll_2013": 60.0, "ccd_enroll_2014": 77.0, "ccd_enroll_2015": 70.0, "ccd_enroll_2016": 87.0, "ccd_enroll_2017": 101.0, "ccd_enroll_2018": 97.0, "ccd_enroll_2019": 107.0, "ccd_enroll_2020": 111.0, "ccd_enroll_2021": 109.0, "ccd_enroll_2022": 118.0, "ccd_enroll_2023": 113.0, "longitude": -111.251975, "latitude": 45.228971}, "geometry": {"type": "Point", "coordinates": [462442.934799999, 110347.69359999895]}}, {"type": "Feature", "properties": {"SCHOOL_NAME": "Plevna High School", "ncessch": "302100000628", "OPI_SC": "0352", "CITY": "Plevna", "COUNTY": "Fallon", "DISTRICT_NAME": "PLEVNA K-12 SCHOOLS", "LE_NUMBER": 256, "DIST_TYPE": "Unified", "pct_change_20yr": -18.75, "pct_change_10yr": 100.0, "pct_change_5yr": 36.84210526315789, "ccd_enroll_2003": 32.0, "ccd_enroll_2004": 37.0, "ccd_enroll_2005": 29.0, "ccd_enroll_2006": 29.0, "ccd_enroll_2007": 27.0, "ccd_enroll_2008": 28.0, "ccd_enroll_2009": 26.0, "ccd_enroll_2010": 24.0, "ccd_enroll_2011": 19.0, "ccd_enroll_2012": 20.0, "ccd_enroll_2013": 13.0, "ccd_enroll_2014": 14.0, "ccd_enroll_2015": 16.0, "ccd_enroll_2016": 7.0, "ccd_enroll_2017": 9.0, "ccd_enroll_2018": 19.0, "ccd_enroll_2019": 20.0, "ccd_enroll_2020": 26.0, "ccd_enroll_2021": 30.0, "ccd_enroll_2022": 25.0, "ccd_enroll_2023": 26.0, "longitude": -104.517968, "latitude": 46.418843}, "geometry": {"type": "Point", "coordinates": [982532.0622999966, 253180.94860000163]}}, {"type": "Feature", "properties": {"SCHOOL_NAME": "Lodge Grass High School", "ncessch": "301704000534", "OPI_SC": "0040", "CITY": "Lodge Grass", "COUNTY": "Big Horn", "DISTRICT_NAME": "LODGE GRASS HIGH SCHOOL", "LE_NUMBER": 1190, "DIST_TYPE": "Secondary", "pct_change_20yr": -1.6853932584269662, "pct_change_10yr": 66.66666666666666, "pct_change_5yr": 6.0606060606060606, "ccd_enroll_2003": 178.0, "ccd_enroll_2004": 160.0, "ccd_enroll_2005": 162.0, "ccd_enroll_2006": 154.0, "ccd_enroll_2007": 132.0, "ccd_enroll_2008": 121.0, "ccd_enroll_2009": 117.0, "ccd_enroll_2010": 111.0, "ccd_enroll_2011": 104.0, "ccd_enroll_2012": 109.0, "ccd_enroll_2013": 105.0, "ccd_enroll_2014": 109.0, "ccd_enroll_2015": 129.0, "ccd_enroll_2016": 120.0, "ccd_enroll_2017": 133.0, "ccd_enroll_2018": 165.0, "ccd_enroll_2019": 194.0, "ccd_enroll_2020": 187.0, "ccd_enroll_2021": 178.0, "ccd_enroll_2022": 172.0, "ccd_enroll_2023": 175.0, "longitude": -107.37002, "latitude": 45.317216}, "geometry": {"type": "Point", "coordinates": [766962.9750000015, 120885.25589999929]}}, {"type": "Feature", "properties": {"SCHOOL_NAME": "Chester-Joplin-Inverness HS", "ncessch": "300010100179", "OPI_SC": "0687", "CITY": "Chester", "COUNTY": "Liberty", "DISTRICT_NAME": "CHESTER-JOPLIN-INVERNESS HIGH SCHOOL", "LE_NUMBER": 1237, "DIST_TYPE": "Secondary", "pct_change_20yr": null, "pct_change_10yr": -12.676056338028168, "pct_change_5yr": 6.896551724137931, "ccd_enroll_2003": null, "ccd_enroll_2004": null, "ccd_enroll_2005": 90.0, "ccd_enroll_2006": 81.0, "ccd_enroll_2007": 77.0, "ccd_enroll_2008": 81.0, "ccd_enroll_2009": 71.0, "ccd_enroll_2010": 84.0, "ccd_enroll_2011": 79.0, "ccd_enroll_2012": 73.0, "ccd_enroll_2013": 71.0, "ccd_enroll_2014": 55.0, "ccd_enroll_2015": 67.0, "ccd_enroll_2016": 54.0, "ccd_enroll_2017": 51.0, "ccd_enroll_2018": 58.0, "ccd_enroll_2019": 48.0, "ccd_enroll_2020": 52.0, "ccd_enroll_2021": 60.0, "ccd_enroll_2022": 65.0, "ccd_enroll_2023": 62.0, "longitude": -110.964293, "latitude": 48.508667}, "geometry": {"type": "Point", "coordinates": [491840.02149999887, 474247.4706000015]}}, {"type": "Feature", "properties": {"SCHOOL_NAME": "Powell County High School", "ncessch": "302145000641", "OPI_SC": "0953", "CITY": "Deer Lodge", "COUNTY": "Powell", "DISTRICT_NAME": "POWELL COUNTY HIGH SCHOOL", "LE_NUMBER": 713, "DIST_TYPE": "Secondary", "pct_change_20yr": -40.96774193548387, "pct_change_10yr": -19.02654867256637, "pct_change_5yr": -3.684210526315789, "ccd_enroll_2003": 310.0, "ccd_enroll_2004": 307.0, "ccd_enroll_2005": 301.0, "ccd_enroll_2006": 295.0, "ccd_enroll_2007": 311.0, "ccd_enroll_2008": 285.0, "ccd_enroll_2009": 280.0, "ccd_enroll_2010": 263.0, "ccd_enroll_2011": 254.0, "ccd_enroll_2012": 235.0, "ccd_enroll_2013": 226.0, "ccd_enroll_2014": 224.0, "ccd_enroll_2015": 194.0, "ccd_enroll_2016": 200.0, "ccd_enroll_2017": 193.0, "ccd_enroll_2018": 190.0, "ccd_enroll_2019": 187.0, "ccd_enroll_2020": 156.0, "ccd_enroll_2021": 175.0, "ccd_enroll_2022": 186.0, "ccd_enroll_2023": 183.0, "longitude": -112.727701, "latitude": 46.399171}, "geometry": {"type": "Point", "coordinates": [351982.50930000097, 243936.51179999858]}}, {"type": "Feature", "properties": {"SCHOOL_NAME": "Ennis High School", "ncessch": "300993000277", "OPI_SC": "0731", "CITY": "Ennis", "COUNTY": "Madison", "DISTRICT_NAME": "ENNIS K-12 SCHOOLS", "LE_NUMBER": 546, "DIST_TYPE": "Unified", "pct_change_20yr": -7.6923076923076925, "pct_change_10yr": 11.11111111111111, "pct_change_5yr": 1.694915254237288, "ccd_enroll_2003": 130.0, "ccd_enroll_2004": 134.0, "ccd_enroll_2005": 121.0, "ccd_enroll_2006": 114.0, "ccd_enroll_2007": 112.0, "ccd_enroll_2008": 105.0, "ccd_enroll_2009": 90.0, "ccd_enroll_2010": 100.0, "ccd_enroll_2011": 101.0, "ccd_enroll_2012": 96.0, "ccd_enroll_2013": 108.0, "ccd_enroll_2014": 96.0, "ccd_enroll_2015": 110.0, "ccd_enroll_2016": 117.0, "ccd_enroll_2017": 110.0, "ccd_enroll_2018": 118.0, "ccd_enroll_2019": 115.0, "ccd_enroll_2020": 127.0, "ccd_enroll_2021": 124.0, "ccd_enroll_2022": 121.0, "ccd_enroll_2023": 120.0, "longitude": -111.733165, "latitude": 45.346835}, "geometry": {"type": "Point", "coordinates": [425044.56809999794, 124400.46040000021]}}, {"type": "Feature", "properties": {"SCHOOL_NAME": "Moore High School", "ncessch": "301890000589", "OPI_SC": "0373", "CITY": "Moore", "COUNTY": "Fergus", "DISTRICT_NAME": "MOORE HIGH SCHOOL", "LE_NUMBER": 274, "DIST_TYPE": "Secondary", "pct_change_20yr": -33.33333333333333, "pct_change_10yr": -52.63157894736842, "pct_change_5yr": -25.0, "ccd_enroll_2003": 27.0, "ccd_enroll_2004": 35.0, "ccd_enroll_2005": 35.0, "ccd_enroll_2006": 33.0, "ccd_enroll_2007": 42.0, "ccd_enroll_2008": 38.0, "ccd_enroll_2009": 41.0, "ccd_enroll_2010": 47.0, "ccd_enroll_2011": 40.0, "ccd_enroll_2012": 36.0, "ccd_enroll_2013": 38.0, "ccd_enroll_2014": 39.0, "ccd_enroll_2015": 36.0, "ccd_enroll_2016": 32.0, "ccd_enroll_2017": 31.0, "ccd_enroll_2018": 24.0, "ccd_enroll_2019": 26.0, "ccd_enroll_2020": 26.0, "ccd_enroll_2021": 16.0, "ccd_enroll_2022": 16.0, "ccd_enroll_2023": 18.0, "longitude": -109.692965, "latitude": 46.971634}, "geometry": {"type": "Point", "coordinates": [585325.054899998, 302443.94900000095]}}, {"type": "Feature", "properties": {"SCHOOL_NAME": "Stevensville High School", "ncessch": "302505000720", "OPI_SC": "0966", "CITY": "Stevensville", "COUNTY": "Ravalli", "DISTRICT_NAME": "STEVENSVILLE HIGH SCHOOL", "LE_NUMBER": 733, "DIST_TYPE": "Secondary", "pct_change_20yr": -18.805309734513273, "pct_change_10yr": -4.675324675324675, "pct_change_5yr": -5.167958656330749, "ccd_enroll_2003": 452.0, "ccd_enroll_2004": 452.0, "ccd_enroll_2005": 450.0, "ccd_enroll_2006": 468.0, "ccd_enroll_2007": 399.0, "ccd_enroll_2008": 412.0, "ccd_enroll_2009": 366.0, "ccd_enroll_2010": 367.0, "ccd_enroll_2011": 351.0, "ccd_enroll_2012": 362.0, "ccd_enroll_2013": 385.0, "ccd_enroll_2014": 386.0, "ccd_enroll_2015": 369.0, "ccd_enroll_2016": 356.0, "ccd_enroll_2017": 389.0, "ccd_enroll_2018": 387.0, "ccd_enroll_2019": 402.0, "ccd_enroll_2020": 374.0, "ccd_enroll_2021": 383.0, "ccd_enroll_2022": 349.0, "ccd_enroll_2023": 367.0, "longitude": -114.084617, "latitude": 46.506838}, "geometry": {"type": "Point", "coordinates": [248517.8897999972, 261076.6662000008]}}, {"type": "Feature", "properties": {"SCHOOL_NAME": "Fairfield High School", "ncessch": "301017000281", "OPI_SC": "1155", "CITY": "Fairfield", "COUNTY": "Teton", "DISTRICT_NAME": "FAIRFIELD HIGH SCHOOL", "LE_NUMBER": 891, "DIST_TYPE": "Secondary", "pct_change_20yr": -20.54794520547945, "pct_change_10yr": -0.8547008547008548, "pct_change_5yr": 3.571428571428571, "ccd_enroll_2003": 146.0, "ccd_enroll_2004": 174.0, "ccd_enroll_2005": 166.0, "ccd_enroll_2006": 152.0, "ccd_enroll_2007": 151.0, "ccd_enroll_2008": 128.0, "ccd_enroll_2009": 120.0, "ccd_enroll_2010": 128.0, "ccd_enroll_2011": 115.0, "ccd_enroll_2012": 109.0, "ccd_enroll_2013": 117.0, "ccd_enroll_2014": 108.0, "ccd_enroll_2015": 110.0, "ccd_enroll_2016": 109.0, "ccd_enroll_2017": 104.0, "ccd_enroll_2018": 112.0, "ccd_enroll_2019": 121.0, "ccd_enroll_2020": 123.0, "ccd_enroll_2021": 121.0, "ccd_enroll_2022": 116.0, "ccd_enroll_2023": 116.0, "longitude": -111.975808, "latitude": 47.615718}, "geometry": {"type": "Point", "coordinates": [414007.7626999989, 376930.37959999964]}}, {"type": "Feature", "properties": {"SCHOOL_NAME": "Circle High School", "ncessch": "300681000187", "OPI_SC": "0733", "CITY": "Circle", "COUNTY": "McCone", "DISTRICT_NAME": "CIRCLE HIGH SCHOOL", "LE_NUMBER": 548, "DIST_TYPE": "Secondary", "pct_change_20yr": -28.08988764044944, "pct_change_10yr": -24.705882352941178, "pct_change_5yr": 4.918032786885246, "ccd_enroll_2003": 89.0, "ccd_enroll_2004": 76.0, "ccd_enroll_2005": 92.0, "ccd_enroll_2006": 80.0, "ccd_enroll_2007": 84.0, "ccd_enroll_2008": 96.0, "ccd_enroll_2009": 93.0, "ccd_enroll_2010": 94.0, "ccd_enroll_2011": 88.0, "ccd_enroll_2012": 74.0, "ccd_enroll_2013": 85.0, "ccd_enroll_2014": 80.0, "ccd_enroll_2015": 73.0, "ccd_enroll_2016": 71.0, "ccd_enroll_2017": 66.0, "ccd_enroll_2018": 61.0, "ccd_enroll_2019": 63.0, "ccd_enroll_2020": 61.0, "ccd_enroll_2021": 64.0, "ccd_enroll_2022": 65.0, "ccd_enroll_2023": 64.0, "longitude": -105.592126, "latitude": 47.416451}, "geometry": {"type": "Point", "coordinates": [894605.9243000001, 359199.44110000134]}}, {"type": "Feature", "properties": {"SCHOOL_NAME": "Hot Springs High School", "ncessch": "301464000449", "OPI_SC": "1058", "CITY": "Hot Springs", "COUNTY": "Sanders", "DISTRICT_NAME": "HOT SPRINGS K-12", "LE_NUMBER": 815, "DIST_TYPE": "Unified", "pct_change_20yr": -31.08108108108108, "pct_change_10yr": -21.53846153846154, "pct_change_5yr": -22.727272727272727, "ccd_enroll_2003": 74.0, "ccd_enroll_2004": 64.0, "ccd_enroll_2005": 69.0, "ccd_enroll_2006": 72.0, "ccd_enroll_2007": 60.0, "ccd_enroll_2008": 62.0, "ccd_enroll_2009": 64.0, "ccd_enroll_2010": 59.0, "ccd_enroll_2011": 60.0, "ccd_enroll_2012": 59.0, "ccd_enroll_2013": 65.0, "ccd_enroll_2014": 67.0, "ccd_enroll_2015": 66.0, "ccd_enroll_2016": 79.0, "ccd_enroll_2017": 74.0, "ccd_enroll_2018": 66.0, "ccd_enroll_2019": 60.0, "ccd_enroll_2020": 62.0, "ccd_enroll_2021": 55.0, "ccd_enroll_2022": 46.0, "ccd_enroll_2023": 51.0, "longitude": -114.665003, "latitude": 47.608583}, "geometry": {"type": "Point", "coordinates": [212149.4321999997, 385990.36560000107]}}, {"type": "Feature", "properties": {"SCHOOL_NAME": "Shelby High School", "ncessch": "302391000694", "OPI_SC": "1178", "CITY": "Shelby", "COUNTY": "Toole", "DISTRICT_NAME": "SHELBY HIGH SCHOOL", "LE_NUMBER": 911, "DIST_TYPE": "Secondary", "pct_change_20yr": -33.84615384615385, "pct_change_10yr": -3.007518796992481, "pct_change_5yr": 12.173913043478262, "ccd_enroll_2003": 195.0, "ccd_enroll_2004": 193.0, "ccd_enroll_2005": 180.0, "ccd_enroll_2006": 190.0, "ccd_enroll_2007": 183.0, "ccd_enroll_2008": 187.0, "ccd_enroll_2009": 187.0, "ccd_enroll_2010": 153.0, "ccd_enroll_2011": 158.0, "ccd_enroll_2012": 145.0, "ccd_enroll_2013": 133.0, "ccd_enroll_2014": 149.0, "ccd_enroll_2015": 123.0, "ccd_enroll_2016": 118.0, "ccd_enroll_2017": 119.0, "ccd_enroll_2018": 115.0, "ccd_enroll_2019": 125.0, "ccd_enroll_2020": 104.0, "ccd_enroll_2021": 112.0, "ccd_enroll_2022": 120.0, "ccd_enroll_2023": 129.0, "longitude": -111.863586, "latitude": 48.515089}, "geometry": {"type": "Point", "coordinates": [425451.6701000035, 476584.2100000009]}}, {"type": "Feature", "properties": {"SCHOOL_NAME": "Hays-Lodge Pole High Sch", "ncessch": "301366000413", "OPI_SC": "1551", "CITY": "Hays", "COUNTY": "Blaine", "DISTRICT_NAME": "HAYS-LODGE POLE K-12 SCHOOLS", "LE_NUMBER": 1213, "DIST_TYPE": "Unified", "pct_change_20yr": -6.0, "pct_change_10yr": 84.31372549019608, "pct_change_5yr": 16.049382716049383, "ccd_enroll_2003": 100.0, "ccd_enroll_2004": 97.0, "ccd_enroll_2005": 110.0, "ccd_enroll_2006": 106.0, "ccd_enroll_2007": 99.0, "ccd_enroll_2008": 89.0, "ccd_enroll_2009": 80.0, "ccd_enroll_2010": 67.0, "ccd_enroll_2011": 60.0, "ccd_enroll_2012": 71.0, "ccd_enroll_2013": 51.0, "ccd_enroll_2014": 67.0, "ccd_enroll_2015": 74.0, "ccd_enroll_2016": 82.0, "ccd_enroll_2017": 78.0, "ccd_enroll_2018": 81.0, "ccd_enroll_2019": 83.0, "ccd_enroll_2020": 90.0, "ccd_enroll_2021": 84.0, "ccd_enroll_2022": 84.0, "ccd_enroll_2023": 94.0, "longitude": -108.688435, "latitude": 47.99763}, "geometry": {"type": "Point", "coordinates": [660537.1862000003, 416746.13859999925]}}, {"type": "Feature", "properties": {"SCHOOL_NAME": "Carter County High School", "ncessch": "300561000162", "OPI_SC": "0133", "CITY": "Ekalaka", "COUNTY": "Carter", "DISTRICT_NAME": "CARTER COUNTY HIGH SCHOOL", "LE_NUMBER": 97, "DIST_TYPE": "Secondary", "pct_change_20yr": -43.07692307692308, "pct_change_10yr": 8.823529411764707, "pct_change_5yr": 0.0, "ccd_enroll_2003": 65.0, "ccd_enroll_2004": 63.0, "ccd_enroll_2005": 63.0, "ccd_enroll_2006": 62.0, "ccd_enroll_2007": 55.0, "ccd_enroll_2008": 42.0, "ccd_enroll_2009": 45.0, "ccd_enroll_2010": 39.0, "ccd_enroll_2011": 36.0, "ccd_enroll_2012": 37.0, "ccd_enroll_2013": 34.0, "ccd_enroll_2014": 43.0, "ccd_enroll_2015": 34.0, "ccd_enroll_2016": 35.0, "ccd_enroll_2017": 34.0, "ccd_enroll_2018": 37.0, "ccd_enroll_2019": 42.0, "ccd_enroll_2020": 44.0, "ccd_enroll_2021": 39.0, "ccd_enroll_2022": 43.0, "ccd_enroll_2023": 37.0, "longitude": -104.551833, "latitude": 45.890701}, "geometry": {"type": "Point", "coordinates": [983639.6569999978, 194456.7773000002]}}, {"type": "Feature", "properties": {"SCHOOL_NAME": "Frazer High School", "ncessch": "301146000311", "OPI_SC": "1208", "CITY": "Frazer", "COUNTY": "Valley", "DISTRICT_NAME": "FRAZER HIGH SCHOOL", "LE_NUMBER": 928, "DIST_TYPE": "Secondary", "pct_change_20yr": -42.0, "pct_change_10yr": -17.142857142857142, "pct_change_5yr": 20.833333333333336, "ccd_enroll_2003": 50.0, "ccd_enroll_2004": 53.0, "ccd_enroll_2005": 38.0, "ccd_enroll_2006": 43.0, "ccd_enroll_2007": 39.0, "ccd_enroll_2008": 43.0, "ccd_enroll_2009": 39.0, "ccd_enroll_2010": 30.0, "ccd_enroll_2011": 33.0, "ccd_enroll_2012": 35.0, "ccd_enroll_2013": 35.0, "ccd_enroll_2014": 39.0, "ccd_enroll_2015": 41.0, "ccd_enroll_2016": 46.0, "ccd_enroll_2017": 38.0, "ccd_enroll_2018": 24.0, "ccd_enroll_2019": 29.0, "ccd_enroll_2020": 35.0, "ccd_enroll_2021": 32.0, "ccd_enroll_2022": 31.0, "ccd_enroll_2023": 29.0, "longitude": -106.046746, "latitude": 48.058209}, "geometry": {"type": "Point", "coordinates": [857213.6040999964, 428836.2259000018]}}, {"type": "Feature", "properties": {"SCHOOL_NAME": "Bainville High School", "ncessch": "300264000030", "OPI_SC": "1028", "CITY": "Bainville", "COUNTY": "Roosevelt", "DISTRICT_NAME": "BAINVILLE K-12 SCHOOLS", "LE_NUMBER": 785, "DIST_TYPE": "Unified", "pct_change_20yr": 35.13513513513514, "pct_change_10yr": 13.636363636363635, "pct_change_5yr": 11.11111111111111, "ccd_enroll_2003": 37.0, "ccd_enroll_2004": 29.0, "ccd_enroll_2005": 24.0, "ccd_enroll_2006": 22.0, "ccd_enroll_2007": 30.0, "ccd_enroll_2008": 31.0, "ccd_enroll_2009": 31.0, "ccd_enroll_2010": 36.0, "ccd_enroll_2011": 36.0, "ccd_enroll_2012": 37.0, "ccd_enroll_2013": 44.0, "ccd_enroll_2014": 45.0, "ccd_enroll_2015": 44.0, "ccd_enroll_2016": 48.0, "ccd_enroll_2017": 43.0, "ccd_enroll_2018": 45.0, "ccd_enroll_2019": 45.0, "ccd_enroll_2020": 48.0, "ccd_enroll_2021": 47.0, "ccd_enroll_2022": 47.0, "ccd_enroll_2023": 50.0, "longitude": -104.225776, "latitude": 48.13891}, "geometry": {"type": "Point", "coordinates": [992074.3360999972, 445340.2842999995]}}, {"type": "Feature", "properties": {"SCHOOL_NAME": "Sunburst High School", "ncessch": "302532000726", "OPI_SC": "1168", "CITY": "Sunburst", "COUNTY": "Toole", "DISTRICT_NAME": "SUNBURST K-12 SCHOOLS", "LE_NUMBER": 903, "DIST_TYPE": "Unified", "pct_change_20yr": -43.02325581395349, "pct_change_10yr": -30.0, "pct_change_5yr": -18.333333333333332, "ccd_enroll_2003": 86.0, "ccd_enroll_2004": 89.0, "ccd_enroll_2005": 76.0, "ccd_enroll_2006": 71.0, "ccd_enroll_2007": 59.0, "ccd_enroll_2008": 66.0, "ccd_enroll_2009": 58.0, "ccd_enroll_2010": 66.0, "ccd_enroll_2011": 69.0, "ccd_enroll_2012": 72.0, "ccd_enroll_2013": 70.0, "ccd_enroll_2014": 54.0, "ccd_enroll_2015": 58.0, "ccd_enroll_2016": 48.0, "ccd_enroll_2017": 54.0, "ccd_enroll_2018": 60.0, "ccd_enroll_2019": 41.0, "ccd_enroll_2020": 46.0, "ccd_enroll_2021": 39.0, "ccd_enroll_2022": 40.0, "ccd_enroll_2023": 49.0, "longitude": -111.914949, "latitude": 48.880014}, "geometry": {"type": "Point", "coordinates": [422910.52359999716, 517254.7492999993]}}, {"type": "Feature", "properties": {"SCHOOL_NAME": "Sheridan High School", "ncessch": "302418000698", "OPI_SC": "0722", "CITY": "Sheridan", "COUNTY": "Madison", "DISTRICT_NAME": "SHERIDAN HIGH SCHOOL", "LE_NUMBER": 538, "DIST_TYPE": "Secondary", "pct_change_20yr": -24.0, "pct_change_10yr": -1.7241379310344827, "pct_change_5yr": -5.0, "ccd_enroll_2003": 75.0, "ccd_enroll_2004": 79.0, "ccd_enroll_2005": 76.0, "ccd_enroll_2006": 81.0, "ccd_enroll_2007": 91.0, "ccd_enroll_2008": 79.0, "ccd_enroll_2009": 74.0, "ccd_enroll_2010": 76.0, "ccd_enroll_2011": 64.0, "ccd_enroll_2012": 75.0, "ccd_enroll_2013": 58.0, "ccd_enroll_2014": 56.0, "ccd_enroll_2015": 49.0, "ccd_enroll_2016": 49.0, "ccd_enroll_2017": 55.0, "ccd_enroll_2018": 60.0, "ccd_enroll_2019": 63.0, "ccd_enroll_2020": 68.0, "ccd_enroll_2021": 69.0, "ccd_enroll_2022": 60.0, "ccd_enroll_2023": 57.0, "longitude": -112.192294, "latitude": 45.455438}, "geometry": {"type": "Point", "coordinates": [389502.20859999955, 137591.74170000106]}}, {"type": "Feature", "properties": {"SCHOOL_NAME": "Shepherd High School", "ncessch": "302397000696", "OPI_SC": "1301", "CITY": "Shepherd", "COUNTY": "Yellowstone", "DISTRICT_NAME": "SHEPHERD HIGH SCHOOL", "LE_NUMBER": 986, "DIST_TYPE": "Secondary", "pct_change_20yr": -11.272727272727273, "pct_change_10yr": -3.937007874015748, "pct_change_5yr": -5.7915057915057915, "ccd_enroll_2003": 275.0, "ccd_enroll_2004": 279.0, "ccd_enroll_2005": 281.0, "ccd_enroll_2006": 277.0, "ccd_enroll_2007": 257.0, "ccd_enroll_2008": 279.0, "ccd_enroll_2009": 279.0, "ccd_enroll_2010": 270.0, "ccd_enroll_2011": 258.0, "ccd_enroll_2012": 246.0, "ccd_enroll_2013": 254.0, "ccd_enroll_2014": 280.0, "ccd_enroll_2015": 254.0, "ccd_enroll_2016": 250.0, "ccd_enroll_2017": 258.0, "ccd_enroll_2018": 259.0, "ccd_enroll_2019": 259.0, "ccd_enroll_2020": 249.0, "ccd_enroll_2021": 265.0, "ccd_enroll_2022": 253.0, "ccd_enroll_2023": 244.0, "longitude": -108.34375, "latitude": 45.941429}, "geometry": {"type": "Point", "coordinates": [689619.1811000034, 188632.1581000015]}}, {"type": "Feature", "properties": {"SCHOOL_NAME": "Florence-Carlton HS", "ncessch": "301110000301", "OPI_SC": "0977", "CITY": "Florence", "COUNTY": "Ravalli", "DISTRICT_NAME": "FLORENCE-CARLTON K-12 SCHOOLS", "LE_NUMBER": 743, "DIST_TYPE": "Unified", "pct_change_20yr": -21.9435736677116, "pct_change_10yr": -1.5810276679841897, "pct_change_5yr": 3.319502074688797, "ccd_enroll_2003": 319.0, "ccd_enroll_2004": 287.0, "ccd_enroll_2005": 276.0, "ccd_enroll_2006": 275.0, "ccd_enroll_2007": 289.0, "ccd_enroll_2008": 269.0, "ccd_enroll_2009": 277.0, "ccd_enroll_2010": 261.0, "ccd_enroll_2011": 252.0, "ccd_enroll_2012": 266.0, "ccd_enroll_2013": 253.0, "ccd_enroll_2014": 269.0, "ccd_enroll_2015": 279.0, "ccd_enroll_2016": 255.0, "ccd_enroll_2017": 252.0, "ccd_enroll_2018": 241.0, "ccd_enroll_2019": 245.0, "ccd_enroll_2020": 260.0, "ccd_enroll_2021": 270.0, "ccd_enroll_2022": 258.0, "ccd_enroll_2023": 249.0, "longitude": -114.076542, "latitude": 46.640665}, "geometry": {"type": "Point", "coordinates": [250004.5495999977, 275882.96350000054]}}, {"type": "Feature", "properties": {"SCHOOL_NAME": "Plentywood High School", "ncessch": "302096000626", "OPI_SC": "1071", "CITY": "Plentywood", "COUNTY": "Sheridan", "DISTRICT_NAME": "PLENTYWOOD K-12 SCHOOLS", "LE_NUMBER": 828, "DIST_TYPE": "Unified", "pct_change_20yr": -31.543624161073826, "pct_change_10yr": -15.0, "pct_change_5yr": 6.25, "ccd_enroll_2003": 149.0, "ccd_enroll_2004": 147.0, "ccd_enroll_2005": 137.0, "ccd_enroll_2006": 150.0, "ccd_enroll_2007": 124.0, "ccd_enroll_2008": 121.0, "ccd_enroll_2009": 123.0, "ccd_enroll_2010": 126.0, "ccd_enroll_2011": 122.0, "ccd_enroll_2012": 119.0, "ccd_enroll_2013": 120.0, "ccd_enroll_2014": 106.0, "ccd_enroll_2015": 112.0, "ccd_enroll_2016": 102.0, "ccd_enroll_2017": 86.0, "ccd_enroll_2018": 96.0, "ccd_enroll_2019": 102.0, "ccd_enroll_2020": 108.0, "ccd_enroll_2021": 115.0, "ccd_enroll_2022": 114.0, "ccd_enroll_2023": 102.0, "longitude": -104.554888, "latitude": 48.778146}, "geometry": {"type": "Point", "coordinates": [963158.8795000017, 514665.1132000014]}}, {"type": "Feature", "properties": {"SCHOOL_NAME": "Turner High School", "ncessch": "302667000751", "OPI_SC": "0070", "CITY": "Turner", "COUNTY": "Blaine", "DISTRICT_NAME": "TURNER HIGH SCHOOL", "LE_NUMBER": 45, "DIST_TYPE": "Secondary", "pct_change_20yr": -28.125, "pct_change_10yr": 53.333333333333336, "pct_change_5yr": 4.545454545454546, "ccd_enroll_2003": 32.0, "ccd_enroll_2004": 32.0, "ccd_enroll_2005": 34.0, "ccd_enroll_2006": 35.0, "ccd_enroll_2007": 39.0, "ccd_enroll_2008": 33.0, "ccd_enroll_2009": 28.0, "ccd_enroll_2010": 20.0, "ccd_enroll_2011": 14.0, "ccd_enroll_2012": 14.0, "ccd_enroll_2013": 15.0, "ccd_enroll_2014": 15.0, "ccd_enroll_2015": 23.0, "ccd_enroll_2016": 16.0, "ccd_enroll_2017": 20.0, "ccd_enroll_2018": 22.0, "ccd_enroll_2019": 16.0, "ccd_enroll_2020": 18.0, "ccd_enroll_2021": 18.0, "ccd_enroll_2022": 16.0, "ccd_enroll_2023": 23.0, "longitude": -108.403384, "latitude": 48.84722}, "geometry": {"type": "Point", "coordinates": [680476.572800003, 511441.3295000009]}}, {"type": "Feature", "properties": {"SCHOOL_NAME": "Skyview High School", "ncessch": "300390000871", "OPI_SC": "1628", "CITY": "Billings", "COUNTY": "Yellowstone", "DISTRICT_NAME": "BILLINGS HIGH SCHOOL", "LE_NUMBER": 966, "DIST_TYPE": "Secondary", "pct_change_20yr": -3.4482758620689653, "pct_change_10yr": 3.973941368078176, "pct_change_5yr": -4.7164179104477615, "ccd_enroll_2003": 1653.0, "ccd_enroll_2004": 1588.0, "ccd_enroll_2005": 1612.0, "ccd_enroll_2006": 1635.0, "ccd_enroll_2007": 1507.0, "ccd_enroll_2008": 1450.0, "ccd_enroll_2009": 1481.0, "ccd_enroll_2010": 1522.0, "ccd_enroll_2011": 1543.0, "ccd_enroll_2012": 1562.0, "ccd_enroll_2013": 1535.0, "ccd_enroll_2014": 1489.0, "ccd_enroll_2015": 1489.0, "ccd_enroll_2016": 1582.0, "ccd_enroll_2017": 1611.0, "ccd_enroll_2018": 1675.0, "ccd_enroll_2019": 1645.0, "ccd_enroll_2020": 1646.0, "ccd_enroll_2021": 1657.0, "ccd_enroll_2022": 1602.0, "ccd_enroll_2023": 1596.0, "longitude": -108.515287, "latitude": 45.831989}, "geometry": {"type": "Point", "coordinates": [676477.2131000012, 176292.3198999986]}}, {"type": "Feature", "properties": {"SCHOOL_NAME": "Jefferson High School", "ncessch": "301512000461", "OPI_SC": "0611", "CITY": "Boulder", "COUNTY": "Jefferson", "DISTRICT_NAME": "JEFFERSON HIGH SCHOOL", "LE_NUMBER": 457, "DIST_TYPE": "Secondary", "pct_change_20yr": 10.408921933085502, "pct_change_10yr": 33.18385650224215, "pct_change_5yr": 9.59409594095941, "ccd_enroll_2003": 269.0, "ccd_enroll_2004": 264.0, "ccd_enroll_2005": 258.0, "ccd_enroll_2006": 258.0, "ccd_enroll_2007": 241.0, "ccd_enroll_2008": 223.0, "ccd_enroll_2009": 203.0, "ccd_enroll_2010": 216.0, "ccd_enroll_2011": 215.0, "ccd_enroll_2012": 224.0, "ccd_enroll_2013": 223.0, "ccd_enroll_2014": 204.0, "ccd_enroll_2015": 210.0, "ccd_enroll_2016": 233.0, "ccd_enroll_2017": 261.0, "ccd_enroll_2018": 271.0, "ccd_enroll_2019": 289.0, "ccd_enroll_2020": 290.0, "ccd_enroll_2021": 291.0, "ccd_enroll_2022": 284.0, "ccd_enroll_2023": 297.0, "longitude": -112.119536, "latitude": 46.23377}, "geometry": {"type": "Point", "coordinates": [398080.2300999984, 223826.5998999998]}}, {"type": "Feature", "properties": {"SCHOOL_NAME": "Grass Range High School", "ncessch": "301299000352", "OPI_SC": "0368", "CITY": "Grass Range", "COUNTY": "Fergus", "DISTRICT_NAME": "GRASS RANGE HIGH SCHOOL", "LE_NUMBER": 269, "DIST_TYPE": "Secondary", "pct_change_20yr": -44.0, "pct_change_10yr": 12.0, "pct_change_5yr": 47.368421052631575, "ccd_enroll_2003": 50.0, "ccd_enroll_2004": 41.0, "ccd_enroll_2005": 37.0, "ccd_enroll_2006": 31.0, "ccd_enroll_2007": 30.0, "ccd_enroll_2008": 25.0, "ccd_enroll_2009": 20.0, "ccd_enroll_2010": 19.0, "ccd_enroll_2011": 29.0, "ccd_enroll_2012": 26.0, "ccd_enroll_2013": 25.0, "ccd_enroll_2014": 23.0, "ccd_enroll_2015": 17.0, "ccd_enroll_2016": 20.0, "ccd_enroll_2017": 18.0, "ccd_enroll_2018": 19.0, "ccd_enroll_2019": 14.0, "ccd_enroll_2020": 16.0, "ccd_enroll_2021": 18.0, "ccd_enroll_2022": 18.0, "ccd_enroll_2023": 28.0, "longitude": -108.800191, "latitude": 47.023876}, "geometry": {"type": "Point", "coordinates": [653167.9694000036, 308467.6079999991]}}, {"type": "Feature", "properties": {"SCHOOL_NAME": "Scobey High School", "ncessch": "302367000688", "OPI_SC": "0268", "CITY": "Scobey", "COUNTY": "Daniels", "DISTRICT_NAME": "SCOBEY K-12 SCHOOLS", "LE_NUMBER": 194, "DIST_TYPE": "Unified", "pct_change_20yr": -23.762376237623762, "pct_change_10yr": -11.494252873563218, "pct_change_5yr": -8.333333333333332, "ccd_enroll_2003": 101.0, "ccd_enroll_2004": 85.0, "ccd_enroll_2005": 71.0, "ccd_enroll_2006": 74.0, "ccd_enroll_2007": 75.0, "ccd_enroll_2008": 71.0, "ccd_enroll_2009": 83.0, "ccd_enroll_2010": 79.0, "ccd_enroll_2011": 75.0, "ccd_enroll_2012": 74.0, "ccd_enroll_2013": 87.0, "ccd_enroll_2014": 84.0, "ccd_enroll_2015": 84.0, "ccd_enroll_2016": 86.0, "ccd_enroll_2017": 85.0, "ccd_enroll_2018": 84.0, "ccd_enroll_2019": 85.0, "ccd_enroll_2020": 86.0, "ccd_enroll_2021": 83.0, "ccd_enroll_2022": 82.0, "ccd_enroll_2023": 77.0, "longitude": -105.416478, "latitude": 48.791541}, "geometry": {"type": "Point", "coordinates": [899871.2555999979, 512505.37959999964]}}, {"type": "Feature", "properties": {"SCHOOL_NAME": "C M Russell High School", "ncessch": "301305000379", "OPI_SC": "1464", "CITY": "Great Falls", "COUNTY": "Cascade", "DISTRICT_NAME": "GREAT FALLS HIGH SCHOOL", "LE_NUMBER": 99, "DIST_TYPE": "Secondary", "pct_change_20yr": -16.359447004608295, "pct_change_10yr": -4.158415841584159, "pct_change_5yr": 4.837545126353791, "ccd_enroll_2003": 1736.0, "ccd_enroll_2004": 1664.0, "ccd_enroll_2005": 1681.0, "ccd_enroll_2006": 1725.0, "ccd_enroll_2007": 1677.0, "ccd_enroll_2008": 1618.0, "ccd_enroll_2009": 1496.0, "ccd_enroll_2010": 1528.0, "ccd_enroll_2011": 1512.0, "ccd_enroll_2012": 1490.0, "ccd_enroll_2013": 1515.0, "ccd_enroll_2014": 1498.0, "ccd_enroll_2015": 1483.0, "ccd_enroll_2016": 1484.0, "ccd_enroll_2017": 1411.0, "ccd_enroll_2018": 1385.0, "ccd_enroll_2019": 1413.0, "ccd_enroll_2020": 1426.0, "ccd_enroll_2021": 1490.0, "ccd_enroll_2022": 1454.0, "ccd_enroll_2023": 1452.0, "longitude": -111.319039, "latitude": 47.520123}, "geometry": {"type": "Point", "coordinates": [463089.62629999965, 364958.0637000017]}}, {"type": "Feature", "properties": {"SCHOOL_NAME": "Choteau High School", "ncessch": "300633000184", "OPI_SC": "1148", "CITY": "Choteau", "COUNTY": "Teton", "DISTRICT_NAME": "CHOTEAU HIGH SCHOOL", "LE_NUMBER": 884, "DIST_TYPE": "Secondary", "pct_change_20yr": -30.81761006289308, "pct_change_10yr": -20.28985507246377, "pct_change_5yr": -10.569105691056912, "ccd_enroll_2003": 159.0, "ccd_enroll_2004": 153.0, "ccd_enroll_2005": 141.0, "ccd_enroll_2006": 139.0, "ccd_enroll_2007": 127.0, "ccd_enroll_2008": 129.0, "ccd_enroll_2009": 151.0, "ccd_enroll_2010": 155.0, "ccd_enroll_2011": 160.0, "ccd_enroll_2012": 155.0, "ccd_enroll_2013": 138.0, "ccd_enroll_2014": 112.0, "ccd_enroll_2015": 112.0, "ccd_enroll_2016": 124.0, "ccd_enroll_2017": 123.0, "ccd_enroll_2018": 123.0, "ccd_enroll_2019": 113.0, "ccd_enroll_2020": 108.0, "ccd_enroll_2021": 107.0, "ccd_enroll_2022": 103.0, "ccd_enroll_2023": 110.0, "longitude": -112.189741, "latitude": 47.811064}, "geometry": {"type": "Point", "coordinates": [398687.6403999999, 399155.51480000094]}}, {"type": "Feature", "properties": {"SCHOOL_NAME": "Lavina High School", "ncessch": "301629000503", "OPI_SC": "0556", "CITY": "Lavina", "COUNTY": "Golden Valley", "DISTRICT_NAME": "LAVINA K-12 SCHOOLS", "LE_NUMBER": 411, "DIST_TYPE": "Unified", "pct_change_20yr": -29.629629629629626, "pct_change_10yr": -24.0, "pct_change_5yr": -5.0, "ccd_enroll_2003": 27.0, "ccd_enroll_2004": 39.0, "ccd_enroll_2005": 35.0, "ccd_enroll_2006": 30.0, "ccd_enroll_2007": 33.0, "ccd_enroll_2008": 32.0, "ccd_enroll_2009": 25.0, "ccd_enroll_2010": 30.0, "ccd_enroll_2011": 26.0, "ccd_enroll_2012": 27.0, "ccd_enroll_2013": 25.0, "ccd_enroll_2014": 25.0, "ccd_enroll_2015": 27.0, "ccd_enroll_2016": 28.0, "ccd_enroll_2017": 25.0, "ccd_enroll_2018": 20.0, "ccd_enroll_2019": 16.0, "ccd_enroll_2020": 18.0, "ccd_enroll_2021": 23.0, "ccd_enroll_2022": 18.0, "ccd_enroll_2023": 19.0, "longitude": -108.935658, "latitude": 46.292866}, "geometry": {"type": "Point", "coordinates": [643461.197800003, 227171.87090000138]}}, {"type": "Feature", "properties": {"SCHOOL_NAME": "Conrad High School", "ncessch": "300732000210", "OPI_SC": "0893", "CITY": "Conrad", "COUNTY": "Pondera", "DISTRICT_NAME": "CONRAD  HIGH SCHOOL", "LE_NUMBER": 675, "DIST_TYPE": "Secondary", "pct_change_20yr": -37.117903930131, "pct_change_10yr": -16.27906976744186, "pct_change_5yr": 14.285714285714285, "ccd_enroll_2003": 229.0, "ccd_enroll_2004": 233.0, "ccd_enroll_2005": 217.0, "ccd_enroll_2006": 204.0, "ccd_enroll_2007": 213.0, "ccd_enroll_2008": 189.0, "ccd_enroll_2009": 200.0, "ccd_enroll_2010": 210.0, "ccd_enroll_2011": 187.0, "ccd_enroll_2012": 181.0, "ccd_enroll_2013": 172.0, "ccd_enroll_2014": 176.0, "ccd_enroll_2015": 165.0, "ccd_enroll_2016": 147.0, "ccd_enroll_2017": 143.0, "ccd_enroll_2018": 126.0, "ccd_enroll_2019": 124.0, "ccd_enroll_2020": 143.0, "ccd_enroll_2021": 138.0, "ccd_enroll_2022": 153.0, "ccd_enroll_2023": 144.0, "longitude": -111.953862, "latitude": 48.172222}, "geometry": {"type": "Point", "coordinates": [417593.15410000086, 438694.8482999988]}}, {"type": "Feature", "properties": {"SCHOOL_NAME": "Rocky Boy High School", "ncessch": "302891101086", "OPI_SC": "1807", "CITY": "Box Elder", "COUNTY": "Hill", "DISTRICT_NAME": "ROCKY BOY HIGH SCHOOL", "LE_NUMBER": 1229, "DIST_TYPE": "Secondary", "pct_change_20yr": 10.606060606060606, "pct_change_10yr": 6.569343065693431, "pct_change_5yr": 23.728813559322035, "ccd_enroll_2003": 132.0, "ccd_enroll_2004": 146.0, "ccd_enroll_2005": 128.0, "ccd_enroll_2006": 153.0, "ccd_enroll_2007": 148.0, "ccd_enroll_2008": 156.0, "ccd_enroll_2009": 157.0, "ccd_enroll_2010": 153.0, "ccd_enroll_2011": 147.0, "ccd_enroll_2012": 150.0, "ccd_enroll_2013": 137.0, "ccd_enroll_2014": 138.0, "ccd_enroll_2015": 132.0, "ccd_enroll_2016": 122.0, "ccd_enroll_2017": 134.0, "ccd_enroll_2018": 118.0, "ccd_enroll_2019": 140.0, "ccd_enroll_2020": 147.0, "ccd_enroll_2021": 140.0, "ccd_enroll_2022": 148.0, "ccd_enroll_2023": 146.0, "longitude": -109.782557, "latitude": 48.257523}, "geometry": {"type": "Point", "coordinates": [579027.0342999995, 445356.51209999993]}}, {"type": "Feature", "properties": {"SCHOOL_NAME": "Flathead High School", "ncessch": "301542000470", "OPI_SC": "0462", "CITY": "Kalispell", "COUNTY": "Flathead", "DISTRICT_NAME": "FLATHEAD HIGH SCHOOL", "LE_NUMBER": 311, "DIST_TYPE": "Secondary", "pct_change_20yr": -11.086837793555434, "pct_change_10yr": 7.387862796833773, "pct_change_5yr": 5.645684620376379, "ccd_enroll_2003": 1831.0, "ccd_enroll_2004": 1846.0, "ccd_enroll_2005": 1867.0, "ccd_enroll_2006": 1869.0, "ccd_enroll_2007": 1648.0, "ccd_enroll_2008": 1414.0, "ccd_enroll_2009": 1407.0, "ccd_enroll_2010": 1439.0, "ccd_enroll_2011": 1485.0, "ccd_enroll_2012": 1519.0, "ccd_enroll_2013": 1516.0, "ccd_enroll_2014": 1512.0, "ccd_enroll_2015": 1474.0, "ccd_enroll_2016": 1492.0, "ccd_enroll_2017": 1529.0, "ccd_enroll_2018": 1541.0, "ccd_enroll_2019": 1516.0, "ccd_enroll_2020": 1607.0, "ccd_enroll_2021": 1607.0, "ccd_enroll_2022": 1626.0, "ccd_enroll_2023": 1628.0, "longitude": -114.317417, "latitude": 48.1913}, "geometry": {"type": "Point", "coordinates": [242196.75720000267, 448964.61400000006]}}, {"type": "Feature", "properties": {"SCHOOL_NAME": "Absarokee High School", "ncessch": "300174000002", "OPI_SC": "1126", "CITY": "Absarokee", "COUNTY": "Stillwater", "DISTRICT_NAME": "ABSAROKEE HIGH SCHOOL", "LE_NUMBER": 862, "DIST_TYPE": "Secondary", "pct_change_20yr": -32.47863247863248, "pct_change_10yr": 1.282051282051282, "pct_change_5yr": -8.13953488372093, "ccd_enroll_2003": 117.0, "ccd_enroll_2004": 95.0, "ccd_enroll_2005": 103.0, "ccd_enroll_2006": 109.0, "ccd_enroll_2007": 109.0, "ccd_enroll_2008": 108.0, "ccd_enroll_2009": 102.0, "ccd_enroll_2010": 103.0, "ccd_enroll_2011": 96.0, "ccd_enroll_2012": 87.0, "ccd_enroll_2013": 78.0, "ccd_enroll_2014": 81.0, "ccd_enroll_2015": 87.0, "ccd_enroll_2016": 85.0, "ccd_enroll_2017": 92.0, "ccd_enroll_2018": 86.0, "ccd_enroll_2019": 80.0, "ccd_enroll_2020": 74.0, "ccd_enroll_2021": 58.0, "ccd_enroll_2022": 71.0, "ccd_enroll_2023": 79.0, "longitude": -109.447213, "latitude": 45.513839}, "geometry": {"type": "Point", "coordinates": [604123.6067999974, 140464.15740000084]}}, {"type": "Feature", "properties": {"SCHOOL_NAME": "Whitefish High School", "ncessch": "302779000775", "OPI_SC": "0448", "CITY": "Whitefish", "COUNTY": "Flathead", "DISTRICT_NAME": "WHITEFISH HIGH SCHOOL", "LE_NUMBER": 335, "DIST_TYPE": "Secondary", "pct_change_20yr": -6.528189910979229, "pct_change_10yr": 26.76056338028169, "pct_change_5yr": 20.229007633587788, "ccd_enroll_2003": 674.0, "ccd_enroll_2004": 743.0, "ccd_enroll_2005": 725.0, "ccd_enroll_2006": 704.0, "ccd_enroll_2007": 641.0, "ccd_enroll_2008": 551.0, "ccd_enroll_2009": 510.0, "ccd_enroll_2010": 492.0, "ccd_enroll_2011": 500.0, "ccd_enroll_2012": 478.0, "ccd_enroll_2013": 497.0, "ccd_enroll_2014": 497.0, "ccd_enroll_2015": 480.0, "ccd_enroll_2016": 482.0, "ccd_enroll_2017": 484.0, "ccd_enroll_2018": 524.0, "ccd_enroll_2019": 579.0, "ccd_enroll_2020": 588.0, "ccd_enroll_2021": 576.0, "ccd_enroll_2022": 581.0, "ccd_enroll_2023": 630.0, "longitude": -114.326016, "latitude": 48.407568}, "geometry": {"type": "Point", "coordinates": [243039.179399997, 472998.0210000016]}}, {"type": "Feature", "properties": {"SCHOOL_NAME": "St Regis High School", "ncessch": "302493000715", "OPI_SC": "0771", "CITY": "St Regis", "COUNTY": "Mineral", "DISTRICT_NAME": "ST REGIS K-12 SCHOOLS", "LE_NUMBER": 582, "DIST_TYPE": "Unified", "pct_change_20yr": -8.571428571428571, "pct_change_10yr": 48.837209302325576, "pct_change_5yr": 42.22222222222222, "ccd_enroll_2003": 70.0, "ccd_enroll_2004": 73.0, "ccd_enroll_2005": 56.0, "ccd_enroll_2006": 61.0, "ccd_enroll_2007": 58.0, "ccd_enroll_2008": 50.0, "ccd_enroll_2009": 39.0, "ccd_enroll_2010": 41.0, "ccd_enroll_2011": 44.0, "ccd_enroll_2012": 41.0, "ccd_enroll_2013": 43.0, "ccd_enroll_2014": 47.0, "ccd_enroll_2015": 45.0, "ccd_enroll_2016": 43.0, "ccd_enroll_2017": 39.0, "ccd_enroll_2018": 45.0, "ccd_enroll_2019": 33.0, "ccd_enroll_2020": 39.0, "ccd_enroll_2021": 56.0, "ccd_enroll_2022": 55.0, "ccd_enroll_2023": 64.0, "longitude": -115.100949, "latitude": 47.300041}, "geometry": {"type": "Point", "coordinates": [177017.4768999964, 354043.74909999967]}}, {"type": "Feature", "properties": {"SCHOOL_NAME": "Fort Benton High School", "ncessch": "301126000307", "OPI_SC": "0192", "CITY": "Fort Benton", "COUNTY": "Chouteau", "DISTRICT_NAME": "FORT BENTON HIGH SCHOOL", "LE_NUMBER": 134, "DIST_TYPE": "Secondary", "pct_change_20yr": -18.97810218978102, "pct_change_10yr": 38.75, "pct_change_5yr": 11.0, "ccd_enroll_2003": 137.0, "ccd_enroll_2004": 137.0, "ccd_enroll_2005": 127.0, "ccd_enroll_2006": 115.0, "ccd_enroll_2007": 114.0, "ccd_enroll_2008": 109.0, "ccd_enroll_2009": 102.0, "ccd_enroll_2010": 89.0, "ccd_enroll_2011": 88.0, "ccd_enroll_2012": 73.0, "ccd_enroll_2013": 80.0, "ccd_enroll_2014": 71.0, "ccd_enroll_2015": 70.0, "ccd_enroll_2016": 79.0, "ccd_enroll_2017": 94.0, "ccd_enroll_2018": 100.0, "ccd_enroll_2019": 94.0, "ccd_enroll_2020": 93.0, "ccd_enroll_2021": 92.0, "ccd_enroll_2022": 107.0, "ccd_enroll_2023": 111.0, "longitude": -110.667117, "latitude": 47.82294}, "geometry": {"type": "Point", "coordinates": [512653.4450000003, 397669.124499999]}}, {"type": "Feature", "properties": {"SCHOOL_NAME": "Twin Bridges High School", "ncessch": "302673000753", "OPI_SC": "0724", "CITY": "Twin Bridges", "COUNTY": "Madison", "DISTRICT_NAME": "TWIN BRIDGES K-12 SCHOOLS", "LE_NUMBER": 540, "DIST_TYPE": "Unified", "pct_change_20yr": -7.936507936507936, "pct_change_10yr": -40.816326530612244, "pct_change_5yr": -21.62162162162162, "ccd_enroll_2003": 63.0, "ccd_enroll_2004": 74.0, "ccd_enroll_2005": 83.0, "ccd_enroll_2006": 100.0, "ccd_enroll_2007": 108.0, "ccd_enroll_2008": 104.0, "ccd_enroll_2009": 100.0, "ccd_enroll_2010": 98.0, "ccd_enroll_2011": 104.0, "ccd_enroll_2012": 93.0, "ccd_enroll_2013": 98.0, "ccd_enroll_2014": 100.0, "ccd_enroll_2015": 93.0, "ccd_enroll_2016": 88.0, "ccd_enroll_2017": 83.0, "ccd_enroll_2018": 74.0, "ccd_enroll_2019": 67.0, "ccd_enroll_2020": 70.0, "ccd_enroll_2021": 57.0, "ccd_enroll_2022": 63.0, "ccd_enroll_2023": 58.0, "longitude": -112.333245, "latitude": 45.546158}, "geometry": {"type": "Point", "coordinates": [378851.0993999988, 148053.93710000068]}}, {"type": "Feature", "properties": {"SCHOOL_NAME": "Bozeman High School", "ncessch": "300459000113", "OPI_SC": "0473", "CITY": "Bozeman", "COUNTY": "Gallatin", "DISTRICT_NAME": "BOZEMAN HIGH SCHOOL", "LE_NUMBER": 351, "DIST_TYPE": "Secondary", "pct_change_20yr": -31.324647122692724, "pct_change_10yr": -35.161455663762176, "pct_change_5yr": -42.6043557168784, "ccd_enroll_2003": 1842.0, "ccd_enroll_2004": 1957.0, "ccd_enroll_2005": 1992.0, "ccd_enroll_2006": 1936.0, "ccd_enroll_2007": 1907.0, "ccd_enroll_2008": 1852.0, "ccd_enroll_2009": 1820.0, "ccd_enroll_2010": 1805.0, "ccd_enroll_2011": 1825.0, "ccd_enroll_2012": 1890.0, "ccd_enroll_2013": 1951.0, "ccd_enroll_2014": 1963.0, "ccd_enroll_2015": 1989.0, "ccd_enroll_2016": 2106.0, "ccd_enroll_2017": 2157.0, "ccd_enroll_2018": 2204.0, "ccd_enroll_2019": 2243.0, "ccd_enroll_2020": 1463.0, "ccd_enroll_2021": 1228.0, "ccd_enroll_2022": 1280.0, "ccd_enroll_2023": 1265.0, "longitude": -111.053437, "latitude": 45.68028}, "geometry": {"type": "Point", "coordinates": [479023.52329999954, 160155.57140000165]}}, {"type": "Feature", "properties": {"SCHOOL_NAME": "Hellgate High School", "ncessch": "301854000562", "OPI_SC": "1432", "CITY": "Missoula", "COUNTY": "Missoula", "DISTRICT_NAME": "MISSOULA HIGH SCHOOL", "LE_NUMBER": 584, "DIST_TYPE": "Secondary", "pct_change_20yr": 4.625199362041467, "pct_change_10yr": 5.212510024057739, "pct_change_5yr": 6.580016246953696, "ccd_enroll_2003": 1254.0, "ccd_enroll_2004": 1253.0, "ccd_enroll_2005": 1272.0, "ccd_enroll_2006": 1283.0, "ccd_enroll_2007": 1291.0, "ccd_enroll_2008": 1226.0, "ccd_enroll_2009": 1251.0, "ccd_enroll_2010": 1272.0, "ccd_enroll_2011": 1283.0, "ccd_enroll_2012": 1250.0, "ccd_enroll_2013": 1247.0, "ccd_enroll_2014": 1205.0, "ccd_enroll_2015": 1232.0, "ccd_enroll_2016": 1203.0, "ccd_enroll_2017": 1183.0, "ccd_enroll_2018": 1231.0, "ccd_enroll_2019": 1177.0, "ccd_enroll_2020": 1210.0, "ccd_enroll_2021": 1263.0, "ccd_enroll_2022": 1304.0, "ccd_enroll_2023": 1312.0, "longitude": -113.996847, "latitude": 46.862544}, "geometry": {"type": "Point", "coordinates": [257506.9592999965, 300140.0128000006]}}, {"type": "Feature", "properties": {"SCHOOL_NAME": "Polson High School", "ncessch": "302109000633", "OPI_SC": "0633", "CITY": "Polson", "COUNTY": "Lake", "DISTRICT_NAME": "POLSON HIGH SCHOOL", "LE_NUMBER": 478, "DIST_TYPE": "Secondary", "pct_change_20yr": 3.9923954372623576, "pct_change_10yr": 7.465618860510806, "pct_change_5yr": 13.016528925619836, "ccd_enroll_2003": 526.0, "ccd_enroll_2004": 552.0, "ccd_enroll_2005": 553.0, "ccd_enroll_2006": 543.0, "ccd_enroll_2007": 540.0, "ccd_enroll_2008": 499.0, "ccd_enroll_2009": 490.0, "ccd_enroll_2010": 517.0, "ccd_enroll_2011": 521.0, "ccd_enroll_2012": 504.0, "ccd_enroll_2013": 509.0, "ccd_enroll_2014": 482.0, "ccd_enroll_2015": 477.0, "ccd_enroll_2016": 475.0, "ccd_enroll_2017": 471.0, "ccd_enroll_2018": 484.0, "ccd_enroll_2019": 481.0, "ccd_enroll_2020": 507.0, "ccd_enroll_2021": 511.0, "ccd_enroll_2022": 524.0, "ccd_enroll_2023": 547.0, "longitude": -114.168386, "latitude": 47.678592}, "geometry": {"type": "Point", "coordinates": [249858.27920000255, 391415.1050999984]}}, {"type": "Feature", "properties": {"SCHOOL_NAME": "Hobson High School", "ncessch": "301443000446", "OPI_SC": "0623", "CITY": "Hobson", "COUNTY": "Judith Basin", "DISTRICT_NAME": "HOBSON K-12 SCHOOLS", "LE_NUMBER": 469, "DIST_TYPE": "Unified", "pct_change_20yr": -7.142857142857142, "pct_change_10yr": 44.44444444444444, "pct_change_5yr": -7.142857142857142, "ccd_enroll_2003": 42.0, "ccd_enroll_2004": 36.0, "ccd_enroll_2005": 51.0, "ccd_enroll_2006": 51.0, "ccd_enroll_2007": 44.0, "ccd_enroll_2008": 44.0, "ccd_enroll_2009": 42.0, "ccd_enroll_2010": 40.0, "ccd_enroll_2011": 36.0, "ccd_enroll_2012": 33.0, "ccd_enroll_2013": 27.0, "ccd_enroll_2014": 29.0, "ccd_enroll_2015": 35.0, "ccd_enroll_2016": 27.0, "ccd_enroll_2017": 36.0, "ccd_enroll_2018": 42.0, "ccd_enroll_2019": 38.0, "ccd_enroll_2020": 40.0, "ccd_enroll_2021": 38.0, "ccd_enroll_2022": 41.0, "ccd_enroll_2023": 39.0, "longitude": -109.873926, "latitude": 46.998288}, "geometry": {"type": "Point", "coordinates": [571577.1493000016, 305454.99819999933]}}, {"type": "Feature", "properties": {"SCHOOL_NAME": "Harlem High School", "ncessch": "301340000400", "OPI_SC": "0049", "CITY": "Harlem", "COUNTY": "Blaine", "DISTRICT_NAME": "HARLEM HIGH SCHOOL", "LE_NUMBER": 31, "DIST_TYPE": "Secondary", "pct_change_20yr": -11.29032258064516, "pct_change_10yr": 5.095541401273886, "pct_change_5yr": 3.125, "ccd_enroll_2003": 186.0, "ccd_enroll_2004": 193.0, "ccd_enroll_2005": 195.0, "ccd_enroll_2006": 180.0, "ccd_enroll_2007": 169.0, "ccd_enroll_2008": 152.0, "ccd_enroll_2009": 143.0, "ccd_enroll_2010": 152.0, "ccd_enroll_2011": 150.0, "ccd_enroll_2012": 137.0, "ccd_enroll_2013": 157.0, "ccd_enroll_2014": 158.0, "ccd_enroll_2015": 138.0, "ccd_enroll_2016": 144.0, "ccd_enroll_2017": 137.0, "ccd_enroll_2018": 160.0, "ccd_enroll_2019": 166.0, "ccd_enroll_2020": 171.0, "ccd_enroll_2021": 175.0, "ccd_enroll_2022": 163.0, "ccd_enroll_2023": 165.0, "longitude": -108.7767, "latitude": 48.529712}, "geometry": {"type": "Point", "coordinates": [653407.2747000009, 475822.65139999986]}}, {"type": "Feature", "properties": {"SCHOOL_NAME": "Melstone High School", "ncessch": "301827000555", "OPI_SC": "0813", "CITY": "Melstone", "COUNTY": "Musselshell", "DISTRICT_NAME": "MELSTONE HIGH SCHOOL", "LE_NUMBER": 608, "DIST_TYPE": "Secondary", "pct_change_20yr": 45.45454545454545, "pct_change_10yr": 68.42105263157895, "pct_change_5yr": 10.344827586206897, "ccd_enroll_2003": 22.0, "ccd_enroll_2004": 18.0, "ccd_enroll_2005": 21.0, "ccd_enroll_2006": 20.0, "ccd_enroll_2007": 21.0, "ccd_enroll_2008": 29.0, "ccd_enroll_2009": 27.0, "ccd_enroll_2010": 31.0, "ccd_enroll_2011": 27.0, "ccd_enroll_2012": 28.0, "ccd_enroll_2013": 19.0, "ccd_enroll_2014": 27.0, "ccd_enroll_2015": 26.0, "ccd_enroll_2016": 29.0, "ccd_enroll_2017": 33.0, "ccd_enroll_2018": 29.0, "ccd_enroll_2019": 27.0, "ccd_enroll_2020": 25.0, "ccd_enroll_2021": 31.0, "ccd_enroll_2022": 33.0, "ccd_enroll_2023": 32.0, "longitude": -107.867475, "latitude": 46.600998}, "geometry": {"type": "Point", "coordinates": [725002.8291999996, 262550.88639999926]}}, {"type": "Feature", "properties": {"SCHOOL_NAME": "Forsyth High School", "ncessch": "301119000304", "OPI_SC": "1034", "CITY": "Forsyth", "COUNTY": "Rosebud", "DISTRICT_NAME": "FORSYTH HIGH SCHOOL", "LE_NUMBER": 791, "DIST_TYPE": "Secondary", "pct_change_20yr": -31.97278911564626, "pct_change_10yr": -10.714285714285714, "pct_change_5yr": -6.5420560747663545, "ccd_enroll_2003": 147.0, "ccd_enroll_2004": 132.0, "ccd_enroll_2005": 134.0, "ccd_enroll_2006": 138.0, "ccd_enroll_2007": 150.0, "ccd_enroll_2008": 140.0, "ccd_enroll_2009": 124.0, "ccd_enroll_2010": 134.0, "ccd_enroll_2011": 121.0, "ccd_enroll_2012": 121.0, "ccd_enroll_2013": 112.0, "ccd_enroll_2014": 111.0, "ccd_enroll_2015": 117.0, "ccd_enroll_2016": 118.0, "ccd_enroll_2017": 107.0, "ccd_enroll_2018": 107.0, "ccd_enroll_2019": 101.0, "ccd_enroll_2020": 90.0, "ccd_enroll_2021": 86.0, "ccd_enroll_2022": 99.0, "ccd_enroll_2023": 100.0, "longitude": -106.681354, "latitude": 46.268821}, "geometry": {"type": "Point", "coordinates": [817121.173299998, 228251.02629999816]}}, {"type": "Feature", "properties": {"SCHOOL_NAME": "Geyser High School", "ncessch": "301230000335", "OPI_SC": "0627", "CITY": "Geyser", "COUNTY": "Judith Basin", "DISTRICT_NAME": "GEYSER K-12", "LE_NUMBER": 473, "DIST_TYPE": "Unified", "pct_change_20yr": -58.97435897435898, "pct_change_10yr": -30.434782608695656, "pct_change_5yr": -5.88235294117647, "ccd_enroll_2003": 39.0, "ccd_enroll_2004": 46.0, "ccd_enroll_2005": 44.0, "ccd_enroll_2006": 42.0, "ccd_enroll_2007": 34.0, "ccd_enroll_2008": 22.0, "ccd_enroll_2009": 18.0, "ccd_enroll_2010": 15.0, "ccd_enroll_2011": 22.0, "ccd_enroll_2012": 21.0, "ccd_enroll_2013": 23.0, "ccd_enroll_2014": 23.0, "ccd_enroll_2015": 23.0, "ccd_enroll_2016": 22.0, "ccd_enroll_2017": 17.0, "ccd_enroll_2018": 17.0, "ccd_enroll_2019": 13.0, "ccd_enroll_2020": 11.0, "ccd_enroll_2021": 12.0, "ccd_enroll_2022": 16.0, "ccd_enroll_2023": 16.0, "longitude": -110.492903, "latitude": 47.257521}, "geometry": {"type": "Point", "coordinates": [524894.3382999972, 334665.6339999996]}}, {"type": "Feature", "properties": {"SCHOOL_NAME": "Heart Butte High School", "ncessch": "300009900924", "OPI_SC": "1656", "CITY": "Heart Butte", "COUNTY": "Pondera", "DISTRICT_NAME": "HEART BUTTE K-12 SCHOOLS", "LE_NUMBER": 1226, "DIST_TYPE": "Unified", "pct_change_20yr": -7.59493670886076, "pct_change_10yr": 48.97959183673469, "pct_change_5yr": 19.672131147540984, "ccd_enroll_2003": 79.0, "ccd_enroll_2004": 77.0, "ccd_enroll_2005": 58.0, "ccd_enroll_2006": 54.0, "ccd_enroll_2007": 60.0, "ccd_enroll_2008": 52.0, "ccd_enroll_2009": 39.0, "ccd_enroll_2010": 43.0, "ccd_enroll_2011": 48.0, "ccd_enroll_2012": 45.0, "ccd_enroll_2013": 49.0, "ccd_enroll_2014": 48.0, "ccd_enroll_2015": 54.0, "ccd_enroll_2016": 61.0, "ccd_enroll_2017": 67.0, "ccd_enroll_2018": 61.0, "ccd_enroll_2019": 63.0, "ccd_enroll_2020": 66.0, "ccd_enroll_2021": 82.0, "ccd_enroll_2022": 74.0, "ccd_enroll_2023": 73.0, "longitude": -112.833911, "latitude": 48.274928}, "geometry": {"type": "Point", "coordinates": [352695.15779999644, 452517.4123999998]}}, {"type": "Feature", "properties": {"SCHOOL_NAME": "Capital High School", "ncessch": "301383000429", "OPI_SC": "1547", "CITY": "Helena", "COUNTY": "Lewis and Clark", "DISTRICT_NAME": "HELENA HIGH SCHOOL", "LE_NUMBER": 488, "DIST_TYPE": "Secondary", "pct_change_20yr": -3.6645525017618046, "pct_change_10yr": 3.2477341389728096, "pct_change_5yr": 2.3203592814371254, "ccd_enroll_2003": 1419.0, "ccd_enroll_2004": 1432.0, "ccd_enroll_2005": 1425.0, "ccd_enroll_2006": 1431.0, "ccd_enroll_2007": 1404.0, "ccd_enroll_2008": 1417.0, "ccd_enroll_2009": 1369.0, "ccd_enroll_2010": 1383.0, "ccd_enroll_2011": 1369.0, "ccd_enroll_2012": 1362.0, "ccd_enroll_2013": 1324.0, "ccd_enroll_2014": 1276.0, "ccd_enroll_2015": 1269.0, "ccd_enroll_2016": 1320.0, "ccd_enroll_2017": 1357.0, "ccd_enroll_2018": 1336.0, "ccd_enroll_2019": 1353.0, "ccd_enroll_2020": 1366.0, "ccd_enroll_2021": 1350.0, "ccd_enroll_2022": 1427.0, "ccd_enroll_2023": 1367.0, "longitude": -112.048119, "latitude": 46.614461}, "geometry": {"type": "Point", "coordinates": [404958.88440000266, 265916.65100000054]}}, {"type": "Feature", "properties": {"SCHOOL_NAME": "Frenchtown High School", "ncessch": "301152000313", "OPI_SC": "0803", "CITY": "Frenchtown", "COUNTY": "Missoula", "DISTRICT_NAME": "FRENCHTOWN K-12 SCHOOLS", "LE_NUMBER": 599, "DIST_TYPE": "Unified", "pct_change_20yr": 22.10242587601078, "pct_change_10yr": 16.452442159383033, "pct_change_5yr": 18.586387434554975, "ccd_enroll_2003": 371.0, "ccd_enroll_2004": 389.0, "ccd_enroll_2005": 412.0, "ccd_enroll_2006": 410.0, "ccd_enroll_2007": 400.0, "ccd_enroll_2008": 402.0, "ccd_enroll_2009": 399.0, "ccd_enroll_2010": 390.0, "ccd_enroll_2011": 393.0, "ccd_enroll_2012": 388.0, "ccd_enroll_2013": 389.0, "ccd_enroll_2014": 370.0, "ccd_enroll_2015": 389.0, "ccd_enroll_2016": 398.0, "ccd_enroll_2017": 412.0, "ccd_enroll_2018": 382.0, "ccd_enroll_2019": 417.0, "ccd_enroll_2020": 457.0, "ccd_enroll_2021": 490.0, "ccd_enroll_2022": 475.0, "ccd_enroll_2023": 453.0, "longitude": -114.241647, "latitude": 47.021559}, "geometry": {"type": "Point", "coordinates": [239953.32859999686, 318874.1229000017]}}, {"type": "Feature", "properties": {"SCHOOL_NAME": "Plains High School", "ncessch": "302085000623", "OPI_SC": "1046", "CITY": "Plains", "COUNTY": "Sanders", "DISTRICT_NAME": "PLAINS K-12", "LE_NUMBER": 803, "DIST_TYPE": "Unified", "pct_change_20yr": -26.519337016574585, "pct_change_10yr": -6.338028169014084, "pct_change_5yr": 0.7575757575757576, "ccd_enroll_2003": 181.0, "ccd_enroll_2004": 188.0, "ccd_enroll_2005": 182.0, "ccd_enroll_2006": 178.0, "ccd_enroll_2007": 167.0, "ccd_enroll_2008": 153.0, "ccd_enroll_2009": 149.0, "ccd_enroll_2010": 155.0, "ccd_enroll_2011": 162.0, "ccd_enroll_2012": 149.0, "ccd_enroll_2013": 142.0, "ccd_enroll_2014": 143.0, "ccd_enroll_2015": 133.0, "ccd_enroll_2016": 113.0, "ccd_enroll_2017": 117.0, "ccd_enroll_2018": 132.0, "ccd_enroll_2019": 149.0, "ccd_enroll_2020": 150.0, "ccd_enroll_2021": 143.0, "ccd_enroll_2022": 138.0, "ccd_enroll_2023": 133.0, "longitude": -114.885193, "latitude": 47.46528}, "geometry": {"type": "Point", "coordinates": [194546.47029999644, 371217.8449999988]}}, {"type": "Feature", "properties": {"SCHOOL_NAME": "Hamilton High School", "ncessch": "301326000389", "OPI_SC": "1084", "CITY": "Hamilton", "COUNTY": "Ravalli", "DISTRICT_NAME": "HAMILTON K-12 SCHOOLS", "LE_NUMBER": 735, "DIST_TYPE": "Unified", "pct_change_20yr": -6.25, "pct_change_10yr": 8.3984375, "pct_change_5yr": 12.121212121212121, "ccd_enroll_2003": 592.0, "ccd_enroll_2004": 557.0, "ccd_enroll_2005": 582.0, "ccd_enroll_2006": 558.0, "ccd_enroll_2007": 576.0, "ccd_enroll_2008": 563.0, "ccd_enroll_2009": 534.0, "ccd_enroll_2010": 533.0, "ccd_enroll_2011": 564.0, "ccd_enroll_2012": 533.0, "ccd_enroll_2013": 512.0, "ccd_enroll_2014": 528.0, "ccd_enroll_2015": 505.0, "ccd_enroll_2016": 497.0, "ccd_enroll_2017": 486.0, "ccd_enroll_2018": 495.0, "ccd_enroll_2019": 474.0, "ccd_enroll_2020": 505.0, "ccd_enroll_2021": 543.0, "ccd_enroll_2022": 558.0, "ccd_enroll_2023": 555.0, "longitude": -114.141478, "latitude": 46.254056}, "geometry": {"type": "Point", "coordinates": [242500.52870000154, 233299.06830000132]}}, {"type": "Feature", "properties": {"SCHOOL_NAME": "Denton High School", "ncessch": "300885000252", "OPI_SC": "0381", "CITY": "Denton", "COUNTY": "Fergus", "DISTRICT_NAME": "DENTON HIGH SCHOOL", "LE_NUMBER": 282, "DIST_TYPE": "Secondary", "pct_change_20yr": -82.75862068965517, "pct_change_10yr": -69.6969696969697, "pct_change_5yr": -41.17647058823529, "ccd_enroll_2003": 58.0, "ccd_enroll_2004": 53.0, "ccd_enroll_2005": 48.0, "ccd_enroll_2006": 45.0, "ccd_enroll_2007": 42.0, "ccd_enroll_2008": 35.0, "ccd_enroll_2009": 40.0, "ccd_enroll_2010": 36.0, "ccd_enroll_2011": 37.0, "ccd_enroll_2012": 36.0, "ccd_enroll_2013": 33.0, "ccd_enroll_2014": 38.0, "ccd_enroll_2015": 32.0, "ccd_enroll_2016": 24.0, "ccd_enroll_2017": 19.0, "ccd_enroll_2018": 17.0, "ccd_enroll_2019": 15.0, "ccd_enroll_2020": 7.0, "ccd_enroll_2021": 7.0, "ccd_enroll_2022": 10.0, "ccd_enroll_2023": 10.0, "longitude": -109.94018, "latitude": 47.316743}, "geometry": {"type": "Point", "coordinates": [566739.940899998, 340863.17599999905]}}, {"type": "Feature", "properties": {"SCHOOL_NAME": "Harrison High School", "ncessch": "301353000404", "OPI_SC": "0727", "CITY": "Harrison", "COUNTY": "Madison", "DISTRICT_NAME": "HARRISON K-12 SCHOOLS", "LE_NUMBER": 543, "DIST_TYPE": "Unified", "pct_change_20yr": -47.16981132075472, "pct_change_10yr": -28.205128205128204, "pct_change_5yr": -6.666666666666667, "ccd_enroll_2003": 53.0, "ccd_enroll_2004": 48.0, "ccd_enroll_2005": 45.0, "ccd_enroll_2006": 44.0, "ccd_enroll_2007": 42.0, "ccd_enroll_2008": 42.0, "ccd_enroll_2009": 38.0, "ccd_enroll_2010": 42.0, "ccd_enroll_2011": 46.0, "ccd_enroll_2012": 43.0, "ccd_enroll_2013": 39.0, "ccd_enroll_2014": 30.0, "ccd_enroll_2015": 27.0, "ccd_enroll_2016": 22.0, "ccd_enroll_2017": 30.0, "ccd_enroll_2018": 30.0, "ccd_enroll_2019": 26.0, "ccd_enroll_2020": 36.0, "ccd_enroll_2021": 28.0, "ccd_enroll_2022": 27.0, "ccd_enroll_2023": 28.0, "longitude": -111.785076, "latitude": 45.699277}, "geometry": {"type": "Point", "coordinates": [422121.11630000174, 163661.5276999995]}}, {"type": "Feature", "properties": {"SCHOOL_NAME": "Great Falls High School", "ncessch": "301305000380", "OPI_SC": "0134", "CITY": "Great Falls", "COUNTY": "Cascade", "DISTRICT_NAME": "GREAT FALLS HIGH SCHOOL", "LE_NUMBER": 99, "DIST_TYPE": "Secondary", "pct_change_20yr": -13.934863854778431, "pct_change_10yr": 6.472919418758257, "pct_change_5yr": 8.992562542258282, "ccd_enroll_2003": 1873.0, "ccd_enroll_2004": 1959.0, "ccd_enroll_2005": 1937.0, "ccd_enroll_2006": 1921.0, "ccd_enroll_2007": 1793.0, "ccd_enroll_2008": 1759.0, "ccd_enroll_2009": 1769.0, "ccd_enroll_2010": 1624.0, "ccd_enroll_2011": 1566.0, "ccd_enroll_2012": 1485.0, "ccd_enroll_2013": 1514.0, "ccd_enroll_2014": 1484.0, "ccd_enroll_2015": 1480.0, "ccd_enroll_2016": 1460.0, "ccd_enroll_2017": 1444.0, "ccd_enroll_2018": 1479.0, "ccd_enroll_2019": 1530.0, "ccd_enroll_2020": 1555.0, "ccd_enroll_2021": 1640.0, "ccd_enroll_2022": 1641.0, "ccd_enroll_2023": 1612.0, "longitude": -111.273618, "latitude": 47.501792}, "geometry": {"type": "Point", "coordinates": [466461.55680000037, 362843.2514999993]}}, {"type": "Feature", "properties": {"SCHOOL_NAME": "Poplar High School", "ncessch": "302127000638", "OPI_SC": "1016", "CITY": "Poplar", "COUNTY": "Roosevelt", "DISTRICT_NAME": "POPLAR HIGH SCHOOL", "LE_NUMBER": 776, "DIST_TYPE": "Secondary", "pct_change_20yr": 7.5098814229249005, "pct_change_10yr": 27.699530516431924, "pct_change_5yr": 19.823788546255507, "ccd_enroll_2003": 253.0, "ccd_enroll_2004": 232.0, "ccd_enroll_2005": 236.0, "ccd_enroll_2006": 215.0, "ccd_enroll_2007": 213.0, "ccd_enroll_2008": 204.0, "ccd_enroll_2009": 216.0, "ccd_enroll_2010": 210.0, "ccd_enroll_2011": 198.0, "ccd_enroll_2012": 220.0, "ccd_enroll_2013": 213.0, "ccd_enroll_2014": 202.0, "ccd_enroll_2015": 204.0, "ccd_enroll_2016": 221.0, "ccd_enroll_2017": 223.0, "ccd_enroll_2018": 227.0, "ccd_enroll_2019": 248.0, "ccd_enroll_2020": 252.0, "ccd_enroll_2021": 243.0, "ccd_enroll_2022": 276.0, "ccd_enroll_2023": 272.0, "longitude": -105.204451, "latitude": 48.112289}, "geometry": {"type": "Point", "coordinates": [919565.2452000007, 437940.9829999991]}}, {"type": "Feature", "properties": {"SCHOOL_NAME": "Baker High School", "ncessch": "300273000035", "OPI_SC": "0335", "CITY": "Baker", "COUNTY": "Fallon", "DISTRICT_NAME": "BAKER K-12 SCHOOLS", "LE_NUMBER": 244, "DIST_TYPE": "Unified", "pct_change_20yr": -28.235294117647058, "pct_change_10yr": -7.575757575757576, "pct_change_5yr": -3.937007874015748, "ccd_enroll_2003": 170.0, "ccd_enroll_2004": 144.0, "ccd_enroll_2005": 149.0, "ccd_enroll_2006": 139.0, "ccd_enroll_2007": 127.0, "ccd_enroll_2008": 139.0, "ccd_enroll_2009": 119.0, "ccd_enroll_2010": 118.0, "ccd_enroll_2011": 125.0, "ccd_enroll_2012": 117.0, "ccd_enroll_2013": 132.0, "ccd_enroll_2014": 150.0, "ccd_enroll_2015": 148.0, "ccd_enroll_2016": 155.0, "ccd_enroll_2017": 133.0, "ccd_enroll_2018": 127.0, "ccd_enroll_2019": 129.0, "ccd_enroll_2020": 130.0, "ccd_enroll_2021": 132.0, "ccd_enroll_2022": 128.0, "ccd_enroll_2023": 122.0, "longitude": -104.280813, "latitude": 46.356558}, "geometry": {"type": "Point", "coordinates": [1001175.8113999963, 247462.33399999887]}}, {"type": "Feature", "properties": {"SCHOOL_NAME": "Powder River Co Dist High", "ncessch": "300486000119", "OPI_SC": "0931", "CITY": "Broadus", "COUNTY": "Powder River", "DISTRICT_NAME": "POWDER RIVER COUNTY DISTRICT HIGH SCHOOL", "LE_NUMBER": 706, "DIST_TYPE": "Secondary", "pct_change_20yr": -54.01459854014598, "pct_change_10yr": -43.24324324324324, "pct_change_5yr": -1.5625, "ccd_enroll_2003": 137.0, "ccd_enroll_2004": 143.0, "ccd_enroll_2005": 135.0, "ccd_enroll_2006": 128.0, "ccd_enroll_2007": 139.0, "ccd_enroll_2008": 120.0, "ccd_enroll_2009": 122.0, "ccd_enroll_2010": 128.0, "ccd_enroll_2011": 112.0, "ccd_enroll_2012": 109.0, "ccd_enroll_2013": 111.0, "ccd_enroll_2014": 101.0, "ccd_enroll_2015": 98.0, "ccd_enroll_2016": 86.0, "ccd_enroll_2017": 69.0, "ccd_enroll_2018": 64.0, "ccd_enroll_2019": 61.0, "ccd_enroll_2020": 69.0, "ccd_enroll_2021": 78.0, "ccd_enroll_2022": 74.0, "ccd_enroll_2023": 63.0, "longitude": -105.404421, "latitude": 45.447034}, "geometry": {"type": "Point", "coordinates": [920180.0020999983, 141412.67489999905]}}, {"type": "Feature", "properties": {"SCHOOL_NAME": "Helena High School", "ncessch": "301383000430", "OPI_SC": "0661", "CITY": "Helena", "COUNTY": "Lewis and Clark", "DISTRICT_NAME": "HELENA HIGH SCHOOL", "LE_NUMBER": 488, "DIST_TYPE": "Secondary", "pct_change_20yr": -35.220500595947556, "pct_change_10yr": -32.358431860609834, "pct_change_5yr": -29.323797139141742, "ccd_enroll_2003": 1678.0, "ccd_enroll_2004": 1615.0, "ccd_enroll_2005": 1623.0, "ccd_enroll_2006": 1630.0, "ccd_enroll_2007": 1607.0, "ccd_enroll_2008": 1569.0, "ccd_enroll_2009": 1642.0, "ccd_enroll_2010": 1655.0, "ccd_enroll_2011": 1603.0, "ccd_enroll_2012": 1623.0, "ccd_enroll_2013": 1607.0, "ccd_enroll_2014": 1582.0, "ccd_enroll_2015": 1622.0, "ccd_enroll_2016": 1574.0, "ccd_enroll_2017": 1523.0, "ccd_enroll_2018": 1538.0, "ccd_enroll_2019": 1340.0, "ccd_enroll_2020": 1254.0, "ccd_enroll_2021": 1128.0, "ccd_enroll_2022": 1087.0, "ccd_enroll_2023": 1087.0, "longitude": -112.018955, "latitude": 46.595067}, "geometry": {"type": "Point", "coordinates": [407121.16600000113, 263690.9219000004]}}, {"type": "Feature", "properties": {"SCHOOL_NAME": "Reed Point High School", "ncessch": "302226000657", "OPI_SC": "1114", "CITY": "Reedpoint", "COUNTY": "Stillwater", "DISTRICT_NAME": "REED POINT HIGH SCHOOL", "LE_NUMBER": 851, "DIST_TYPE": "Secondary", "pct_change_20yr": -55.55555555555556, "pct_change_10yr": -38.46153846153847, "pct_change_5yr": -11.11111111111111, "ccd_enroll_2003": 36.0, "ccd_enroll_2004": 25.0, "ccd_enroll_2005": 25.0, "ccd_enroll_2006": 24.0, "ccd_enroll_2007": 22.0, "ccd_enroll_2008": 26.0, "ccd_enroll_2009": 32.0, "ccd_enroll_2010": 34.0, "ccd_enroll_2011": 30.0, "ccd_enroll_2012": 28.0, "ccd_enroll_2013": 26.0, "ccd_enroll_2014": 27.0, "ccd_enroll_2015": 22.0, "ccd_enroll_2016": 23.0, "ccd_enroll_2017": 21.0, "ccd_enroll_2018": 18.0, "ccd_enroll_2019": 18.0, "ccd_enroll_2020": 24.0, "ccd_enroll_2021": 21.0, "ccd_enroll_2022": 19.0, "ccd_enroll_2023": 16.0, "longitude": -109.548076, "latitude": 45.705836}, "geometry": {"type": "Point", "coordinates": [596257.483599998, 161796.55999999866]}}, {"type": "Feature", "properties": {"SCHOOL_NAME": "Thompson Falls High Schl", "ncessch": "302610000738", "OPI_SC": "1048", "CITY": "Thompson Falls", "COUNTY": "Sanders", "DISTRICT_NAME": "THOMPSON FALLS HIGH SCHOOL", "LE_NUMBER": 805, "DIST_TYPE": "Secondary", "pct_change_20yr": -41.45569620253164, "pct_change_10yr": 6.321839080459771, "pct_change_5yr": 16.352201257861633, "ccd_enroll_2003": 316.0, "ccd_enroll_2004": 357.0, "ccd_enroll_2005": 257.0, "ccd_enroll_2006": 246.0, "ccd_enroll_2007": 215.0, "ccd_enroll_2008": 213.0, "ccd_enroll_2009": 199.0, "ccd_enroll_2010": 187.0, "ccd_enroll_2011": 188.0, "ccd_enroll_2012": 180.0, "ccd_enroll_2013": 174.0, "ccd_enroll_2014": 171.0, "ccd_enroll_2015": 173.0, "ccd_enroll_2016": 164.0, "ccd_enroll_2017": 176.0, "ccd_enroll_2018": 159.0, "ccd_enroll_2019": 156.0, "ccd_enroll_2020": 188.0, "ccd_enroll_2021": 209.0, "ccd_enroll_2022": 201.0, "ccd_enroll_2023": 185.0, "longitude": -115.322223, "latitude": 47.595239}, "geometry": {"type": "Point", "coordinates": [162773.07329999655, 387972.7305999994]}}, {"type": "Feature", "properties": {"SCHOOL_NAME": "Medicine Lake High School", "ncessch": "301817000552", "OPI_SC": "1065", "CITY": "Medicine Lake", "COUNTY": "Sheridan", "DISTRICT_NAME": "MEDICINE LAKE K-12 SCHOOLS", "LE_NUMBER": 822, "DIST_TYPE": "Unified", "pct_change_20yr": -47.61904761904761, "pct_change_10yr": -38.88888888888889, "pct_change_5yr": -18.51851851851852, "ccd_enroll_2003": 42.0, "ccd_enroll_2004": 41.0, "ccd_enroll_2005": 36.0, "ccd_enroll_2006": 25.0, "ccd_enroll_2007": 26.0, "ccd_enroll_2008": 28.0, "ccd_enroll_2009": 31.0, "ccd_enroll_2010": 34.0, "ccd_enroll_2011": 39.0, "ccd_enroll_2012": 38.0, "ccd_enroll_2013": 36.0, "ccd_enroll_2014": 31.0, "ccd_enroll_2015": 25.0, "ccd_enroll_2016": 24.0, "ccd_enroll_2017": 21.0, "ccd_enroll_2018": 27.0, "ccd_enroll_2019": 24.0, "ccd_enroll_2020": 23.0, "ccd_enroll_2021": 30.0, "ccd_enroll_2022": 24.0, "ccd_enroll_2023": 22.0, "longitude": -104.501957, "latitude": 48.503533}, "geometry": {"type": "Point", "coordinates": [968987.6933000013, 484442.41690000147]}}, {"type": "Feature", "properties": {"SCHOOL_NAME": "Brockton High School", "ncessch": "300504000125", "OPI_SC": "1026", "CITY": "Brockton", "COUNTY": "Roosevelt", "DISTRICT_NAME": "BROCKTON HIGH SCHOOL", "LE_NUMBER": 783, "DIST_TYPE": "Secondary", "pct_change_20yr": -15.151515151515152, "pct_change_10yr": 180.0, "pct_change_5yr": 60.0, "ccd_enroll_2003": 66.0, "ccd_enroll_2004": 59.0, "ccd_enroll_2005": 58.0, "ccd_enroll_2006": 61.0, "ccd_enroll_2007": 53.0, "ccd_enroll_2008": 50.0, "ccd_enroll_2009": 31.0, "ccd_enroll_2010": 34.0, "ccd_enroll_2011": 19.0, "ccd_enroll_2012": 18.0, "ccd_enroll_2013": 20.0, "ccd_enroll_2014": 31.0, "ccd_enroll_2015": 39.0, "ccd_enroll_2016": 51.0, "ccd_enroll_2017": 30.0, "ccd_enroll_2018": 35.0, "ccd_enroll_2019": 28.0, "ccd_enroll_2020": 37.0, "ccd_enroll_2021": 43.0, "ccd_enroll_2022": 52.0, "ccd_enroll_2023": 56.0, "longitude": -104.914693, "latitude": 48.151964}, "geometry": {"type": "Point", "coordinates": [940839.7829999998, 443565.17980000004]}}, {"type": "Feature", "properties": {"SCHOOL_NAME": "Custer Co District High", "ncessch": "300793000226", "OPI_SC": "0266", "CITY": "Miles City", "COUNTY": "Custer", "DISTRICT_NAME": "CUSTER COUNTY HIGH SCHOOL", "LE_NUMBER": 192, "DIST_TYPE": "Secondary", "pct_change_20yr": -15.3184165232358, "pct_change_10yr": -2.380952380952381, "pct_change_5yr": -1.6, "ccd_enroll_2003": 581.0, "ccd_enroll_2004": 584.0, "ccd_enroll_2005": 595.0, "ccd_enroll_2006": 588.0, "ccd_enroll_2007": 622.0, "ccd_enroll_2008": 611.0, "ccd_enroll_2009": 559.0, "ccd_enroll_2010": 547.0, "ccd_enroll_2011": 494.0, "ccd_enroll_2012": 474.0, "ccd_enroll_2013": 504.0, "ccd_enroll_2014": 546.0, "ccd_enroll_2015": 556.0, "ccd_enroll_2016": 537.0, "ccd_enroll_2017": 529.0, "ccd_enroll_2018": 500.0, "ccd_enroll_2019": 510.0, "ccd_enroll_2020": 495.0, "ccd_enroll_2021": 508.0, "ccd_enroll_2022": 495.0, "ccd_enroll_2023": 492.0, "longitude": -105.839751, "latitude": 46.407061}, "geometry": {"type": "Point", "coordinates": [881190.8638999984, 246273.40850000083]}}, {"type": "Feature", "properties": {"SCHOOL_NAME": "Roundup H S", "ncessch": "302307000675", "OPI_SC": "0811", "CITY": "Roundup", "COUNTY": "Musselshell", "DISTRICT_NAME": "ROUNDUP HIGH SCHOOL", "LE_NUMBER": 606, "DIST_TYPE": "Secondary", "pct_change_20yr": -7.065217391304348, "pct_change_10yr": -11.855670103092782, "pct_change_5yr": 3.0120481927710845, "ccd_enroll_2003": 184.0, "ccd_enroll_2004": 171.0, "ccd_enroll_2005": 174.0, "ccd_enroll_2006": 184.0, "ccd_enroll_2007": 197.0, "ccd_enroll_2008": 198.0, "ccd_enroll_2009": 187.0, "ccd_enroll_2010": 181.0, "ccd_enroll_2011": 177.0, "ccd_enroll_2012": 182.0, "ccd_enroll_2013": 194.0, "ccd_enroll_2014": 204.0, "ccd_enroll_2015": 171.0, "ccd_enroll_2016": 178.0, "ccd_enroll_2017": 166.0, "ccd_enroll_2018": 166.0, "ccd_enroll_2019": 179.0, "ccd_enroll_2020": 166.0, "ccd_enroll_2021": 174.0, "ccd_enroll_2022": 172.0, "ccd_enroll_2023": 171.0, "longitude": -108.549577, "latitude": 46.447246}, "geometry": {"type": "Point", "coordinates": [672984.8207999989, 244609.37889999896]}}, {"type": "Feature", "properties": {"SCHOOL_NAME": "Roy High School", "ncessch": "302316000677", "OPI_SC": "0379", "CITY": "Roy", "COUNTY": "Fergus", "DISTRICT_NAME": "ROY K-12 SCHOOLS", "LE_NUMBER": 280, "DIST_TYPE": "Unified", "pct_change_20yr": -71.875, "pct_change_10yr": -35.714285714285715, "pct_change_5yr": -40.0, "ccd_enroll_2003": 32.0, "ccd_enroll_2004": 24.0, "ccd_enroll_2005": 24.0, "ccd_enroll_2006": 26.0, "ccd_enroll_2007": 30.0, "ccd_enroll_2008": 27.0, "ccd_enroll_2009": 21.0, "ccd_enroll_2010": 17.0, "ccd_enroll_2011": 12.0, "ccd_enroll_2012": 17.0, "ccd_enroll_2013": 14.0, "ccd_enroll_2014": 15.0, "ccd_enroll_2015": 16.0, "ccd_enroll_2016": 11.0, "ccd_enroll_2017": 14.0, "ccd_enroll_2018": 15.0, "ccd_enroll_2019": 12.0, "ccd_enroll_2020": 10.0, "ccd_enroll_2021": 10.0, "ccd_enroll_2022": 6.0, "ccd_enroll_2023": 9.0, "longitude": -108.95529, "latitude": 47.330925}, "geometry": {"type": "Point", "coordinates": [641147.2343000025, 342488.5844999999]}}, {"type": "Feature", "properties": {"SCHOOL_NAME": "Judith Gap High School", "ncessch": "301539000469", "OPI_SC": "1233", "CITY": "Judith Gap", "COUNTY": "Wheatland", "DISTRICT_NAME": "JUDITH GAP HIGH SCHOOL", "LE_NUMBER": 949, "DIST_TYPE": "Secondary", "pct_change_20yr": -85.71428571428571, "pct_change_10yr": 0.0, "pct_change_5yr": 0.0, "ccd_enroll_2003": 42.0, "ccd_enroll_2004": 36.0, "ccd_enroll_2005": 26.0, "ccd_enroll_2006": 29.0, "ccd_enroll_2007": 14.0, "ccd_enroll_2008": 13.0, "ccd_enroll_2009": 19.0, "ccd_enroll_2010": 17.0, "ccd_enroll_2011": 10.0, "ccd_enroll_2012": 7.0, "ccd_enroll_2013": 6.0, "ccd_enroll_2014": 4.0, "ccd_enroll_2015": 6.0, "ccd_enroll_2016": 11.0, "ccd_enroll_2017": 13.0, "ccd_enroll_2018": 6.0, "ccd_enroll_2019": 5.0, "ccd_enroll_2020": 7.0, "ccd_enroll_2021": 5.0, "ccd_enroll_2022": 3.0, "ccd_enroll_2023": 6.0, "longitude": -109.753141, "latitude": 46.679469}, "geometry": {"type": "Point", "coordinates": [580643.7653999999, 269997.4411999993]}}, {"type": "Feature", "properties": {"SCHOOL_NAME": "Broadwater High School", "ncessch": "300498000123", "OPI_SC": "0081", "CITY": "Townsend", "COUNTY": "Broadwater", "DISTRICT_NAME": "TOWNSEND K-12 SCHOOLS", "LE_NUMBER": 55, "DIST_TYPE": "Unified", "pct_change_20yr": -21.888412017167383, "pct_change_10yr": -9.900990099009901, "pct_change_5yr": -11.650485436893204, "ccd_enroll_2003": 233.0, "ccd_enroll_2004": 232.0, "ccd_enroll_2005": 220.0, "ccd_enroll_2006": 220.0, "ccd_enroll_2007": 234.0, "ccd_enroll_2008": 246.0, "ccd_enroll_2009": 247.0, "ccd_enroll_2010": 249.0, "ccd_enroll_2011": 224.0, "ccd_enroll_2012": 209.0, "ccd_enroll_2013": 202.0, "ccd_enroll_2014": 203.0, "ccd_enroll_2015": 199.0, "ccd_enroll_2016": 208.0, "ccd_enroll_2017": 227.0, "ccd_enroll_2018": 206.0, "ccd_enroll_2019": 212.0, "ccd_enroll_2020": 194.0, "ccd_enroll_2021": 193.0, "ccd_enroll_2022": 185.0, "ccd_enroll_2023": 182.0, "longitude": -111.519017, "latitude": 46.322024}, "geometry": {"type": "Point", "coordinates": [444610.5393999964, 232257.48099999875]}}, {"type": "Feature", "properties": {"SCHOOL_NAME": "Fromberg High School", "ncessch": "301165000317", "OPI_SC": "0099", "CITY": "Fromberg", "COUNTY": "Carbon", "DISTRICT_NAME": "FROMBERG K-12 SCHOOLS", "LE_NUMBER": 72, "DIST_TYPE": "Unified", "pct_change_20yr": -57.407407407407405, "pct_change_10yr": -46.51162790697674, "pct_change_5yr": -45.23809523809524, "ccd_enroll_2003": 54.0, "ccd_enroll_2004": 53.0, "ccd_enroll_2005": 43.0, "ccd_enroll_2006": 57.0, "ccd_enroll_2007": 44.0, "ccd_enroll_2008": 44.0, "ccd_enroll_2009": 47.0, "ccd_enroll_2010": 44.0, "ccd_enroll_2011": 37.0, "ccd_enroll_2012": 33.0, "ccd_enroll_2013": 43.0, "ccd_enroll_2014": 40.0, "ccd_enroll_2015": 39.0, "ccd_enroll_2016": 39.0, "ccd_enroll_2017": 33.0, "ccd_enroll_2018": 42.0, "ccd_enroll_2019": 47.0, "ccd_enroll_2020": 38.0, "ccd_enroll_2021": 41.0, "ccd_enroll_2022": 33.0, "ccd_enroll_2023": 23.0, "longitude": -108.91206, "latitude": 45.393154}, "geometry": {"type": "Point", "coordinates": [646028.8040999994, 127225.74179999903]}}, {"type": "Feature", "properties": {"SCHOOL_NAME": "Sidney High School", "ncessch": "302423000702", "OPI_SC": "0981", "CITY": "Sidney", "COUNTY": "Richland", "DISTRICT_NAME": "SIDNEY HIGH SCHOOL", "LE_NUMBER": 746, "DIST_TYPE": "Secondary", "pct_change_20yr": -15.246636771300448, "pct_change_10yr": -4.785894206549118, "pct_change_5yr": -2.3255813953488373, "ccd_enroll_2003": 446.0, "ccd_enroll_2004": 469.0, "ccd_enroll_2005": 417.0, "ccd_enroll_2006": 429.0, "ccd_enroll_2007": 421.0, "ccd_enroll_2008": 406.0, "ccd_enroll_2009": 389.0, "ccd_enroll_2010": 365.0, "ccd_enroll_2011": 371.0, "ccd_enroll_2012": 402.0, "ccd_enroll_2013": 397.0, "ccd_enroll_2014": 402.0, "ccd_enroll_2015": 417.0, "ccd_enroll_2016": 364.0, "ccd_enroll_2017": 387.0, "ccd_enroll_2018": 387.0, "ccd_enroll_2019": 403.0, "ccd_enroll_2020": 408.0, "ccd_enroll_2021": 388.0, "ccd_enroll_2022": 387.0, "ccd_enroll_2023": 378.0, "longitude": -104.156639, "latitude": 47.705026}, "geometry": {"type": "Point", "coordinates": [1000492.8769999966, 397580.8872999996]}}, {"type": "Feature", "properties": {"SCHOOL_NAME": "Rosebud High School", "ncessch": "302292000672", "OPI_SC": "1038", "CITY": "Rosebud", "COUNTY": "Rosebud", "DISTRICT_NAME": "ROSEBUD K-12 SCHOOLS", "LE_NUMBER": 795, "DIST_TYPE": "Unified", "pct_change_20yr": -65.71428571428571, "pct_change_10yr": -66.66666666666666, "pct_change_5yr": -20.0, "ccd_enroll_2003": 35.0, "ccd_enroll_2004": 30.0, "ccd_enroll_2005": 27.0, "ccd_enroll_2006": 31.0, "ccd_enroll_2007": 36.0, "ccd_enroll_2008": 40.0, "ccd_enroll_2009": 44.0, "ccd_enroll_2010": 35.0, "ccd_enroll_2011": 39.0, "ccd_enroll_2012": 38.0, "ccd_enroll_2013": 36.0, "ccd_enroll_2014": 31.0, "ccd_enroll_2015": 13.0, "ccd_enroll_2016": 17.0, "ccd_enroll_2017": 13.0, "ccd_enroll_2018": 15.0, "ccd_enroll_2019": 18.0, "ccd_enroll_2020": 15.0, "ccd_enroll_2021": 10.0, "ccd_enroll_2022": 10.0, "ccd_enroll_2023": 12.0, "longitude": -106.44174, "latitude": 46.275506}, "geometry": {"type": "Point", "coordinates": [835540.6942000017, 229685.59340000153]}}, {"type": "Feature", "properties": {"SCHOOL_NAME": "Bigfork High School", "ncessch": "300384000058", "OPI_SC": "0443", "CITY": "Bigfork", "COUNTY": "Flathead", "DISTRICT_NAME": "BIGFORK HIGH SCHOOL", "LE_NUMBER": 331, "DIST_TYPE": "Secondary", "pct_change_20yr": -6.133333333333333, "pct_change_10yr": 25.71428571428571, "pct_change_5yr": 11.041009463722396, "ccd_enroll_2003": 375.0, "ccd_enroll_2004": 366.0, "ccd_enroll_2005": 375.0, "ccd_enroll_2006": 367.0, "ccd_enroll_2007": 335.0, "ccd_enroll_2008": 310.0, "ccd_enroll_2009": 287.0, "ccd_enroll_2010": 257.0, "ccd_enroll_2011": 259.0, "ccd_enroll_2012": 267.0, "ccd_enroll_2013": 280.0, "ccd_enroll_2014": 290.0, "ccd_enroll_2015": 282.0, "ccd_enroll_2016": 299.0, "ccd_enroll_2017": 311.0, "ccd_enroll_2018": 317.0, "ccd_enroll_2019": 339.0, "ccd_enroll_2020": 315.0, "ccd_enroll_2021": 343.0, "ccd_enroll_2022": 354.0, "ccd_enroll_2023": 352.0, "longitude": -114.079294, "latitude": 48.064726}, "geometry": {"type": "Point", "coordinates": [259040.13539999723, 433859.54520000145]}}, {"type": "Feature", "properties": {"SCHOOL_NAME": "Lambert High School", "ncessch": "301602000493", "OPI_SC": "1006", "CITY": "Lambert", "COUNTY": "Richland", "DISTRICT_NAME": "LAMBERT HIGH SCHOOL", "LE_NUMBER": 769, "DIST_TYPE": "Secondary", "pct_change_20yr": 21.21212121212121, "pct_change_10yr": 0.0, "pct_change_5yr": 25.0, "ccd_enroll_2003": 33.0, "ccd_enroll_2004": 36.0, "ccd_enroll_2005": 37.0, "ccd_enroll_2006": 29.0, "ccd_enroll_2007": 30.0, "ccd_enroll_2008": 29.0, "ccd_enroll_2009": 28.0, "ccd_enroll_2010": 31.0, "ccd_enroll_2011": 33.0, "ccd_enroll_2012": 39.0, "ccd_enroll_2013": 40.0, "ccd_enroll_2014": 45.0, "ccd_enroll_2015": 45.0, "ccd_enroll_2016": 42.0, "ccd_enroll_2017": 36.0, "ccd_enroll_2018": 32.0, "ccd_enroll_2019": 34.0, "ccd_enroll_2020": 26.0, "ccd_enroll_2021": 38.0, "ccd_enroll_2022": 43.0, "ccd_enroll_2023": 40.0, "longitude": -104.622383, "latitude": 47.685106}, "geometry": {"type": "Point", "coordinates": [965769.7606000006, 393093.8238000013]}}]}